-0.500 -0.500 -0.500
-0.500 -0.500 -0.463
-0.500 -0.500 -0.426
-0.500 -0.500 -0.389
-0.500 -0.500 -0.352
-0.500 -0.500 -0.315
-0.500 -0.500 -0.278
-0.500 -0.500 -0.241
-0.500 -0.500 -0.204
-0.500 -0.500 -0.167
-0.500 -0.500 -0.130
-0.500 -0.500 -0.093
-0.500 -0.500 -0.056
-0.500 -0.500 -0.019
-0.500 -0.500 0.018
-0.500 -0.500 0.055
-0.500 -0.500 0.092
-0.500 -0.500 0.129
-0.500 -0.500 0.166
-0.500 -0.500 0.203
-0.500 -0.500 0.240
-0.500 -0.500 0.277
-0.500 -0.500 0.314
-0.500 -0.500 0.351
-0.500 -0.500 0.388
-0.500 -0.500 0.425
-0.500 -0.500 0.462
-0.500 -0.500 0.499
-0.500 -0.463 -0.500
-0.500 -0.463 -0.463
-0.500 -0.463 -0.426
-0.500 -0.463 -0.389
-0.500 -0.463 -0.352
-0.500 -0.463 -0.315
-0.500 -0.463 -0.278
-0.500 -0.463 -0.241
-0.500 -0.463 -0.204
-0.500 -0.463 -0.167
-0.500 -0.463 -0.130
-0.500 -0.463 -0.093
-0.500 -0.463 -0.056
-0.500 -0.463 -0.019
-0.500 -0.463 0.018
-0.500 -0.463 0.055
-0.500 -0.463 0.092
-0.500 -0.463 0.129
-0.500 -0.463 0.166
-0.500 -0.463 0.203
-0.500 -0.463 0.240
-0.500 -0.463 0.277
-0.500 -0.463 0.314
-0.500 -0.463 0.351
-0.500 -0.463 0.388
-0.500 -0.463 0.425
-0.500 -0.463 0.462
-0.500 -0.463 0.499
-0.500 -0.426 -0.500
-0.500 -0.426 -0.463
-0.500 -0.426 -0.426
-0.500 -0.426 -0.389
-0.500 -0.426 -0.352
-0.500 -0.426 -0.315
-0.500 -0.426 -0.278
-0.500 -0.426 -0.241
-0.500 -0.426 -0.204
-0.500 -0.426 -0.167
-0.500 -0.426 -0.130
-0.500 -0.426 -0.093
-0.500 -0.426 -0.056
-0.500 -0.426 -0.019
-0.500 -0.426 0.018
-0.500 -0.426 0.055
-0.500 -0.426 0.092
-0.500 -0.426 0.129
-0.500 -0.426 0.166
-0.500 -0.426 0.203
-0.500 -0.426 0.240
-0.500 -0.426 0.277
-0.500 -0.426 0.314
-0.500 -0.426 0.351
-0.500 -0.426 0.388
-0.500 -0.426 0.425
-0.500 -0.426 0.462
-0.500 -0.426 0.499
-0.500 -0.389 -0.500
-0.500 -0.389 -0.463
-0.500 -0.389 -0.426
-0.500 -0.389 -0.389
-0.500 -0.389 -0.352
-0.500 -0.389 -0.315
-0.500 -0.389 -0.278
-0.500 -0.389 -0.241
-0.500 -0.389 -0.204
-0.500 -0.389 -0.167
-0.500 -0.389 -0.130
-0.500 -0.389 -0.093
-0.500 -0.389 -0.056
-0.500 -0.389 -0.019
-0.500 -0.389 0.018
-0.500 -0.389 0.055
-0.500 -0.389 0.092
-0.500 -0.389 0.129
-0.500 -0.389 0.166
-0.500 -0.389 0.203
-0.500 -0.389 0.240
-0.500 -0.389 0.277
-0.500 -0.389 0.314
-0.500 -0.389 0.351
-0.500 -0.389 0.388
-0.500 -0.389 0.425
-0.500 -0.389 0.462
-0.500 -0.389 0.499
-0.500 -0.352 -0.500
-0.500 -0.352 -0.463
-0.500 -0.352 -0.426
-0.500 -0.352 -0.389
-0.500 -0.352 -0.352
-0.500 -0.352 -0.315
-0.500 -0.352 -0.278
-0.500 -0.352 -0.241
-0.500 -0.352 -0.204
-0.500 -0.352 -0.167
-0.500 -0.352 -0.130
-0.500 -0.352 -0.093
-0.500 -0.352 -0.056
-0.500 -0.352 -0.019
-0.500 -0.352 0.018
-0.500 -0.352 0.055
-0.500 -0.352 0.092
-0.500 -0.352 0.129
-0.500 -0.352 0.166
-0.500 -0.352 0.203
-0.500 -0.352 0.240
-0.500 -0.352 0.277
-0.500 -0.352 0.314
-0.500 -0.352 0.351
-0.500 -0.352 0.388
-0.500 -0.352 0.425
-0.500 -0.352 0.462
-0.500 -0.352 0.499
-0.500 -0.315 -0.500
-0.500 -0.315 -0.463
-0.500 -0.315 -0.426
-0.500 -0.315 -0.389
-0.500 -0.315 -0.352
-0.500 -0.315 -0.315
-0.500 -0.315 -0.278
-0.500 -0.315 -0.241
-0.500 -0.315 -0.204
-0.500 -0.315 -0.167
-0.500 -0.315 -0.130
-0.500 -0.315 -0.093
-0.500 -0.315 -0.056
-0.500 -0.315 -0.019
-0.500 -0.315 0.018
-0.500 -0.315 0.055
-0.500 -0.315 0.092
-0.500 -0.315 0.129
-0.500 -0.315 0.166
-0.500 -0.315 0.203
-0.500 -0.315 0.240
-0.500 -0.315 0.277
-0.500 -0.315 0.314
-0.500 -0.315 0.351
-0.500 -0.315 0.388
-0.500 -0.315 0.425
-0.500 -0.315 0.462
-0.500 -0.315 0.499
-0.500 -0.278 -0.500
-0.500 -0.278 -0.463
-0.500 -0.278 -0.426
-0.500 -0.278 -0.389
-0.500 -0.278 -0.352
-0.500 -0.278 -0.315
-0.500 -0.278 -0.278
-0.500 -0.278 -0.241
-0.500 -0.278 -0.204
-0.500 -0.278 -0.167
-0.500 -0.278 -0.130
-0.500 -0.278 -0.093
-0.500 -0.278 -0.056
-0.500 -0.278 -0.019
-0.500 -0.278 0.018
-0.500 -0.278 0.055
-0.500 -0.278 0.092
-0.500 -0.278 0.129
-0.500 -0.278 0.166
-0.500 -0.278 0.203
-0.500 -0.278 0.240
-0.500 -0.278 0.277
-0.500 -0.278 0.314
-0.500 -0.278 0.351
-0.500 -0.278 0.388
-0.500 -0.278 0.425
-0.500 -0.278 0.462
-0.500 -0.278 0.499
-0.500 -0.241 -0.500
-0.500 -0.241 -0.463
-0.500 -0.241 -0.426
-0.500 -0.241 -0.389
-0.500 -0.241 -0.352
-0.500 -0.241 -0.315
-0.500 -0.241 -0.278
-0.500 -0.241 -0.241
-0.500 -0.241 -0.204
-0.500 -0.241 -0.167
-0.500 -0.241 -0.130
-0.500 -0.241 -0.093
-0.500 -0.241 -0.056
-0.500 -0.241 -0.019
-0.500 -0.241 0.018
-0.500 -0.241 0.055
-0.500 -0.241 0.092
-0.500 -0.241 0.129
-0.500 -0.241 0.166
-0.500 -0.241 0.203
-0.500 -0.241 0.240
-0.500 -0.241 0.277
-0.500 -0.241 0.314
-0.500 -0.241 0.351
-0.500 -0.241 0.388
-0.500 -0.241 0.425
-0.500 -0.241 0.462
-0.500 -0.241 0.499
-0.500 -0.204 -0.500
-0.500 -0.204 -0.463
-0.500 -0.204 -0.426
-0.500 -0.204 -0.389
-0.500 -0.204 -0.352
-0.500 -0.204 -0.315
-0.500 -0.204 -0.278
-0.500 -0.204 -0.241
-0.500 -0.204 -0.204
-0.500 -0.204 -0.167
-0.500 -0.204 -0.130
-0.500 -0.204 -0.093
-0.500 -0.204 -0.056
-0.500 -0.204 -0.019
-0.500 -0.204 0.018
-0.500 -0.204 0.055
-0.500 -0.204 0.092
-0.500 -0.204 0.129
-0.500 -0.204 0.166
-0.500 -0.204 0.203
-0.500 -0.204 0.240
-0.500 -0.204 0.277
-0.500 -0.204 0.314
-0.500 -0.204 0.351
-0.500 -0.204 0.388
-0.500 -0.204 0.425
-0.500 -0.204 0.462
-0.500 -0.204 0.499
-0.500 -0.167 -0.500
-0.500 -0.167 -0.463
-0.500 -0.167 -0.426
-0.500 -0.167 -0.389
-0.500 -0.167 -0.352
-0.500 -0.167 -0.315
-0.500 -0.167 -0.278
-0.500 -0.167 -0.241
-0.500 -0.167 -0.204
-0.500 -0.167 -0.167
-0.500 -0.167 -0.130
-0.500 -0.167 -0.093
-0.500 -0.167 -0.056
-0.500 -0.167 -0.019
-0.500 -0.167 0.018
-0.500 -0.167 0.055
-0.500 -0.167 0.092
-0.500 -0.167 0.129
-0.500 -0.167 0.166
-0.500 -0.167 0.203
-0.500 -0.167 0.240
-0.500 -0.167 0.277
-0.500 -0.167 0.314
-0.500 -0.167 0.351
-0.500 -0.167 0.388
-0.500 -0.167 0.425
-0.500 -0.167 0.462
-0.500 -0.167 0.499
-0.500 -0.130 -0.500
-0.500 -0.130 -0.463
-0.500 -0.130 -0.426
-0.500 -0.130 -0.389
-0.500 -0.130 -0.352
-0.500 -0.130 -0.315
-0.500 -0.130 -0.278
-0.500 -0.130 -0.241
-0.500 -0.130 -0.204
-0.500 -0.130 -0.167
-0.500 -0.130 -0.130
-0.500 -0.130 -0.093
-0.500 -0.130 -0.056
-0.500 -0.130 -0.019
-0.500 -0.130 0.018
-0.500 -0.130 0.055
-0.500 -0.130 0.092
-0.500 -0.130 0.129
-0.500 -0.130 0.166
-0.500 -0.130 0.203
-0.500 -0.130 0.240
-0.500 -0.130 0.277
-0.500 -0.130 0.314
-0.500 -0.130 0.351
-0.500 -0.130 0.388
-0.500 -0.130 0.425
-0.500 -0.130 0.462
-0.500 -0.130 0.499
-0.500 -0.093 -0.500
-0.500 -0.093 -0.463
-0.500 -0.093 -0.426
-0.500 -0.093 -0.389
-0.500 -0.093 -0.352
-0.500 -0.093 -0.315
-0.500 -0.093 -0.278
-0.500 -0.093 -0.241
-0.500 -0.093 -0.204
-0.500 -0.093 -0.167
-0.500 -0.093 -0.130
-0.500 -0.093 -0.093
-0.500 -0.093 -0.056
-0.500 -0.093 -0.019
-0.500 -0.093 0.018
-0.500 -0.093 0.055
-0.500 -0.093 0.092
-0.500 -0.093 0.129
-0.500 -0.093 0.166
-0.500 -0.093 0.203
-0.500 -0.093 0.240
-0.500 -0.093 0.277
-0.500 -0.093 0.314
-0.500 -0.093 0.351
-0.500 -0.093 0.388
-0.500 -0.093 0.425
-0.500 -0.093 0.462
-0.500 -0.093 0.499
-0.500 -0.056 -0.500
-0.500 -0.056 -0.463
-0.500 -0.056 -0.426
-0.500 -0.056 -0.389
-0.500 -0.056 -0.352
-0.500 -0.056 -0.315
-0.500 -0.056 -0.278
-0.500 -0.056 -0.241
-0.500 -0.056 -0.204
-0.500 -0.056 -0.167
-0.500 -0.056 -0.130
-0.500 -0.056 -0.093
-0.500 -0.056 -0.056
-0.500 -0.056 -0.019
-0.500 -0.056 0.018
-0.500 -0.056 0.055
-0.500 -0.056 0.092
-0.500 -0.056 0.129
-0.500 -0.056 0.166
-0.500 -0.056 0.203
-0.500 -0.056 0.240
-0.500 -0.056 0.277
-0.500 -0.056 0.314
-0.500 -0.056 0.351
-0.500 -0.056 0.388
-0.500 -0.056 0.425
-0.500 -0.056 0.462
-0.500 -0.056 0.499
-0.500 -0.019 -0.500
-0.500 -0.019 -0.463
-0.500 -0.019 -0.426
-0.500 -0.019 -0.389
-0.500 -0.019 -0.352
-0.500 -0.019 -0.315
-0.500 -0.019 -0.278
-0.500 -0.019 -0.241
-0.500 -0.019 -0.204
-0.500 -0.019 -0.167
-0.500 -0.019 -0.130
-0.500 -0.019 -0.093
-0.500 -0.019 -0.056
-0.500 -0.019 -0.019
-0.500 -0.019 0.018
-0.500 -0.019 0.055
-0.500 -0.019 0.092
-0.500 -0.019 0.129
-0.500 -0.019 0.166
-0.500 -0.019 0.203
-0.500 -0.019 0.240
-0.500 -0.019 0.277
-0.500 -0.019 0.314
-0.500 -0.019 0.351
-0.500 -0.019 0.388
-0.500 -0.019 0.425
-0.500 -0.019 0.462
-0.500 -0.019 0.499
-0.500 0.018 -0.500
-0.500 0.018 -0.463
-0.500 0.018 -0.426
-0.500 0.018 -0.389
-0.500 0.018 -0.352
-0.500 0.018 -0.315
-0.500 0.018 -0.278
-0.500 0.018 -0.241
-0.500 0.018 -0.204
-0.500 0.018 -0.167
-0.500 0.018 -0.130
-0.500 0.018 -0.093
-0.500 0.018 -0.056
-0.500 0.018 -0.019
-0.500 0.018 0.018
-0.500 0.018 0.055
-0.500 0.018 0.092
-0.500 0.018 0.129
-0.500 0.018 0.166
-0.500 0.018 0.203
-0.500 0.018 0.240
-0.500 0.018 0.277
-0.500 0.018 0.314
-0.500 0.018 0.351
-0.500 0.018 0.388
-0.500 0.018 0.425
-0.500 0.018 0.462
-0.500 0.018 0.499
-0.500 0.055 -0.500
-0.500 0.055 -0.463
-0.500 0.055 -0.426
-0.500 0.055 -0.389
-0.500 0.055 -0.352
-0.500 0.055 -0.315
-0.500 0.055 -0.278
-0.500 0.055 -0.241
-0.500 0.055 -0.204
-0.500 0.055 -0.167
-0.500 0.055 -0.130
-0.500 0.055 -0.093
-0.500 0.055 -0.056
-0.500 0.055 -0.019
-0.500 0.055 0.018
-0.500 0.055 0.055
-0.500 0.055 0.092
-0.500 0.055 0.129
-0.500 0.055 0.166
-0.500 0.055 0.203
-0.500 0.055 0.240
-0.500 0.055 0.277
-0.500 0.055 0.314
-0.500 0.055 0.351
-0.500 0.055 0.388
-0.500 0.055 0.425
-0.500 0.055 0.462
-0.500 0.055 0.499
-0.500 0.092 -0.500
-0.500 0.092 -0.463
-0.500 0.092 -0.426
-0.500 0.092 -0.389
-0.500 0.092 -0.352
-0.500 0.092 -0.315
-0.500 0.092 -0.278
-0.500 0.092 -0.241
-0.500 0.092 -0.204
-0.500 0.092 -0.167
-0.500 0.092 -0.130
-0.500 0.092 -0.093
-0.500 0.092 -0.056
-0.500 0.092 -0.019
-0.500 0.092 0.018
-0.500 0.092 0.055
-0.500 0.092 0.092
-0.500 0.092 0.129
-0.500 0.092 0.166
-0.500 0.092 0.203
-0.500 0.092 0.240
-0.500 0.092 0.277
-0.500 0.092 0.314
-0.500 0.092 0.351
-0.500 0.092 0.388
-0.500 0.092 0.425
-0.500 0.092 0.462
-0.500 0.092 0.499
-0.500 0.129 -0.500
-0.500 0.129 -0.463
-0.500 0.129 -0.426
-0.500 0.129 -0.389
-0.500 0.129 -0.352
-0.500 0.129 -0.315
-0.500 0.129 -0.278
-0.500 0.129 -0.241
-0.500 0.129 -0.204
-0.500 0.129 -0.167
-0.500 0.129 -0.130
-0.500 0.129 -0.093
-0.500 0.129 -0.056
-0.500 0.129 -0.019
-0.500 0.129 0.018
-0.500 0.129 0.055
-0.500 0.129 0.092
-0.500 0.129 0.129
-0.500 0.129 0.166
-0.500 0.129 0.203
-0.500 0.129 0.240
-0.500 0.129 0.277
-0.500 0.129 0.314
-0.500 0.129 0.351
-0.500 0.129 0.388
-0.500 0.129 0.425
-0.500 0.129 0.462
-0.500 0.129 0.499
-0.500 0.166 -0.500
-0.500 0.166 -0.463
-0.500 0.166 -0.426
-0.500 0.166 -0.389
-0.500 0.166 -0.352
-0.500 0.166 -0.315
-0.500 0.166 -0.278
-0.500 0.166 -0.241
-0.500 0.166 -0.204
-0.500 0.166 -0.167
-0.500 0.166 -0.130
-0.500 0.166 -0.093
-0.500 0.166 -0.056
-0.500 0.166 -0.019
-0.500 0.166 0.018
-0.500 0.166 0.055
-0.500 0.166 0.092
-0.500 0.166 0.129
-0.500 0.166 0.166
-0.500 0.166 0.203
-0.500 0.166 0.240
-0.500 0.166 0.277
-0.500 0.166 0.314
-0.500 0.166 0.351
-0.500 0.166 0.388
-0.500 0.166 0.425
-0.500 0.166 0.462
-0.500 0.166 0.499
-0.500 0.203 -0.500
-0.500 0.203 -0.463
-0.500 0.203 -0.426
-0.500 0.203 -0.389
-0.500 0.203 -0.352
-0.500 0.203 -0.315
-0.500 0.203 -0.278
-0.500 0.203 -0.241
-0.500 0.203 -0.204
-0.500 0.203 -0.167
-0.500 0.203 -0.130
-0.500 0.203 -0.093
-0.500 0.203 -0.056
-0.500 0.203 -0.019
-0.500 0.203 0.018
-0.500 0.203 0.055
-0.500 0.203 0.092
-0.500 0.203 0.129
-0.500 0.203 0.166
-0.500 0.203 0.203
-0.500 0.203 0.240
-0.500 0.203 0.277
-0.500 0.203 0.314
-0.500 0.203 0.351
-0.500 0.203 0.388
-0.500 0.203 0.425
-0.500 0.203 0.462
-0.500 0.203 0.499
-0.500 0.240 -0.500
-0.500 0.240 -0.463
-0.500 0.240 -0.426
-0.500 0.240 -0.389
-0.500 0.240 -0.352
-0.500 0.240 -0.315
-0.500 0.240 -0.278
-0.500 0.240 -0.241
-0.500 0.240 -0.204
-0.500 0.240 -0.167
-0.500 0.240 -0.130
-0.500 0.240 -0.093
-0.500 0.240 -0.056
-0.500 0.240 -0.019
-0.500 0.240 0.018
-0.500 0.240 0.055
-0.500 0.240 0.092
-0.500 0.240 0.129
-0.500 0.240 0.166
-0.500 0.240 0.203
-0.500 0.240 0.240
-0.500 0.240 0.277
-0.500 0.240 0.314
-0.500 0.240 0.351
-0.500 0.240 0.388
-0.500 0.240 0.425
-0.500 0.240 0.462
-0.500 0.240 0.499
-0.500 0.277 -0.500
-0.500 0.277 -0.463
-0.500 0.277 -0.426
-0.500 0.277 -0.389
-0.500 0.277 -0.352
-0.500 0.277 -0.315
-0.500 0.277 -0.278
-0.500 0.277 -0.241
-0.500 0.277 -0.204
-0.500 0.277 -0.167
-0.500 0.277 -0.130
-0.500 0.277 -0.093
-0.500 0.277 -0.056
-0.500 0.277 -0.019
-0.500 0.277 0.018
-0.500 0.277 0.055
-0.500 0.277 0.092
-0.500 0.277 0.129
-0.500 0.277 0.166
-0.500 0.277 0.203
-0.500 0.277 0.240
-0.500 0.277 0.277
-0.500 0.277 0.314
-0.500 0.277 0.351
-0.500 0.277 0.388
-0.500 0.277 0.425
-0.500 0.277 0.462
-0.500 0.277 0.499
-0.500 0.314 -0.500
-0.500 0.314 -0.463
-0.500 0.314 -0.426
-0.500 0.314 -0.389
-0.500 0.314 -0.352
-0.500 0.314 -0.315
-0.500 0.314 -0.278
-0.500 0.314 -0.241
-0.500 0.314 -0.204
-0.500 0.314 -0.167
-0.500 0.314 -0.130
-0.500 0.314 -0.093
-0.500 0.314 -0.056
-0.500 0.314 -0.019
-0.500 0.314 0.018
-0.500 0.314 0.055
-0.500 0.314 0.092
-0.500 0.314 0.129
-0.500 0.314 0.166
-0.500 0.314 0.203
-0.500 0.314 0.240
-0.500 0.314 0.277
-0.500 0.314 0.314
-0.500 0.314 0.351
-0.500 0.314 0.388
-0.500 0.314 0.425
-0.500 0.314 0.462
-0.500 0.314 0.499
-0.500 0.351 -0.500
-0.500 0.351 -0.463
-0.500 0.351 -0.426
-0.500 0.351 -0.389
-0.500 0.351 -0.352
-0.500 0.351 -0.315
-0.500 0.351 -0.278
-0.500 0.351 -0.241
-0.500 0.351 -0.204
-0.500 0.351 -0.167
-0.500 0.351 -0.130
-0.500 0.351 -0.093
-0.500 0.351 -0.056
-0.500 0.351 -0.019
-0.500 0.351 0.018
-0.500 0.351 0.055
-0.500 0.351 0.092
-0.500 0.351 0.129
-0.500 0.351 0.166
-0.500 0.351 0.203
-0.500 0.351 0.240
-0.500 0.351 0.277
-0.500 0.351 0.314
-0.500 0.351 0.351
-0.500 0.351 0.388
-0.500 0.351 0.425
-0.500 0.351 0.462
-0.500 0.351 0.499
-0.500 0.388 -0.500
-0.500 0.388 -0.463
-0.500 0.388 -0.426
-0.500 0.388 -0.389
-0.500 0.388 -0.352
-0.500 0.388 -0.315
-0.500 0.388 -0.278
-0.500 0.388 -0.241
-0.500 0.388 -0.204
-0.500 0.388 -0.167
-0.500 0.388 -0.130
-0.500 0.388 -0.093
-0.500 0.388 -0.056
-0.500 0.388 -0.019
-0.500 0.388 0.018
-0.500 0.388 0.055
-0.500 0.388 0.092
-0.500 0.388 0.129
-0.500 0.388 0.166
-0.500 0.388 0.203
-0.500 0.388 0.240
-0.500 0.388 0.277
-0.500 0.388 0.314
-0.500 0.388 0.351
-0.500 0.388 0.388
-0.500 0.388 0.425
-0.500 0.388 0.462
-0.500 0.388 0.499
-0.500 0.425 -0.500
-0.500 0.425 -0.463
-0.500 0.425 -0.426
-0.500 0.425 -0.389
-0.500 0.425 -0.352
-0.500 0.425 -0.315
-0.500 0.425 -0.278
-0.500 0.425 -0.241
-0.500 0.425 -0.204
-0.500 0.425 -0.167
-0.500 0.425 -0.130
-0.500 0.425 -0.093
-0.500 0.425 -0.056
-0.500 0.425 -0.019
-0.500 0.425 0.018
-0.500 0.425 0.055
-0.500 0.425 0.092
-0.500 0.425 0.129
-0.500 0.425 0.166
-0.500 0.425 0.203
-0.500 0.425 0.240
-0.500 0.425 0.277
-0.500 0.425 0.314
-0.500 0.425 0.351
-0.500 0.425 0.388
-0.500 0.425 0.425
-0.500 0.425 0.462
-0.500 0.425 0.499
-0.500 0.462 -0.500
-0.500 0.462 -0.463
-0.500 0.462 -0.426
-0.500 0.462 -0.389
-0.500 0.462 -0.352
-0.500 0.462 -0.315
-0.500 0.462 -0.278
-0.500 0.462 -0.241
-0.500 0.462 -0.204
-0.500 0.462 -0.167
-0.500 0.462 -0.130
-0.500 0.462 -0.093
-0.500 0.462 -0.056
-0.500 0.462 -0.019
-0.500 0.462 0.018
-0.500 0.462 0.055
-0.500 0.462 0.092
-0.500 0.462 0.129
-0.500 0.462 0.166
-0.500 0.462 0.203
-0.500 0.462 0.240
-0.500 0.462 0.277
-0.500 0.462 0.314
-0.500 0.462 0.351
-0.500 0.462 0.388
-0.500 0.462 0.425
-0.500 0.462 0.462
-0.500 0.462 0.499
-0.500 0.499 -0.500
-0.500 0.499 -0.463
-0.500 0.499 -0.426
-0.500 0.499 -0.389
-0.500 0.499 -0.352
-0.500 0.499 -0.315
-0.500 0.499 -0.278
-0.500 0.499 -0.241
-0.500 0.499 -0.204
-0.500 0.499 -0.167
-0.500 0.499 -0.130
-0.500 0.499 -0.093
-0.500 0.499 -0.056
-0.500 0.499 -0.019
-0.500 0.499 0.018
-0.500 0.499 0.055
-0.500 0.499 0.092
-0.500 0.499 0.129
-0.500 0.499 0.166
-0.500 0.499 0.203
-0.500 0.499 0.240
-0.500 0.499 0.277
-0.500 0.499 0.314
-0.500 0.499 0.351
-0.500 0.499 0.388
-0.500 0.499 0.425
-0.500 0.499 0.462
-0.500 0.499 0.499
-0.463 -0.500 -0.500
-0.463 -0.500 -0.463
-0.463 -0.500 -0.426
-0.463 -0.500 -0.389
-0.463 -0.500 -0.352
-0.463 -0.500 -0.315
-0.463 -0.500 -0.278
-0.463 -0.500 -0.241
-0.463 -0.500 -0.204
-0.463 -0.500 -0.167
-0.463 -0.500 -0.130
-0.463 -0.500 -0.093
-0.463 -0.500 -0.056
-0.463 -0.500 -0.019
-0.463 -0.500 0.018
-0.463 -0.500 0.055
-0.463 -0.500 0.092
-0.463 -0.500 0.129
-0.463 -0.500 0.166
-0.463 -0.500 0.203
-0.463 -0.500 0.240
-0.463 -0.500 0.277
-0.463 -0.500 0.314
-0.463 -0.500 0.351
-0.463 -0.500 0.388
-0.463 -0.500 0.425
-0.463 -0.500 0.462
-0.463 -0.500 0.499
-0.463 -0.463 -0.500
-0.463 -0.463 -0.463
-0.463 -0.463 -0.426
-0.463 -0.463 -0.389
-0.463 -0.463 -0.352
-0.463 -0.463 -0.315
-0.463 -0.463 -0.278
-0.463 -0.463 -0.241
-0.463 -0.463 -0.204
-0.463 -0.463 -0.167
-0.463 -0.463 -0.130
-0.463 -0.463 -0.093
-0.463 -0.463 -0.056
-0.463 -0.463 -0.019
-0.463 -0.463 0.018
-0.463 -0.463 0.055
-0.463 -0.463 0.092
-0.463 -0.463 0.129
-0.463 -0.463 0.166
-0.463 -0.463 0.203
-0.463 -0.463 0.240
-0.463 -0.463 0.277
-0.463 -0.463 0.314
-0.463 -0.463 0.351
-0.463 -0.463 0.388
-0.463 -0.463 0.425
-0.463 -0.463 0.462
-0.463 -0.463 0.499
-0.463 -0.426 -0.500
-0.463 -0.426 -0.463
-0.463 -0.426 -0.426
-0.463 -0.426 -0.389
-0.463 -0.426 -0.352
-0.463 -0.426 -0.315
-0.463 -0.426 -0.278
-0.463 -0.426 -0.241
-0.463 -0.426 -0.204
-0.463 -0.426 -0.167
-0.463 -0.426 -0.130
-0.463 -0.426 -0.093
-0.463 -0.426 -0.056
-0.463 -0.426 -0.019
-0.463 -0.426 0.018
-0.463 -0.426 0.055
-0.463 -0.426 0.092
-0.463 -0.426 0.129
-0.463 -0.426 0.166
-0.463 -0.426 0.203
-0.463 -0.426 0.240
-0.463 -0.426 0.277
-0.463 -0.426 0.314
-0.463 -0.426 0.351
-0.463 -0.426 0.388
-0.463 -0.426 0.425
-0.463 -0.426 0.462
-0.463 -0.426 0.499
-0.463 -0.389 -0.500
-0.463 -0.389 -0.463
-0.463 -0.389 -0.426
-0.463 -0.389 -0.389
-0.463 -0.389 -0.352
-0.463 -0.389 -0.315
-0.463 -0.389 -0.278
-0.463 -0.389 -0.241
-0.463 -0.389 -0.204
-0.463 -0.389 -0.167
-0.463 -0.389 -0.130
-0.463 -0.389 -0.093
-0.463 -0.389 -0.056
-0.463 -0.389 -0.019
-0.463 -0.389 0.018
-0.463 -0.389 0.055
-0.463 -0.389 0.092
-0.463 -0.389 0.129
-0.463 -0.389 0.166
-0.463 -0.389 0.203
-0.463 -0.389 0.240
-0.463 -0.389 0.277
-0.463 -0.389 0.314
-0.463 -0.389 0.351
-0.463 -0.389 0.388
-0.463 -0.389 0.425
-0.463 -0.389 0.462
-0.463 -0.389 0.499
-0.463 -0.352 -0.500
-0.463 -0.352 -0.463
-0.463 -0.352 -0.426
-0.463 -0.352 -0.389
-0.463 -0.352 -0.352
-0.463 -0.352 -0.315
-0.463 -0.352 -0.278
-0.463 -0.352 -0.241
-0.463 -0.352 -0.204
-0.463 -0.352 -0.167
-0.463 -0.352 -0.130
-0.463 -0.352 -0.093
-0.463 -0.352 -0.056
-0.463 -0.352 -0.019
-0.463 -0.352 0.018
-0.463 -0.352 0.055
-0.463 -0.352 0.092
-0.463 -0.352 0.129
-0.463 -0.352 0.166
-0.463 -0.352 0.203
-0.463 -0.352 0.240
-0.463 -0.352 0.277
-0.463 -0.352 0.314
-0.463 -0.352 0.351
-0.463 -0.352 0.388
-0.463 -0.352 0.425
-0.463 -0.352 0.462
-0.463 -0.352 0.499
-0.463 -0.315 -0.500
-0.463 -0.315 -0.463
-0.463 -0.315 -0.426
-0.463 -0.315 -0.389
-0.463 -0.315 -0.352
-0.463 -0.315 -0.315
-0.463 -0.315 -0.278
-0.463 -0.315 -0.241
-0.463 -0.315 -0.204
-0.463 -0.315 -0.167
-0.463 -0.315 -0.130
-0.463 -0.315 -0.093
-0.463 -0.315 -0.056
-0.463 -0.315 -0.019
-0.463 -0.315 0.018
-0.463 -0.315 0.055
-0.463 -0.315 0.092
-0.463 -0.315 0.129
-0.463 -0.315 0.166
-0.463 -0.315 0.203
-0.463 -0.315 0.240
-0.463 -0.315 0.277
-0.463 -0.315 0.314
-0.463 -0.315 0.351
-0.463 -0.315 0.388
-0.463 -0.315 0.425
-0.463 -0.315 0.462
-0.463 -0.315 0.499
-0.463 -0.278 -0.500
-0.463 -0.278 -0.463
-0.463 -0.278 -0.426
-0.463 -0.278 -0.389
-0.463 -0.278 -0.352
-0.463 -0.278 -0.315
-0.463 -0.278 -0.278
-0.463 -0.278 -0.241
-0.463 -0.278 -0.204
-0.463 -0.278 -0.167
-0.463 -0.278 -0.130
-0.463 -0.278 -0.093
-0.463 -0.278 -0.056
-0.463 -0.278 -0.019
-0.463 -0.278 0.018
-0.463 -0.278 0.055
-0.463 -0.278 0.092
-0.463 -0.278 0.129
-0.463 -0.278 0.166
-0.463 -0.278 0.203
-0.463 -0.278 0.240
-0.463 -0.278 0.277
-0.463 -0.278 0.314
-0.463 -0.278 0.351
-0.463 -0.278 0.388
-0.463 -0.278 0.425
-0.463 -0.278 0.462
-0.463 -0.278 0.499
-0.463 -0.241 -0.500
-0.463 -0.241 -0.463
-0.463 -0.241 -0.426
-0.463 -0.241 -0.389
-0.463 -0.241 -0.352
-0.463 -0.241 -0.315
-0.463 -0.241 -0.278
-0.463 -0.241 -0.241
-0.463 -0.241 -0.204
-0.463 -0.241 -0.167
-0.463 -0.241 -0.130
-0.463 -0.241 -0.093
-0.463 -0.241 -0.056
-0.463 -0.241 -0.019
-0.463 -0.241 0.018
-0.463 -0.241 0.055
-0.463 -0.241 0.092
-0.463 -0.241 0.129
-0.463 -0.241 0.166
-0.463 -0.241 0.203
-0.463 -0.241 0.240
-0.463 -0.241 0.277
-0.463 -0.241 0.314
-0.463 -0.241 0.351
-0.463 -0.241 0.388
-0.463 -0.241 0.425
-0.463 -0.241 0.462
-0.463 -0.241 0.499
-0.463 -0.204 -0.500
-0.463 -0.204 -0.463
-0.463 -0.204 -0.426
-0.463 -0.204 -0.389
-0.463 -0.204 -0.352
-0.463 -0.204 -0.315
-0.463 -0.204 -0.278
-0.463 -0.204 -0.241
-0.463 -0.204 -0.204
-0.463 -0.204 -0.167
-0.463 -0.204 -0.130
-0.463 -0.204 -0.093
-0.463 -0.204 -0.056
-0.463 -0.204 -0.019
-0.463 -0.204 0.018
-0.463 -0.204 0.055
-0.463 -0.204 0.092
-0.463 -0.204 0.129
-0.463 -0.204 0.166
-0.463 -0.204 0.203
-0.463 -0.204 0.240
-0.463 -0.204 0.277
-0.463 -0.204 0.314
-0.463 -0.204 0.351
-0.463 -0.204 0.388
-0.463 -0.204 0.425
-0.463 -0.204 0.462
-0.463 -0.204 0.499
-0.463 -0.167 -0.500
-0.463 -0.167 -0.463
-0.463 -0.167 -0.426
-0.463 -0.167 -0.389
-0.463 -0.167 -0.352
-0.463 -0.167 -0.315
-0.463 -0.167 -0.278
-0.463 -0.167 -0.241
-0.463 -0.167 -0.204
-0.463 -0.167 -0.167
-0.463 -0.167 -0.130
-0.463 -0.167 -0.093
-0.463 -0.167 -0.056
-0.463 -0.167 -0.019
-0.463 -0.167 0.018
-0.463 -0.167 0.055
-0.463 -0.167 0.092
-0.463 -0.167 0.129
-0.463 -0.167 0.166
-0.463 -0.167 0.203
-0.463 -0.167 0.240
-0.463 -0.167 0.277
-0.463 -0.167 0.314
-0.463 -0.167 0.351
-0.463 -0.167 0.388
-0.463 -0.167 0.425
-0.463 -0.167 0.462
-0.463 -0.167 0.499
-0.463 -0.130 -0.500
-0.463 -0.130 -0.463
-0.463 -0.130 -0.426
-0.463 -0.130 -0.389
-0.463 -0.130 -0.352
-0.463 -0.130 -0.315
-0.463 -0.130 -0.278
-0.463 -0.130 -0.241
-0.463 -0.130 -0.204
-0.463 -0.130 -0.167
-0.463 -0.130 -0.130
-0.463 -0.130 -0.093
-0.463 -0.130 -0.056
-0.463 -0.130 -0.019
-0.463 -0.130 0.018
-0.463 -0.130 0.055
-0.463 -0.130 0.092
-0.463 -0.130 0.129
-0.463 -0.130 0.166
-0.463 -0.130 0.203
-0.463 -0.130 0.240
-0.463 -0.130 0.277
-0.463 -0.130 0.314
-0.463 -0.130 0.351
-0.463 -0.130 0.388
-0.463 -0.130 0.425
-0.463 -0.130 0.462
-0.463 -0.130 0.499
-0.463 -0.093 -0.500
-0.463 -0.093 -0.463
-0.463 -0.093 -0.426
-0.463 -0.093 -0.389
-0.463 -0.093 -0.352
-0.463 -0.093 -0.315
-0.463 -0.093 -0.278
-0.463 -0.093 -0.241
-0.463 -0.093 -0.204
-0.463 -0.093 -0.167
-0.463 -0.093 -0.130
-0.463 -0.093 -0.093
-0.463 -0.093 -0.056
-0.463 -0.093 -0.019
-0.463 -0.093 0.018
-0.463 -0.093 0.055
-0.463 -0.093 0.092
-0.463 -0.093 0.129
-0.463 -0.093 0.166
-0.463 -0.093 0.203
-0.463 -0.093 0.240
-0.463 -0.093 0.277
-0.463 -0.093 0.314
-0.463 -0.093 0.351
-0.463 -0.093 0.388
-0.463 -0.093 0.425
-0.463 -0.093 0.462
-0.463 -0.093 0.499
-0.463 -0.056 -0.500
-0.463 -0.056 -0.463
-0.463 -0.056 -0.426
-0.463 -0.056 -0.389
-0.463 -0.056 -0.352
-0.463 -0.056 -0.315
-0.463 -0.056 -0.278
-0.463 -0.056 -0.241
-0.463 -0.056 -0.204
-0.463 -0.056 -0.167
-0.463 -0.056 -0.130
-0.463 -0.056 -0.093
-0.463 -0.056 -0.056
-0.463 -0.056 -0.019
-0.463 -0.056 0.018
-0.463 -0.056 0.055
-0.463 -0.056 0.092
-0.463 -0.056 0.129
-0.463 -0.056 0.166
-0.463 -0.056 0.203
-0.463 -0.056 0.240
-0.463 -0.056 0.277
-0.463 -0.056 0.314
-0.463 -0.056 0.351
-0.463 -0.056 0.388
-0.463 -0.056 0.425
-0.463 -0.056 0.462
-0.463 -0.056 0.499
-0.463 -0.019 -0.500
-0.463 -0.019 -0.463
-0.463 -0.019 -0.426
-0.463 -0.019 -0.389
-0.463 -0.019 -0.352
-0.463 -0.019 -0.315
-0.463 -0.019 -0.278
-0.463 -0.019 -0.241
-0.463 -0.019 -0.204
-0.463 -0.019 -0.167
-0.463 -0.019 -0.130
-0.463 -0.019 -0.093
-0.463 -0.019 -0.056
-0.463 -0.019 -0.019
-0.463 -0.019 0.018
-0.463 -0.019 0.055
-0.463 -0.019 0.092
-0.463 -0.019 0.129
-0.463 -0.019 0.166
-0.463 -0.019 0.203
-0.463 -0.019 0.240
-0.463 -0.019 0.277
-0.463 -0.019 0.314
-0.463 -0.019 0.351
-0.463 -0.019 0.388
-0.463 -0.019 0.425
-0.463 -0.019 0.462
-0.463 -0.019 0.499
-0.463 0.018 -0.500
-0.463 0.018 -0.463
-0.463 0.018 -0.426
-0.463 0.018 -0.389
-0.463 0.018 -0.352
-0.463 0.018 -0.315
-0.463 0.018 -0.278
-0.463 0.018 -0.241
-0.463 0.018 -0.204
-0.463 0.018 -0.167
-0.463 0.018 -0.130
-0.463 0.018 -0.093
-0.463 0.018 -0.056
-0.463 0.018 -0.019
-0.463 0.018 0.018
-0.463 0.018 0.055
-0.463 0.018 0.092
-0.463 0.018 0.129
-0.463 0.018 0.166
-0.463 0.018 0.203
-0.463 0.018 0.240
-0.463 0.018 0.277
-0.463 0.018 0.314
-0.463 0.018 0.351
-0.463 0.018 0.388
-0.463 0.018 0.425
-0.463 0.018 0.462
-0.463 0.018 0.499
-0.463 0.055 -0.500
-0.463 0.055 -0.463
-0.463 0.055 -0.426
-0.463 0.055 -0.389
-0.463 0.055 -0.352
-0.463 0.055 -0.315
-0.463 0.055 -0.278
-0.463 0.055 -0.241
-0.463 0.055 -0.204
-0.463 0.055 -0.167
-0.463 0.055 -0.130
-0.463 0.055 -0.093
-0.463 0.055 -0.056
-0.463 0.055 -0.019
-0.463 0.055 0.018
-0.463 0.055 0.055
-0.463 0.055 0.092
-0.463 0.055 0.129
-0.463 0.055 0.166
-0.463 0.055 0.203
-0.463 0.055 0.240
-0.463 0.055 0.277
-0.463 0.055 0.314
-0.463 0.055 0.351
-0.463 0.055 0.388
-0.463 0.055 0.425
-0.463 0.055 0.462
-0.463 0.055 0.499
-0.463 0.092 -0.500
-0.463 0.092 -0.463
-0.463 0.092 -0.426
-0.463 0.092 -0.389
-0.463 0.092 -0.352
-0.463 0.092 -0.315
-0.463 0.092 -0.278
-0.463 0.092 -0.241
-0.463 0.092 -0.204
-0.463 0.092 -0.167
-0.463 0.092 -0.130
-0.463 0.092 -0.093
-0.463 0.092 -0.056
-0.463 0.092 -0.019
-0.463 0.092 0.018
-0.463 0.092 0.055
-0.463 0.092 0.092
-0.463 0.092 0.129
-0.463 0.092 0.166
-0.463 0.092 0.203
-0.463 0.092 0.240
-0.463 0.092 0.277
-0.463 0.092 0.314
-0.463 0.092 0.351
-0.463 0.092 0.388
-0.463 0.092 0.425
-0.463 0.092 0.462
-0.463 0.092 0.499
-0.463 0.129 -0.500
-0.463 0.129 -0.463
-0.463 0.129 -0.426
-0.463 0.129 -0.389
-0.463 0.129 -0.352
-0.463 0.129 -0.315
-0.463 0.129 -0.278
-0.463 0.129 -0.241
-0.463 0.129 -0.204
-0.463 0.129 -0.167
-0.463 0.129 -0.130
-0.463 0.129 -0.093
-0.463 0.129 -0.056
-0.463 0.129 -0.019
-0.463 0.129 0.018
-0.463 0.129 0.055
-0.463 0.129 0.092
-0.463 0.129 0.129
-0.463 0.129 0.166
-0.463 0.129 0.203
-0.463 0.129 0.240
-0.463 0.129 0.277
-0.463 0.129 0.314
-0.463 0.129 0.351
-0.463 0.129 0.388
-0.463 0.129 0.425
-0.463 0.129 0.462
-0.463 0.129 0.499
-0.463 0.166 -0.500
-0.463 0.166 -0.463
-0.463 0.166 -0.426
-0.463 0.166 -0.389
-0.463 0.166 -0.352
-0.463 0.166 -0.315
-0.463 0.166 -0.278
-0.463 0.166 -0.241
-0.463 0.166 -0.204
-0.463 0.166 -0.167
-0.463 0.166 -0.130
-0.463 0.166 -0.093
-0.463 0.166 -0.056
-0.463 0.166 -0.019
-0.463 0.166 0.018
-0.463 0.166 0.055
-0.463 0.166 0.092
-0.463 0.166 0.129
-0.463 0.166 0.166
-0.463 0.166 0.203
-0.463 0.166 0.240
-0.463 0.166 0.277
-0.463 0.166 0.314
-0.463 0.166 0.351
-0.463 0.166 0.388
-0.463 0.166 0.425
-0.463 0.166 0.462
-0.463 0.166 0.499
-0.463 0.203 -0.500
-0.463 0.203 -0.463
-0.463 0.203 -0.426
-0.463 0.203 -0.389
-0.463 0.203 -0.352
-0.463 0.203 -0.315
-0.463 0.203 -0.278
-0.463 0.203 -0.241
-0.463 0.203 -0.204
-0.463 0.203 -0.167
-0.463 0.203 -0.130
-0.463 0.203 -0.093
-0.463 0.203 -0.056
-0.463 0.203 -0.019
-0.463 0.203 0.018
-0.463 0.203 0.055
-0.463 0.203 0.092
-0.463 0.203 0.129
-0.463 0.203 0.166
-0.463 0.203 0.203
-0.463 0.203 0.240
-0.463 0.203 0.277
-0.463 0.203 0.314
-0.463 0.203 0.351
-0.463 0.203 0.388
-0.463 0.203 0.425
-0.463 0.203 0.462
-0.463 0.203 0.499
-0.463 0.240 -0.500
-0.463 0.240 -0.463
-0.463 0.240 -0.426
-0.463 0.240 -0.389
-0.463 0.240 -0.352
-0.463 0.240 -0.315
-0.463 0.240 -0.278
-0.463 0.240 -0.241
-0.463 0.240 -0.204
-0.463 0.240 -0.167
-0.463 0.240 -0.130
-0.463 0.240 -0.093
-0.463 0.240 -0.056
-0.463 0.240 -0.019
-0.463 0.240 0.018
-0.463 0.240 0.055
-0.463 0.240 0.092
-0.463 0.240 0.129
-0.463 0.240 0.166
-0.463 0.240 0.203
-0.463 0.240 0.240
-0.463 0.240 0.277
-0.463 0.240 0.314
-0.463 0.240 0.351
-0.463 0.240 0.388
-0.463 0.240 0.425
-0.463 0.240 0.462
-0.463 0.240 0.499
-0.463 0.277 -0.500
-0.463 0.277 -0.463
-0.463 0.277 -0.426
-0.463 0.277 -0.389
-0.463 0.277 -0.352
-0.463 0.277 -0.315
-0.463 0.277 -0.278
-0.463 0.277 -0.241
-0.463 0.277 -0.204
-0.463 0.277 -0.167
-0.463 0.277 -0.130
-0.463 0.277 -0.093
-0.463 0.277 -0.056
-0.463 0.277 -0.019
-0.463 0.277 0.018
-0.463 0.277 0.055
-0.463 0.277 0.092
-0.463 0.277 0.129
-0.463 0.277 0.166
-0.463 0.277 0.203
-0.463 0.277 0.240
-0.463 0.277 0.277
-0.463 0.277 0.314
-0.463 0.277 0.351
-0.463 0.277 0.388
-0.463 0.277 0.425
-0.463 0.277 0.462
-0.463 0.277 0.499
-0.463 0.314 -0.500
-0.463 0.314 -0.463
-0.463 0.314 -0.426
-0.463 0.314 -0.389
-0.463 0.314 -0.352
-0.463 0.314 -0.315
-0.463 0.314 -0.278
-0.463 0.314 -0.241
-0.463 0.314 -0.204
-0.463 0.314 -0.167
-0.463 0.314 -0.130
-0.463 0.314 -0.093
-0.463 0.314 -0.056
-0.463 0.314 -0.019
-0.463 0.314 0.018
-0.463 0.314 0.055
-0.463 0.314 0.092
-0.463 0.314 0.129
-0.463 0.314 0.166
-0.463 0.314 0.203
-0.463 0.314 0.240
-0.463 0.314 0.277
-0.463 0.314 0.314
-0.463 0.314 0.351
-0.463 0.314 0.388
-0.463 0.314 0.425
-0.463 0.314 0.462
-0.463 0.314 0.499
-0.463 0.351 -0.500
-0.463 0.351 -0.463
-0.463 0.351 -0.426
-0.463 0.351 -0.389
-0.463 0.351 -0.352
-0.463 0.351 -0.315
-0.463 0.351 -0.278
-0.463 0.351 -0.241
-0.463 0.351 -0.204
-0.463 0.351 -0.167
-0.463 0.351 -0.130
-0.463 0.351 -0.093
-0.463 0.351 -0.056
-0.463 0.351 -0.019
-0.463 0.351 0.018
-0.463 0.351 0.055
-0.463 0.351 0.092
-0.463 0.351 0.129
-0.463 0.351 0.166
-0.463 0.351 0.203
-0.463 0.351 0.240
-0.463 0.351 0.277
-0.463 0.351 0.314
-0.463 0.351 0.351
-0.463 0.351 0.388
-0.463 0.351 0.425
-0.463 0.351 0.462
-0.463 0.351 0.499
-0.463 0.388 -0.500
-0.463 0.388 -0.463
-0.463 0.388 -0.426
-0.463 0.388 -0.389
-0.463 0.388 -0.352
-0.463 0.388 -0.315
-0.463 0.388 -0.278
-0.463 0.388 -0.241
-0.463 0.388 -0.204
-0.463 0.388 -0.167
-0.463 0.388 -0.130
-0.463 0.388 -0.093
-0.463 0.388 -0.056
-0.463 0.388 -0.019
-0.463 0.388 0.018
-0.463 0.388 0.055
-0.463 0.388 0.092
-0.463 0.388 0.129
-0.463 0.388 0.166
-0.463 0.388 0.203
-0.463 0.388 0.240
-0.463 0.388 0.277
-0.463 0.388 0.314
-0.463 0.388 0.351
-0.463 0.388 0.388
-0.463 0.388 0.425
-0.463 0.388 0.462
-0.463 0.388 0.499
-0.463 0.425 -0.500
-0.463 0.425 -0.463
-0.463 0.425 -0.426
-0.463 0.425 -0.389
-0.463 0.425 -0.352
-0.463 0.425 -0.315
-0.463 0.425 -0.278
-0.463 0.425 -0.241
-0.463 0.425 -0.204
-0.463 0.425 -0.167
-0.463 0.425 -0.130
-0.463 0.425 -0.093
-0.463 0.425 -0.056
-0.463 0.425 -0.019
-0.463 0.425 0.018
-0.463 0.425 0.055
-0.463 0.425 0.092
-0.463 0.425 0.129
-0.463 0.425 0.166
-0.463 0.425 0.203
-0.463 0.425 0.240
-0.463 0.425 0.277
-0.463 0.425 0.314
-0.463 0.425 0.351
-0.463 0.425 0.388
-0.463 0.425 0.425
-0.463 0.425 0.462
-0.463 0.425 0.499
-0.463 0.462 -0.500
-0.463 0.462 -0.463
-0.463 0.462 -0.426
-0.463 0.462 -0.389
-0.463 0.462 -0.352
-0.463 0.462 -0.315
-0.463 0.462 -0.278
-0.463 0.462 -0.241
-0.463 0.462 -0.204
-0.463 0.462 -0.167
-0.463 0.462 -0.130
-0.463 0.462 -0.093
-0.463 0.462 -0.056
-0.463 0.462 -0.019
-0.463 0.462 0.018
-0.463 0.462 0.055
-0.463 0.462 0.092
-0.463 0.462 0.129
-0.463 0.462 0.166
-0.463 0.462 0.203
-0.463 0.462 0.240
-0.463 0.462 0.277
-0.463 0.462 0.314
-0.463 0.462 0.351
-0.463 0.462 0.388
-0.463 0.462 0.425
-0.463 0.462 0.462
-0.463 0.462 0.499
-0.463 0.499 -0.500
-0.463 0.499 -0.463
-0.463 0.499 -0.426
-0.463 0.499 -0.389
-0.463 0.499 -0.352
-0.463 0.499 -0.315
-0.463 0.499 -0.278
-0.463 0.499 -0.241
-0.463 0.499 -0.204
-0.463 0.499 -0.167
-0.463 0.499 -0.130
-0.463 0.499 -0.093
-0.463 0.499 -0.056
-0.463 0.499 -0.019
-0.463 0.499 0.018
-0.463 0.499 0.055
-0.463 0.499 0.092
-0.463 0.499 0.129
-0.463 0.499 0.166
-0.463 0.499 0.203
-0.463 0.499 0.240
-0.463 0.499 0.277
-0.463 0.499 0.314
-0.463 0.499 0.351
-0.463 0.499 0.388
-0.463 0.499 0.425
-0.463 0.499 0.462
-0.463 0.499 0.499
-0.426 -0.500 -0.500
-0.426 -0.500 -0.463
-0.426 -0.500 -0.426
-0.426 -0.500 -0.389
-0.426 -0.500 -0.352
-0.426 -0.500 -0.315
-0.426 -0.500 -0.278
-0.426 -0.500 -0.241
-0.426 -0.500 -0.204
-0.426 -0.500 -0.167
-0.426 -0.500 -0.130
-0.426 -0.500 -0.093
-0.426 -0.500 -0.056
-0.426 -0.500 -0.019
-0.426 -0.500 0.018
-0.426 -0.500 0.055
-0.426 -0.500 0.092
-0.426 -0.500 0.129
-0.426 -0.500 0.166
-0.426 -0.500 0.203
-0.426 -0.500 0.240
-0.426 -0.500 0.277
-0.426 -0.500 0.314
-0.426 -0.500 0.351
-0.426 -0.500 0.388
-0.426 -0.500 0.425
-0.426 -0.500 0.462
-0.426 -0.500 0.499
-0.426 -0.463 -0.500
-0.426 -0.463 -0.463
-0.426 -0.463 -0.426
-0.426 -0.463 -0.389
-0.426 -0.463 -0.352
-0.426 -0.463 -0.315
-0.426 -0.463 -0.278
-0.426 -0.463 -0.241
-0.426 -0.463 -0.204
-0.426 -0.463 -0.167
-0.426 -0.463 -0.130
-0.426 -0.463 -0.093
-0.426 -0.463 -0.056
-0.426 -0.463 -0.019
-0.426 -0.463 0.018
-0.426 -0.463 0.055
-0.426 -0.463 0.092
-0.426 -0.463 0.129
-0.426 -0.463 0.166
-0.426 -0.463 0.203
-0.426 -0.463 0.240
-0.426 -0.463 0.277
-0.426 -0.463 0.314
-0.426 -0.463 0.351
-0.426 -0.463 0.388
-0.426 -0.463 0.425
-0.426 -0.463 0.462
-0.426 -0.463 0.499
-0.426 -0.426 -0.500
-0.426 -0.426 -0.463
-0.426 -0.426 -0.426
-0.426 -0.426 -0.389
-0.426 -0.426 -0.352
-0.426 -0.426 -0.315
-0.426 -0.426 -0.278
-0.426 -0.426 -0.241
-0.426 -0.426 -0.204
-0.426 -0.426 -0.167
-0.426 -0.426 -0.130
-0.426 -0.426 -0.093
-0.426 -0.426 -0.056
-0.426 -0.426 -0.019
-0.426 -0.426 0.018
-0.426 -0.426 0.055
-0.426 -0.426 0.092
-0.426 -0.426 0.129
-0.426 -0.426 0.166
-0.426 -0.426 0.203
-0.426 -0.426 0.240
-0.426 -0.426 0.277
-0.426 -0.426 0.314
-0.426 -0.426 0.351
-0.426 -0.426 0.388
-0.426 -0.426 0.425
-0.426 -0.426 0.462
-0.426 -0.426 0.499
-0.426 -0.389 -0.500
-0.426 -0.389 -0.463
-0.426 -0.389 -0.426
-0.426 -0.389 -0.389
-0.426 -0.389 -0.352
-0.426 -0.389 -0.315
-0.426 -0.389 -0.278
-0.426 -0.389 -0.241
-0.426 -0.389 -0.204
-0.426 -0.389 -0.167
-0.426 -0.389 -0.130
-0.426 -0.389 -0.093
-0.426 -0.389 -0.056
-0.426 -0.389 -0.019
-0.426 -0.389 0.018
-0.426 -0.389 0.055
-0.426 -0.389 0.092
-0.426 -0.389 0.129
-0.426 -0.389 0.166
-0.426 -0.389 0.203
-0.426 -0.389 0.240
-0.426 -0.389 0.277
-0.426 -0.389 0.314
-0.426 -0.389 0.351
-0.426 -0.389 0.388
-0.426 -0.389 0.425
-0.426 -0.389 0.462
-0.426 -0.389 0.499
-0.426 -0.352 -0.500
-0.426 -0.352 -0.463
-0.426 -0.352 -0.426
-0.426 -0.352 -0.389
-0.426 -0.352 -0.352
-0.426 -0.352 -0.315
-0.426 -0.352 -0.278
-0.426 -0.352 -0.241
-0.426 -0.352 -0.204
-0.426 -0.352 -0.167
-0.426 -0.352 -0.130
-0.426 -0.352 -0.093
-0.426 -0.352 -0.056
-0.426 -0.352 -0.019
-0.426 -0.352 0.018
-0.426 -0.352 0.055
-0.426 -0.352 0.092
-0.426 -0.352 0.129
-0.426 -0.352 0.166
-0.426 -0.352 0.203
-0.426 -0.352 0.240
-0.426 -0.352 0.277
-0.426 -0.352 0.314
-0.426 -0.352 0.351
-0.426 -0.352 0.388
-0.426 -0.352 0.425
-0.426 -0.352 0.462
-0.426 -0.352 0.499
-0.426 -0.315 -0.500
-0.426 -0.315 -0.463
-0.426 -0.315 -0.426
-0.426 -0.315 -0.389
-0.426 -0.315 -0.352
-0.426 -0.315 -0.315
-0.426 -0.315 -0.278
-0.426 -0.315 -0.241
-0.426 -0.315 -0.204
-0.426 -0.315 -0.167
-0.426 -0.315 -0.130
-0.426 -0.315 -0.093
-0.426 -0.315 -0.056
-0.426 -0.315 -0.019
-0.426 -0.315 0.018
-0.426 -0.315 0.055
-0.426 -0.315 0.092
-0.426 -0.315 0.129
-0.426 -0.315 0.166
-0.426 -0.315 0.203
-0.426 -0.315 0.240
-0.426 -0.315 0.277
-0.426 -0.315 0.314
-0.426 -0.315 0.351
-0.426 -0.315 0.388
-0.426 -0.315 0.425
-0.426 -0.315 0.462
-0.426 -0.315 0.499
-0.426 -0.278 -0.500
-0.426 -0.278 -0.463
-0.426 -0.278 -0.426
-0.426 -0.278 -0.389
-0.426 -0.278 -0.352
-0.426 -0.278 -0.315
-0.426 -0.278 -0.278
-0.426 -0.278 -0.241
-0.426 -0.278 -0.204
-0.426 -0.278 -0.167
-0.426 -0.278 -0.130
-0.426 -0.278 -0.093
-0.426 -0.278 -0.056
-0.426 -0.278 -0.019
-0.426 -0.278 0.018
-0.426 -0.278 0.055
-0.426 -0.278 0.092
-0.426 -0.278 0.129
-0.426 -0.278 0.166
-0.426 -0.278 0.203
-0.426 -0.278 0.240
-0.426 -0.278 0.277
-0.426 -0.278 0.314
-0.426 -0.278 0.351
-0.426 -0.278 0.388
-0.426 -0.278 0.425
-0.426 -0.278 0.462
-0.426 -0.278 0.499
-0.426 -0.241 -0.500
-0.426 -0.241 -0.463
-0.426 -0.241 -0.426
-0.426 -0.241 -0.389
-0.426 -0.241 -0.352
-0.426 -0.241 -0.315
-0.426 -0.241 -0.278
-0.426 -0.241 -0.241
-0.426 -0.241 -0.204
-0.426 -0.241 -0.167
-0.426 -0.241 -0.130
-0.426 -0.241 -0.093
-0.426 -0.241 -0.056
-0.426 -0.241 -0.019
-0.426 -0.241 0.018
-0.426 -0.241 0.055
-0.426 -0.241 0.092
-0.426 -0.241 0.129
-0.426 -0.241 0.166
-0.426 -0.241 0.203
-0.426 -0.241 0.240
-0.426 -0.241 0.277
-0.426 -0.241 0.314
-0.426 -0.241 0.351
-0.426 -0.241 0.388
-0.426 -0.241 0.425
-0.426 -0.241 0.462
-0.426 -0.241 0.499
-0.426 -0.204 -0.500
-0.426 -0.204 -0.463
-0.426 -0.204 -0.426
-0.426 -0.204 -0.389
-0.426 -0.204 -0.352
-0.426 -0.204 -0.315
-0.426 -0.204 -0.278
-0.426 -0.204 -0.241
-0.426 -0.204 -0.204
-0.426 -0.204 -0.167
-0.426 -0.204 -0.130
-0.426 -0.204 -0.093
-0.426 -0.204 -0.056
-0.426 -0.204 -0.019
-0.426 -0.204 0.018
-0.426 -0.204 0.055
-0.426 -0.204 0.092
-0.426 -0.204 0.129
-0.426 -0.204 0.166
-0.426 -0.204 0.203
-0.426 -0.204 0.240
-0.426 -0.204 0.277
-0.426 -0.204 0.314
-0.426 -0.204 0.351
-0.426 -0.204 0.388
-0.426 -0.204 0.425
-0.426 -0.204 0.462
-0.426 -0.204 0.499
-0.426 -0.167 -0.500
-0.426 -0.167 -0.463
-0.426 -0.167 -0.426
-0.426 -0.167 -0.389
-0.426 -0.167 -0.352
-0.426 -0.167 -0.315
-0.426 -0.167 -0.278
-0.426 -0.167 -0.241
-0.426 -0.167 -0.204
-0.426 -0.167 -0.167
-0.426 -0.167 -0.130
-0.426 -0.167 -0.093
-0.426 -0.167 -0.056
-0.426 -0.167 -0.019
-0.426 -0.167 0.018
-0.426 -0.167 0.055
-0.426 -0.167 0.092
-0.426 -0.167 0.129
-0.426 -0.167 0.166
-0.426 -0.167 0.203
-0.426 -0.167 0.240
-0.426 -0.167 0.277
-0.426 -0.167 0.314
-0.426 -0.167 0.351
-0.426 -0.167 0.388
-0.426 -0.167 0.425
-0.426 -0.167 0.462
-0.426 -0.167 0.499
-0.426 -0.130 -0.500
-0.426 -0.130 -0.463
-0.426 -0.130 -0.426
-0.426 -0.130 -0.389
-0.426 -0.130 -0.352
-0.426 -0.130 -0.315
-0.426 -0.130 -0.278
-0.426 -0.130 -0.241
-0.426 -0.130 -0.204
-0.426 -0.130 -0.167
-0.426 -0.130 -0.130
-0.426 -0.130 -0.093
-0.426 -0.130 -0.056
-0.426 -0.130 -0.019
-0.426 -0.130 0.018
-0.426 -0.130 0.055
-0.426 -0.130 0.092
-0.426 -0.130 0.129
-0.426 -0.130 0.166
-0.426 -0.130 0.203
-0.426 -0.130 0.240
-0.426 -0.130 0.277
-0.426 -0.130 0.314
-0.426 -0.130 0.351
-0.426 -0.130 0.388
-0.426 -0.130 0.425
-0.426 -0.130 0.462
-0.426 -0.130 0.499
-0.426 -0.093 -0.500
-0.426 -0.093 -0.463
-0.426 -0.093 -0.426
-0.426 -0.093 -0.389
-0.426 -0.093 -0.352
-0.426 -0.093 -0.315
-0.426 -0.093 -0.278
-0.426 -0.093 -0.241
-0.426 -0.093 -0.204
-0.426 -0.093 -0.167
-0.426 -0.093 -0.130
-0.426 -0.093 -0.093
-0.426 -0.093 -0.056
-0.426 -0.093 -0.019
-0.426 -0.093 0.018
-0.426 -0.093 0.055
-0.426 -0.093 0.092
-0.426 -0.093 0.129
-0.426 -0.093 0.166
-0.426 -0.093 0.203
-0.426 -0.093 0.240
-0.426 -0.093 0.277
-0.426 -0.093 0.314
-0.426 -0.093 0.351
-0.426 -0.093 0.388
-0.426 -0.093 0.425
-0.426 -0.093 0.462
-0.426 -0.093 0.499
-0.426 -0.056 -0.500
-0.426 -0.056 -0.463
-0.426 -0.056 -0.426
-0.426 -0.056 -0.389
-0.426 -0.056 -0.352
-0.426 -0.056 -0.315
-0.426 -0.056 -0.278
-0.426 -0.056 -0.241
-0.426 -0.056 -0.204
-0.426 -0.056 -0.167
-0.426 -0.056 -0.130
-0.426 -0.056 -0.093
-0.426 -0.056 -0.056
-0.426 -0.056 -0.019
-0.426 -0.056 0.018
-0.426 -0.056 0.055
-0.426 -0.056 0.092
-0.426 -0.056 0.129
-0.426 -0.056 0.166
-0.426 -0.056 0.203
-0.426 -0.056 0.240
-0.426 -0.056 0.277
-0.426 -0.056 0.314
-0.426 -0.056 0.351
-0.426 -0.056 0.388
-0.426 -0.056 0.425
-0.426 -0.056 0.462
-0.426 -0.056 0.499
-0.426 -0.019 -0.500
-0.426 -0.019 -0.463
-0.426 -0.019 -0.426
-0.426 -0.019 -0.389
-0.426 -0.019 -0.352
-0.426 -0.019 -0.315
-0.426 -0.019 -0.278
-0.426 -0.019 -0.241
-0.426 -0.019 -0.204
-0.426 -0.019 -0.167
-0.426 -0.019 -0.130
-0.426 -0.019 -0.093
-0.426 -0.019 -0.056
-0.426 -0.019 -0.019
-0.426 -0.019 0.018
-0.426 -0.019 0.055
-0.426 -0.019 0.092
-0.426 -0.019 0.129
-0.426 -0.019 0.166
-0.426 -0.019 0.203
-0.426 -0.019 0.240
-0.426 -0.019 0.277
-0.426 -0.019 0.314
-0.426 -0.019 0.351
-0.426 -0.019 0.388
-0.426 -0.019 0.425
-0.426 -0.019 0.462
-0.426 -0.019 0.499
-0.426 0.018 -0.500
-0.426 0.018 -0.463
-0.426 0.018 -0.426
-0.426 0.018 -0.389
-0.426 0.018 -0.352
-0.426 0.018 -0.315
-0.426 0.018 -0.278
-0.426 0.018 -0.241
-0.426 0.018 -0.204
-0.426 0.018 -0.167
-0.426 0.018 -0.130
-0.426 0.018 -0.093
-0.426 0.018 -0.056
-0.426 0.018 -0.019
-0.426 0.018 0.018
-0.426 0.018 0.055
-0.426 0.018 0.092
-0.426 0.018 0.129
-0.426 0.018 0.166
-0.426 0.018 0.203
-0.426 0.018 0.240
-0.426 0.018 0.277
-0.426 0.018 0.314
-0.426 0.018 0.351
-0.426 0.018 0.388
-0.426 0.018 0.425
-0.426 0.018 0.462
-0.426 0.018 0.499
-0.426 0.055 -0.500
-0.426 0.055 -0.463
-0.426 0.055 -0.426
-0.426 0.055 -0.389
-0.426 0.055 -0.352
-0.426 0.055 -0.315
-0.426 0.055 -0.278
-0.426 0.055 -0.241
-0.426 0.055 -0.204
-0.426 0.055 -0.167
-0.426 0.055 -0.130
-0.426 0.055 -0.093
-0.426 0.055 -0.056
-0.426 0.055 -0.019
-0.426 0.055 0.018
-0.426 0.055 0.055
-0.426 0.055 0.092
-0.426 0.055 0.129
-0.426 0.055 0.166
-0.426 0.055 0.203
-0.426 0.055 0.240
-0.426 0.055 0.277
-0.426 0.055 0.314
-0.426 0.055 0.351
-0.426 0.055 0.388
-0.426 0.055 0.425
-0.426 0.055 0.462
-0.426 0.055 0.499
-0.426 0.092 -0.500
-0.426 0.092 -0.463
-0.426 0.092 -0.426
-0.426 0.092 -0.389
-0.426 0.092 -0.352
-0.426 0.092 -0.315
-0.426 0.092 -0.278
-0.426 0.092 -0.241
-0.426 0.092 -0.204
-0.426 0.092 -0.167
-0.426 0.092 -0.130
-0.426 0.092 -0.093
-0.426 0.092 -0.056
-0.426 0.092 -0.019
-0.426 0.092 0.018
-0.426 0.092 0.055
-0.426 0.092 0.092
-0.426 0.092 0.129
-0.426 0.092 0.166
-0.426 0.092 0.203
-0.426 0.092 0.240
-0.426 0.092 0.277
-0.426 0.092 0.314
-0.426 0.092 0.351
-0.426 0.092 0.388
-0.426 0.092 0.425
-0.426 0.092 0.462
-0.426 0.092 0.499
-0.426 0.129 -0.500
-0.426 0.129 -0.463
-0.426 0.129 -0.426
-0.426 0.129 -0.389
-0.426 0.129 -0.352
-0.426 0.129 -0.315
-0.426 0.129 -0.278
-0.426 0.129 -0.241
-0.426 0.129 -0.204
-0.426 0.129 -0.167
-0.426 0.129 -0.130
-0.426 0.129 -0.093
-0.426 0.129 -0.056
-0.426 0.129 -0.019
-0.426 0.129 0.018
-0.426 0.129 0.055
-0.426 0.129 0.092
-0.426 0.129 0.129
-0.426 0.129 0.166
-0.426 0.129 0.203
-0.426 0.129 0.240
-0.426 0.129 0.277
-0.426 0.129 0.314
-0.426 0.129 0.351
-0.426 0.129 0.388
-0.426 0.129 0.425
-0.426 0.129 0.462
-0.426 0.129 0.499
-0.426 0.166 -0.500
-0.426 0.166 -0.463
-0.426 0.166 -0.426
-0.426 0.166 -0.389
-0.426 0.166 -0.352
-0.426 0.166 -0.315
-0.426 0.166 -0.278
-0.426 0.166 -0.241
-0.426 0.166 -0.204
-0.426 0.166 -0.167
-0.426 0.166 -0.130
-0.426 0.166 -0.093
-0.426 0.166 -0.056
-0.426 0.166 -0.019
-0.426 0.166 0.018
-0.426 0.166 0.055
-0.426 0.166 0.092
-0.426 0.166 0.129
-0.426 0.166 0.166
-0.426 0.166 0.203
-0.426 0.166 0.240
-0.426 0.166 0.277
-0.426 0.166 0.314
-0.426 0.166 0.351
-0.426 0.166 0.388
-0.426 0.166 0.425
-0.426 0.166 0.462
-0.426 0.166 0.499
-0.426 0.203 -0.500
-0.426 0.203 -0.463
-0.426 0.203 -0.426
-0.426 0.203 -0.389
-0.426 0.203 -0.352
-0.426 0.203 -0.315
-0.426 0.203 -0.278
-0.426 0.203 -0.241
-0.426 0.203 -0.204
-0.426 0.203 -0.167
-0.426 0.203 -0.130
-0.426 0.203 -0.093
-0.426 0.203 -0.056
-0.426 0.203 -0.019
-0.426 0.203 0.018
-0.426 0.203 0.055
-0.426 0.203 0.092
-0.426 0.203 0.129
-0.426 0.203 0.166
-0.426 0.203 0.203
-0.426 0.203 0.240
-0.426 0.203 0.277
-0.426 0.203 0.314
-0.426 0.203 0.351
-0.426 0.203 0.388
-0.426 0.203 0.425
-0.426 0.203 0.462
-0.426 0.203 0.499
-0.426 0.240 -0.500
-0.426 0.240 -0.463
-0.426 0.240 -0.426
-0.426 0.240 -0.389
-0.426 0.240 -0.352
-0.426 0.240 -0.315
-0.426 0.240 -0.278
-0.426 0.240 -0.241
-0.426 0.240 -0.204
-0.426 0.240 -0.167
-0.426 0.240 -0.130
-0.426 0.240 -0.093
-0.426 0.240 -0.056
-0.426 0.240 -0.019
-0.426 0.240 0.018
-0.426 0.240 0.055
-0.426 0.240 0.092
-0.426 0.240 0.129
-0.426 0.240 0.166
-0.426 0.240 0.203
-0.426 0.240 0.240
-0.426 0.240 0.277
-0.426 0.240 0.314
-0.426 0.240 0.351
-0.426 0.240 0.388
-0.426 0.240 0.425
-0.426 0.240 0.462
-0.426 0.240 0.499
-0.426 0.277 -0.500
-0.426 0.277 -0.463
-0.426 0.277 -0.426
-0.426 0.277 -0.389
-0.426 0.277 -0.352
-0.426 0.277 -0.315
-0.426 0.277 -0.278
-0.426 0.277 -0.241
-0.426 0.277 -0.204
-0.426 0.277 -0.167
-0.426 0.277 -0.130
-0.426 0.277 -0.093
-0.426 0.277 -0.056
-0.426 0.277 -0.019
-0.426 0.277 0.018
-0.426 0.277 0.055
-0.426 0.277 0.092
-0.426 0.277 0.129
-0.426 0.277 0.166
-0.426 0.277 0.203
-0.426 0.277 0.240
-0.426 0.277 0.277
-0.426 0.277 0.314
-0.426 0.277 0.351
-0.426 0.277 0.388
-0.426 0.277 0.425
-0.426 0.277 0.462
-0.426 0.277 0.499
-0.426 0.314 -0.500
-0.426 0.314 -0.463
-0.426 0.314 -0.426
-0.426 0.314 -0.389
-0.426 0.314 -0.352
-0.426 0.314 -0.315
-0.426 0.314 -0.278
-0.426 0.314 -0.241
-0.426 0.314 -0.204
-0.426 0.314 -0.167
-0.426 0.314 -0.130
-0.426 0.314 -0.093
-0.426 0.314 -0.056
-0.426 0.314 -0.019
-0.426 0.314 0.018
-0.426 0.314 0.055
-0.426 0.314 0.092
-0.426 0.314 0.129
-0.426 0.314 0.166
-0.426 0.314 0.203
-0.426 0.314 0.240
-0.426 0.314 0.277
-0.426 0.314 0.314
-0.426 0.314 0.351
-0.426 0.314 0.388
-0.426 0.314 0.425
-0.426 0.314 0.462
-0.426 0.314 0.499
-0.426 0.351 -0.500
-0.426 0.351 -0.463
-0.426 0.351 -0.426
-0.426 0.351 -0.389
-0.426 0.351 -0.352
-0.426 0.351 -0.315
-0.426 0.351 -0.278
-0.426 0.351 -0.241
-0.426 0.351 -0.204
-0.426 0.351 -0.167
-0.426 0.351 -0.130
-0.426 0.351 -0.093
-0.426 0.351 -0.056
-0.426 0.351 -0.019
-0.426 0.351 0.018
-0.426 0.351 0.055
-0.426 0.351 0.092
-0.426 0.351 0.129
-0.426 0.351 0.166
-0.426 0.351 0.203
-0.426 0.351 0.240
-0.426 0.351 0.277
-0.426 0.351 0.314
-0.426 0.351 0.351
-0.426 0.351 0.388
-0.426 0.351 0.425
-0.426 0.351 0.462
-0.426 0.351 0.499
-0.426 0.388 -0.500
-0.426 0.388 -0.463
-0.426 0.388 -0.426
-0.426 0.388 -0.389
-0.426 0.388 -0.352
-0.426 0.388 -0.315
-0.426 0.388 -0.278
-0.426 0.388 -0.241
-0.426 0.388 -0.204
-0.426 0.388 -0.167
-0.426 0.388 -0.130
-0.426 0.388 -0.093
-0.426 0.388 -0.056
-0.426 0.388 -0.019
-0.426 0.388 0.018
-0.426 0.388 0.055
-0.426 0.388 0.092
-0.426 0.388 0.129
-0.426 0.388 0.166
-0.426 0.388 0.203
-0.426 0.388 0.240
-0.426 0.388 0.277
-0.426 0.388 0.314
-0.426 0.388 0.351
-0.426 0.388 0.388
-0.426 0.388 0.425
-0.426 0.388 0.462
-0.426 0.388 0.499
-0.426 0.425 -0.500
-0.426 0.425 -0.463
-0.426 0.425 -0.426
-0.426 0.425 -0.389
-0.426 0.425 -0.352
-0.426 0.425 -0.315
-0.426 0.425 -0.278
-0.426 0.425 -0.241
-0.426 0.425 -0.204
-0.426 0.425 -0.167
-0.426 0.425 -0.130
-0.426 0.425 -0.093
-0.426 0.425 -0.056
-0.426 0.425 -0.019
-0.426 0.425 0.018
-0.426 0.425 0.055
-0.426 0.425 0.092
-0.426 0.425 0.129
-0.426 0.425 0.166
-0.426 0.425 0.203
-0.426 0.425 0.240
-0.426 0.425 0.277
-0.426 0.425 0.314
-0.426 0.425 0.351
-0.426 0.425 0.388
-0.426 0.425 0.425
-0.426 0.425 0.462
-0.426 0.425 0.499
-0.426 0.462 -0.500
-0.426 0.462 -0.463
-0.426 0.462 -0.426
-0.426 0.462 -0.389
-0.426 0.462 -0.352
-0.426 0.462 -0.315
-0.426 0.462 -0.278
-0.426 0.462 -0.241
-0.426 0.462 -0.204
-0.426 0.462 -0.167
-0.426 0.462 -0.130
-0.426 0.462 -0.093
-0.426 0.462 -0.056
-0.426 0.462 -0.019
-0.426 0.462 0.018
-0.426 0.462 0.055
-0.426 0.462 0.092
-0.426 0.462 0.129
-0.426 0.462 0.166
-0.426 0.462 0.203
-0.426 0.462 0.240
-0.426 0.462 0.277
-0.426 0.462 0.314
-0.426 0.462 0.351
-0.426 0.462 0.388
-0.426 0.462 0.425
-0.426 0.462 0.462
-0.426 0.462 0.499
-0.426 0.499 -0.500
-0.426 0.499 -0.463
-0.426 0.499 -0.426
-0.426 0.499 -0.389
-0.426 0.499 -0.352
-0.426 0.499 -0.315
-0.426 0.499 -0.278
-0.426 0.499 -0.241
-0.426 0.499 -0.204
-0.426 0.499 -0.167
-0.426 0.499 -0.130
-0.426 0.499 -0.093
-0.426 0.499 -0.056
-0.426 0.499 -0.019
-0.426 0.499 0.018
-0.426 0.499 0.055
-0.426 0.499 0.092
-0.426 0.499 0.129
-0.426 0.499 0.166
-0.426 0.499 0.203
-0.426 0.499 0.240
-0.426 0.499 0.277
-0.426 0.499 0.314
-0.426 0.499 0.351
-0.426 0.499 0.388
-0.426 0.499 0.425
-0.426 0.499 0.462
-0.426 0.499 0.499
-0.389 -0.500 -0.500
-0.389 -0.500 -0.463
-0.389 -0.500 -0.426
-0.389 -0.500 -0.389
-0.389 -0.500 -0.352
-0.389 -0.500 -0.315
-0.389 -0.500 -0.278
-0.389 -0.500 -0.241
-0.389 -0.500 -0.204
-0.389 -0.500 -0.167
-0.389 -0.500 -0.130
-0.389 -0.500 -0.093
-0.389 -0.500 -0.056
-0.389 -0.500 -0.019
-0.389 -0.500 0.018
-0.389 -0.500 0.055
-0.389 -0.500 0.092
-0.389 -0.500 0.129
-0.389 -0.500 0.166
-0.389 -0.500 0.203
-0.389 -0.500 0.240
-0.389 -0.500 0.277
-0.389 -0.500 0.314
-0.389 -0.500 0.351
-0.389 -0.500 0.388
-0.389 -0.500 0.425
-0.389 -0.500 0.462
-0.389 -0.500 0.499
-0.389 -0.463 -0.500
-0.389 -0.463 -0.463
-0.389 -0.463 -0.426
-0.389 -0.463 -0.389
-0.389 -0.463 -0.352
-0.389 -0.463 -0.315
-0.389 -0.463 -0.278
-0.389 -0.463 -0.241
-0.389 -0.463 -0.204
-0.389 -0.463 -0.167
-0.389 -0.463 -0.130
-0.389 -0.463 -0.093
-0.389 -0.463 -0.056
-0.389 -0.463 -0.019
-0.389 -0.463 0.018
-0.389 -0.463 0.055
-0.389 -0.463 0.092
-0.389 -0.463 0.129
-0.389 -0.463 0.166
-0.389 -0.463 0.203
-0.389 -0.463 0.240
-0.389 -0.463 0.277
-0.389 -0.463 0.314
-0.389 -0.463 0.351
-0.389 -0.463 0.388
-0.389 -0.463 0.425
-0.389 -0.463 0.462
-0.389 -0.463 0.499
-0.389 -0.426 -0.500
-0.389 -0.426 -0.463
-0.389 -0.426 -0.426
-0.389 -0.426 -0.389
-0.389 -0.426 -0.352
-0.389 -0.426 -0.315
-0.389 -0.426 -0.278
-0.389 -0.426 -0.241
-0.389 -0.426 -0.204
-0.389 -0.426 -0.167
-0.389 -0.426 -0.130
-0.389 -0.426 -0.093
-0.389 -0.426 -0.056
-0.389 -0.426 -0.019
-0.389 -0.426 0.018
-0.389 -0.426 0.055
-0.389 -0.426 0.092
-0.389 -0.426 0.129
-0.389 -0.426 0.166
-0.389 -0.426 0.203
-0.389 -0.426 0.240
-0.389 -0.426 0.277
-0.389 -0.426 0.314
-0.389 -0.426 0.351
-0.389 -0.426 0.388
-0.389 -0.426 0.425
-0.389 -0.426 0.462
-0.389 -0.426 0.499
-0.389 -0.389 -0.500
-0.389 -0.389 -0.463
-0.389 -0.389 -0.426
-0.389 -0.389 -0.389
-0.389 -0.389 -0.352
-0.389 -0.389 -0.315
-0.389 -0.389 -0.278
-0.389 -0.389 -0.241
-0.389 -0.389 -0.204
-0.389 -0.389 -0.167
-0.389 -0.389 -0.130
-0.389 -0.389 -0.093
-0.389 -0.389 -0.056
-0.389 -0.389 -0.019
-0.389 -0.389 0.018
-0.389 -0.389 0.055
-0.389 -0.389 0.092
-0.389 -0.389 0.129
-0.389 -0.389 0.166
-0.389 -0.389 0.203
-0.389 -0.389 0.240
-0.389 -0.389 0.277
-0.389 -0.389 0.314
-0.389 -0.389 0.351
-0.389 -0.389 0.388
-0.389 -0.389 0.425
-0.389 -0.389 0.462
-0.389 -0.389 0.499
-0.389 -0.352 -0.500
-0.389 -0.352 -0.463
-0.389 -0.352 -0.426
-0.389 -0.352 -0.389
-0.389 -0.352 -0.352
-0.389 -0.352 -0.315
-0.389 -0.352 -0.278
-0.389 -0.352 -0.241
-0.389 -0.352 -0.204
-0.389 -0.352 -0.167
-0.389 -0.352 -0.130
-0.389 -0.352 -0.093
-0.389 -0.352 -0.056
-0.389 -0.352 -0.019
-0.389 -0.352 0.018
-0.389 -0.352 0.055
-0.389 -0.352 0.092
-0.389 -0.352 0.129
-0.389 -0.352 0.166
-0.389 -0.352 0.203
-0.389 -0.352 0.240
-0.389 -0.352 0.277
-0.389 -0.352 0.314
-0.389 -0.352 0.351
-0.389 -0.352 0.388
-0.389 -0.352 0.425
-0.389 -0.352 0.462
-0.389 -0.352 0.499
-0.389 -0.315 -0.500
-0.389 -0.315 -0.463
-0.389 -0.315 -0.426
-0.389 -0.315 -0.389
-0.389 -0.315 -0.352
-0.389 -0.315 -0.315
-0.389 -0.315 -0.278
-0.389 -0.315 -0.241
-0.389 -0.315 -0.204
-0.389 -0.315 -0.167
-0.389 -0.315 -0.130
-0.389 -0.315 -0.093
-0.389 -0.315 -0.056
-0.389 -0.315 -0.019
-0.389 -0.315 0.018
-0.389 -0.315 0.055
-0.389 -0.315 0.092
-0.389 -0.315 0.129
-0.389 -0.315 0.166
-0.389 -0.315 0.203
-0.389 -0.315 0.240
-0.389 -0.315 0.277
-0.389 -0.315 0.314
-0.389 -0.315 0.351
-0.389 -0.315 0.388
-0.389 -0.315 0.425
-0.389 -0.315 0.462
-0.389 -0.315 0.499
-0.389 -0.278 -0.500
-0.389 -0.278 -0.463
-0.389 -0.278 -0.426
-0.389 -0.278 -0.389
-0.389 -0.278 -0.352
-0.389 -0.278 -0.315
-0.389 -0.278 -0.278
-0.389 -0.278 -0.241
-0.389 -0.278 -0.204
-0.389 -0.278 -0.167
-0.389 -0.278 -0.130
-0.389 -0.278 -0.093
-0.389 -0.278 -0.056
-0.389 -0.278 -0.019
-0.389 -0.278 0.018
-0.389 -0.278 0.055
-0.389 -0.278 0.092
-0.389 -0.278 0.129
-0.389 -0.278 0.166
-0.389 -0.278 0.203
-0.389 -0.278 0.240
-0.389 -0.278 0.277
-0.389 -0.278 0.314
-0.389 -0.278 0.351
-0.389 -0.278 0.388
-0.389 -0.278 0.425
-0.389 -0.278 0.462
-0.389 -0.278 0.499
-0.389 -0.241 -0.500
-0.389 -0.241 -0.463
-0.389 -0.241 -0.426
-0.389 -0.241 -0.389
-0.389 -0.241 -0.352
-0.389 -0.241 -0.315
-0.389 -0.241 -0.278
-0.389 -0.241 -0.241
-0.389 -0.241 -0.204
-0.389 -0.241 -0.167
-0.389 -0.241 -0.130
-0.389 -0.241 -0.093
-0.389 -0.241 -0.056
-0.389 -0.241 -0.019
-0.389 -0.241 0.018
-0.389 -0.241 0.055
-0.389 -0.241 0.092
-0.389 -0.241 0.129
-0.389 -0.241 0.166
-0.389 -0.241 0.203
-0.389 -0.241 0.240
-0.389 -0.241 0.277
-0.389 -0.241 0.314
-0.389 -0.241 0.351
-0.389 -0.241 0.388
-0.389 -0.241 0.425
-0.389 -0.241 0.462
-0.389 -0.241 0.499
-0.389 -0.204 -0.500
-0.389 -0.204 -0.463
-0.389 -0.204 -0.426
-0.389 -0.204 -0.389
-0.389 -0.204 -0.352
-0.389 -0.204 -0.315
-0.389 -0.204 -0.278
-0.389 -0.204 -0.241
-0.389 -0.204 -0.204
-0.389 -0.204 -0.167
-0.389 -0.204 -0.130
-0.389 -0.204 -0.093
-0.389 -0.204 -0.056
-0.389 -0.204 -0.019
-0.389 -0.204 0.018
-0.389 -0.204 0.055
-0.389 -0.204 0.092
-0.389 -0.204 0.129
-0.389 -0.204 0.166
-0.389 -0.204 0.203
-0.389 -0.204 0.240
-0.389 -0.204 0.277
-0.389 -0.204 0.314
-0.389 -0.204 0.351
-0.389 -0.204 0.388
-0.389 -0.204 0.425
-0.389 -0.204 0.462
-0.389 -0.204 0.499
-0.389 -0.167 -0.500
-0.389 -0.167 -0.463
-0.389 -0.167 -0.426
-0.389 -0.167 -0.389
-0.389 -0.167 -0.352
-0.389 -0.167 -0.315
-0.389 -0.167 -0.278
-0.389 -0.167 -0.241
-0.389 -0.167 -0.204
-0.389 -0.167 -0.167
-0.389 -0.167 -0.130
-0.389 -0.167 -0.093
-0.389 -0.167 -0.056
-0.389 -0.167 -0.019
-0.389 -0.167 0.018
-0.389 -0.167 0.055
-0.389 -0.167 0.092
-0.389 -0.167 0.129
-0.389 -0.167 0.166
-0.389 -0.167 0.203
-0.389 -0.167 0.240
-0.389 -0.167 0.277
-0.389 -0.167 0.314
-0.389 -0.167 0.351
-0.389 -0.167 0.388
-0.389 -0.167 0.425
-0.389 -0.167 0.462
-0.389 -0.167 0.499
-0.389 -0.130 -0.500
-0.389 -0.130 -0.463
-0.389 -0.130 -0.426
-0.389 -0.130 -0.389
-0.389 -0.130 -0.352
-0.389 -0.130 -0.315
-0.389 -0.130 -0.278
-0.389 -0.130 -0.241
-0.389 -0.130 -0.204
-0.389 -0.130 -0.167
-0.389 -0.130 -0.130
-0.389 -0.130 -0.093
-0.389 -0.130 -0.056
-0.389 -0.130 -0.019
-0.389 -0.130 0.018
-0.389 -0.130 0.055
-0.389 -0.130 0.092
-0.389 -0.130 0.129
-0.389 -0.130 0.166
-0.389 -0.130 0.203
-0.389 -0.130 0.240
-0.389 -0.130 0.277
-0.389 -0.130 0.314
-0.389 -0.130 0.351
-0.389 -0.130 0.388
-0.389 -0.130 0.425
-0.389 -0.130 0.462
-0.389 -0.130 0.499
-0.389 -0.093 -0.500
-0.389 -0.093 -0.463
-0.389 -0.093 -0.426
-0.389 -0.093 -0.389
-0.389 -0.093 -0.352
-0.389 -0.093 -0.315
-0.389 -0.093 -0.278
-0.389 -0.093 -0.241
-0.389 -0.093 -0.204
-0.389 -0.093 -0.167
-0.389 -0.093 -0.130
-0.389 -0.093 -0.093
-0.389 -0.093 -0.056
-0.389 -0.093 -0.019
-0.389 -0.093 0.018
-0.389 -0.093 0.055
-0.389 -0.093 0.092
-0.389 -0.093 0.129
-0.389 -0.093 0.166
-0.389 -0.093 0.203
-0.389 -0.093 0.240
-0.389 -0.093 0.277
-0.389 -0.093 0.314
-0.389 -0.093 0.351
-0.389 -0.093 0.388
-0.389 -0.093 0.425
-0.389 -0.093 0.462
-0.389 -0.093 0.499
-0.389 -0.056 -0.500
-0.389 -0.056 -0.463
-0.389 -0.056 -0.426
-0.389 -0.056 -0.389
-0.389 -0.056 -0.352
-0.389 -0.056 -0.315
-0.389 -0.056 -0.278
-0.389 -0.056 -0.241
-0.389 -0.056 -0.204
-0.389 -0.056 -0.167
-0.389 -0.056 -0.130
-0.389 -0.056 -0.093
-0.389 -0.056 -0.056
-0.389 -0.056 -0.019
-0.389 -0.056 0.018
-0.389 -0.056 0.055
-0.389 -0.056 0.092
-0.389 -0.056 0.129
-0.389 -0.056 0.166
-0.389 -0.056 0.203
-0.389 -0.056 0.240
-0.389 -0.056 0.277
-0.389 -0.056 0.314
-0.389 -0.056 0.351
-0.389 -0.056 0.388
-0.389 -0.056 0.425
-0.389 -0.056 0.462
-0.389 -0.056 0.499
-0.389 -0.019 -0.500
-0.389 -0.019 -0.463
-0.389 -0.019 -0.426
-0.389 -0.019 -0.389
-0.389 -0.019 -0.352
-0.389 -0.019 -0.315
-0.389 -0.019 -0.278
-0.389 -0.019 -0.241
-0.389 -0.019 -0.204
-0.389 -0.019 -0.167
-0.389 -0.019 -0.130
-0.389 -0.019 -0.093
-0.389 -0.019 -0.056
-0.389 -0.019 -0.019
-0.389 -0.019 0.018
-0.389 -0.019 0.055
-0.389 -0.019 0.092
-0.389 -0.019 0.129
-0.389 -0.019 0.166
-0.389 -0.019 0.203
-0.389 -0.019 0.240
-0.389 -0.019 0.277
-0.389 -0.019 0.314
-0.389 -0.019 0.351
-0.389 -0.019 0.388
-0.389 -0.019 0.425
-0.389 -0.019 0.462
-0.389 -0.019 0.499
-0.389 0.018 -0.500
-0.389 0.018 -0.463
-0.389 0.018 -0.426
-0.389 0.018 -0.389
-0.389 0.018 -0.352
-0.389 0.018 -0.315
-0.389 0.018 -0.278
-0.389 0.018 -0.241
-0.389 0.018 -0.204
-0.389 0.018 -0.167
-0.389 0.018 -0.130
-0.389 0.018 -0.093
-0.389 0.018 -0.056
-0.389 0.018 -0.019
-0.389 0.018 0.018
-0.389 0.018 0.055
-0.389 0.018 0.092
-0.389 0.018 0.129
-0.389 0.018 0.166
-0.389 0.018 0.203
-0.389 0.018 0.240
-0.389 0.018 0.277
-0.389 0.018 0.314
-0.389 0.018 0.351
-0.389 0.018 0.388
-0.389 0.018 0.425
-0.389 0.018 0.462
-0.389 0.018 0.499
-0.389 0.055 -0.500
-0.389 0.055 -0.463
-0.389 0.055 -0.426
-0.389 0.055 -0.389
-0.389 0.055 -0.352
-0.389 0.055 -0.315
-0.389 0.055 -0.278
-0.389 0.055 -0.241
-0.389 0.055 -0.204
-0.389 0.055 -0.167
-0.389 0.055 -0.130
-0.389 0.055 -0.093
-0.389 0.055 -0.056
-0.389 0.055 -0.019
-0.389 0.055 0.018
-0.389 0.055 0.055
-0.389 0.055 0.092
-0.389 0.055 0.129
-0.389 0.055 0.166
-0.389 0.055 0.203
-0.389 0.055 0.240
-0.389 0.055 0.277
-0.389 0.055 0.314
-0.389 0.055 0.351
-0.389 0.055 0.388
-0.389 0.055 0.425
-0.389 0.055 0.462
-0.389 0.055 0.499
-0.389 0.092 -0.500
-0.389 0.092 -0.463
-0.389 0.092 -0.426
-0.389 0.092 -0.389
-0.389 0.092 -0.352
-0.389 0.092 -0.315
-0.389 0.092 -0.278
-0.389 0.092 -0.241
-0.389 0.092 -0.204
-0.389 0.092 -0.167
-0.389 0.092 -0.130
-0.389 0.092 -0.093
-0.389 0.092 -0.056
-0.389 0.092 -0.019
-0.389 0.092 0.018
-0.389 0.092 0.055
-0.389 0.092 0.092
-0.389 0.092 0.129
-0.389 0.092 0.166
-0.389 0.092 0.203
-0.389 0.092 0.240
-0.389 0.092 0.277
-0.389 0.092 0.314
-0.389 0.092 0.351
-0.389 0.092 0.388
-0.389 0.092 0.425
-0.389 0.092 0.462
-0.389 0.092 0.499
-0.389 0.129 -0.500
-0.389 0.129 -0.463
-0.389 0.129 -0.426
-0.389 0.129 -0.389
-0.389 0.129 -0.352
-0.389 0.129 -0.315
-0.389 0.129 -0.278
-0.389 0.129 -0.241
-0.389 0.129 -0.204
-0.389 0.129 -0.167
-0.389 0.129 -0.130
-0.389 0.129 -0.093
-0.389 0.129 -0.056
-0.389 0.129 -0.019
-0.389 0.129 0.018
-0.389 0.129 0.055
-0.389 0.129 0.092
-0.389 0.129 0.129
-0.389 0.129 0.166
-0.389 0.129 0.203
-0.389 0.129 0.240
-0.389 0.129 0.277
-0.389 0.129 0.314
-0.389 0.129 0.351
-0.389 0.129 0.388
-0.389 0.129 0.425
-0.389 0.129 0.462
-0.389 0.129 0.499
-0.389 0.166 -0.500
-0.389 0.166 -0.463
-0.389 0.166 -0.426
-0.389 0.166 -0.389
-0.389 0.166 -0.352
-0.389 0.166 -0.315
-0.389 0.166 -0.278
-0.389 0.166 -0.241
-0.389 0.166 -0.204
-0.389 0.166 -0.167
-0.389 0.166 -0.130
-0.389 0.166 -0.093
-0.389 0.166 -0.056
-0.389 0.166 -0.019
-0.389 0.166 0.018
-0.389 0.166 0.055
-0.389 0.166 0.092
-0.389 0.166 0.129
-0.389 0.166 0.166
-0.389 0.166 0.203
-0.389 0.166 0.240
-0.389 0.166 0.277
-0.389 0.166 0.314
-0.389 0.166 0.351
-0.389 0.166 0.388
-0.389 0.166 0.425
-0.389 0.166 0.462
-0.389 0.166 0.499
-0.389 0.203 -0.500
-0.389 0.203 -0.463
-0.389 0.203 -0.426
-0.389 0.203 -0.389
-0.389 0.203 -0.352
-0.389 0.203 -0.315
-0.389 0.203 -0.278
-0.389 0.203 -0.241
-0.389 0.203 -0.204
-0.389 0.203 -0.167
-0.389 0.203 -0.130
-0.389 0.203 -0.093
-0.389 0.203 -0.056
-0.389 0.203 -0.019
-0.389 0.203 0.018
-0.389 0.203 0.055
-0.389 0.203 0.092
-0.389 0.203 0.129
-0.389 0.203 0.166
-0.389 0.203 0.203
-0.389 0.203 0.240
-0.389 0.203 0.277
-0.389 0.203 0.314
-0.389 0.203 0.351
-0.389 0.203 0.388
-0.389 0.203 0.425
-0.389 0.203 0.462
-0.389 0.203 0.499
-0.389 0.240 -0.500
-0.389 0.240 -0.463
-0.389 0.240 -0.426
-0.389 0.240 -0.389
-0.389 0.240 -0.352
-0.389 0.240 -0.315
-0.389 0.240 -0.278
-0.389 0.240 -0.241
-0.389 0.240 -0.204
-0.389 0.240 -0.167
-0.389 0.240 -0.130
-0.389 0.240 -0.093
-0.389 0.240 -0.056
-0.389 0.240 -0.019
-0.389 0.240 0.018
-0.389 0.240 0.055
-0.389 0.240 0.092
-0.389 0.240 0.129
-0.389 0.240 0.166
-0.389 0.240 0.203
-0.389 0.240 0.240
-0.389 0.240 0.277
-0.389 0.240 0.314
-0.389 0.240 0.351
-0.389 0.240 0.388
-0.389 0.240 0.425
-0.389 0.240 0.462
-0.389 0.240 0.499
-0.389 0.277 -0.500
-0.389 0.277 -0.463
-0.389 0.277 -0.426
-0.389 0.277 -0.389
-0.389 0.277 -0.352
-0.389 0.277 -0.315
-0.389 0.277 -0.278
-0.389 0.277 -0.241
-0.389 0.277 -0.204
-0.389 0.277 -0.167
-0.389 0.277 -0.130
-0.389 0.277 -0.093
-0.389 0.277 -0.056
-0.389 0.277 -0.019
-0.389 0.277 0.018
-0.389 0.277 0.055
-0.389 0.277 0.092
-0.389 0.277 0.129
-0.389 0.277 0.166
-0.389 0.277 0.203
-0.389 0.277 0.240
-0.389 0.277 0.277
-0.389 0.277 0.314
-0.389 0.277 0.351
-0.389 0.277 0.388
-0.389 0.277 0.425
-0.389 0.277 0.462
-0.389 0.277 0.499
-0.389 0.314 -0.500
-0.389 0.314 -0.463
-0.389 0.314 -0.426
-0.389 0.314 -0.389
-0.389 0.314 -0.352
-0.389 0.314 -0.315
-0.389 0.314 -0.278
-0.389 0.314 -0.241
-0.389 0.314 -0.204
-0.389 0.314 -0.167
-0.389 0.314 -0.130
-0.389 0.314 -0.093
-0.389 0.314 -0.056
-0.389 0.314 -0.019
-0.389 0.314 0.018
-0.389 0.314 0.055
-0.389 0.314 0.092
-0.389 0.314 0.129
-0.389 0.314 0.166
-0.389 0.314 0.203
-0.389 0.314 0.240
-0.389 0.314 0.277
-0.389 0.314 0.314
-0.389 0.314 0.351
-0.389 0.314 0.388
-0.389 0.314 0.425
-0.389 0.314 0.462
-0.389 0.314 0.499
-0.389 0.351 -0.500
-0.389 0.351 -0.463
-0.389 0.351 -0.426
-0.389 0.351 -0.389
-0.389 0.351 -0.352
-0.389 0.351 -0.315
-0.389 0.351 -0.278
-0.389 0.351 -0.241
-0.389 0.351 -0.204
-0.389 0.351 -0.167
-0.389 0.351 -0.130
-0.389 0.351 -0.093
-0.389 0.351 -0.056
-0.389 0.351 -0.019
-0.389 0.351 0.018
-0.389 0.351 0.055
-0.389 0.351 0.092
-0.389 0.351 0.129
-0.389 0.351 0.166
-0.389 0.351 0.203
-0.389 0.351 0.240
-0.389 0.351 0.277
-0.389 0.351 0.314
-0.389 0.351 0.351
-0.389 0.351 0.388
-0.389 0.351 0.425
-0.389 0.351 0.462
-0.389 0.351 0.499
-0.389 0.388 -0.500
-0.389 0.388 -0.463
-0.389 0.388 -0.426
-0.389 0.388 -0.389
-0.389 0.388 -0.352
-0.389 0.388 -0.315
-0.389 0.388 -0.278
-0.389 0.388 -0.241
-0.389 0.388 -0.204
-0.389 0.388 -0.167
-0.389 0.388 -0.130
-0.389 0.388 -0.093
-0.389 0.388 -0.056
-0.389 0.388 -0.019
-0.389 0.388 0.018
-0.389 0.388 0.055
-0.389 0.388 0.092
-0.389 0.388 0.129
-0.389 0.388 0.166
-0.389 0.388 0.203
-0.389 0.388 0.240
-0.389 0.388 0.277
-0.389 0.388 0.314
-0.389 0.388 0.351
-0.389 0.388 0.388
-0.389 0.388 0.425
-0.389 0.388 0.462
-0.389 0.388 0.499
-0.389 0.425 -0.500
-0.389 0.425 -0.463
-0.389 0.425 -0.426
-0.389 0.425 -0.389
-0.389 0.425 -0.352
-0.389 0.425 -0.315
-0.389 0.425 -0.278
-0.389 0.425 -0.241
-0.389 0.425 -0.204
-0.389 0.425 -0.167
-0.389 0.425 -0.130
-0.389 0.425 -0.093
-0.389 0.425 -0.056
-0.389 0.425 -0.019
-0.389 0.425 0.018
-0.389 0.425 0.055
-0.389 0.425 0.092
-0.389 0.425 0.129
-0.389 0.425 0.166
-0.389 0.425 0.203
-0.389 0.425 0.240
-0.389 0.425 0.277
-0.389 0.425 0.314
-0.389 0.425 0.351
-0.389 0.425 0.388
-0.389 0.425 0.425
-0.389 0.425 0.462
-0.389 0.425 0.499
-0.389 0.462 -0.500
-0.389 0.462 -0.463
-0.389 0.462 -0.426
-0.389 0.462 -0.389
-0.389 0.462 -0.352
-0.389 0.462 -0.315
-0.389 0.462 -0.278
-0.389 0.462 -0.241
-0.389 0.462 -0.204
-0.389 0.462 -0.167
-0.389 0.462 -0.130
-0.389 0.462 -0.093
-0.389 0.462 -0.056
-0.389 0.462 -0.019
-0.389 0.462 0.018
-0.389 0.462 0.055
-0.389 0.462 0.092
-0.389 0.462 0.129
-0.389 0.462 0.166
-0.389 0.462 0.203
-0.389 0.462 0.240
-0.389 0.462 0.277
-0.389 0.462 0.314
-0.389 0.462 0.351
-0.389 0.462 0.388
-0.389 0.462 0.425
-0.389 0.462 0.462
-0.389 0.462 0.499
-0.389 0.499 -0.500
-0.389 0.499 -0.463
-0.389 0.499 -0.426
-0.389 0.499 -0.389
-0.389 0.499 -0.352
-0.389 0.499 -0.315
-0.389 0.499 -0.278
-0.389 0.499 -0.241
-0.389 0.499 -0.204
-0.389 0.499 -0.167
-0.389 0.499 -0.130
-0.389 0.499 -0.093
-0.389 0.499 -0.056
-0.389 0.499 -0.019
-0.389 0.499 0.018
-0.389 0.499 0.055
-0.389 0.499 0.092
-0.389 0.499 0.129
-0.389 0.499 0.166
-0.389 0.499 0.203
-0.389 0.499 0.240
-0.389 0.499 0.277
-0.389 0.499 0.314
-0.389 0.499 0.351
-0.389 0.499 0.388
-0.389 0.499 0.425
-0.389 0.499 0.462
-0.389 0.499 0.499
-0.352 -0.500 -0.500
-0.352 -0.500 -0.463
-0.352 -0.500 -0.426
-0.352 -0.500 -0.389
-0.352 -0.500 -0.352
-0.352 -0.500 -0.315
-0.352 -0.500 -0.278
-0.352 -0.500 -0.241
-0.352 -0.500 -0.204
-0.352 -0.500 -0.167
-0.352 -0.500 -0.130
-0.352 -0.500 -0.093
-0.352 -0.500 -0.056
-0.352 -0.500 -0.019
-0.352 -0.500 0.018
-0.352 -0.500 0.055
-0.352 -0.500 0.092
-0.352 -0.500 0.129
-0.352 -0.500 0.166
-0.352 -0.500 0.203
-0.352 -0.500 0.240
-0.352 -0.500 0.277
-0.352 -0.500 0.314
-0.352 -0.500 0.351
-0.352 -0.500 0.388
-0.352 -0.500 0.425
-0.352 -0.500 0.462
-0.352 -0.500 0.499
-0.352 -0.463 -0.500
-0.352 -0.463 -0.463
-0.352 -0.463 -0.426
-0.352 -0.463 -0.389
-0.352 -0.463 -0.352
-0.352 -0.463 -0.315
-0.352 -0.463 -0.278
-0.352 -0.463 -0.241
-0.352 -0.463 -0.204
-0.352 -0.463 -0.167
-0.352 -0.463 -0.130
-0.352 -0.463 -0.093
-0.352 -0.463 -0.056
-0.352 -0.463 -0.019
-0.352 -0.463 0.018
-0.352 -0.463 0.055
-0.352 -0.463 0.092
-0.352 -0.463 0.129
-0.352 -0.463 0.166
-0.352 -0.463 0.203
-0.352 -0.463 0.240
-0.352 -0.463 0.277
-0.352 -0.463 0.314
-0.352 -0.463 0.351
-0.352 -0.463 0.388
-0.352 -0.463 0.425
-0.352 -0.463 0.462
-0.352 -0.463 0.499
-0.352 -0.426 -0.500
-0.352 -0.426 -0.463
-0.352 -0.426 -0.426
-0.352 -0.426 -0.389
-0.352 -0.426 -0.352
-0.352 -0.426 -0.315
-0.352 -0.426 -0.278
-0.352 -0.426 -0.241
-0.352 -0.426 -0.204
-0.352 -0.426 -0.167
-0.352 -0.426 -0.130
-0.352 -0.426 -0.093
-0.352 -0.426 -0.056
-0.352 -0.426 -0.019
-0.352 -0.426 0.018
-0.352 -0.426 0.055
-0.352 -0.426 0.092
-0.352 -0.426 0.129
-0.352 -0.426 0.166
-0.352 -0.426 0.203
-0.352 -0.426 0.240
-0.352 -0.426 0.277
-0.352 -0.426 0.314
-0.352 -0.426 0.351
-0.352 -0.426 0.388
-0.352 -0.426 0.425
-0.352 -0.426 0.462
-0.352 -0.426 0.499
-0.352 -0.389 -0.500
-0.352 -0.389 -0.463
-0.352 -0.389 -0.426
-0.352 -0.389 -0.389
-0.352 -0.389 -0.352
-0.352 -0.389 -0.315
-0.352 -0.389 -0.278
-0.352 -0.389 -0.241
-0.352 -0.389 -0.204
-0.352 -0.389 -0.167
-0.352 -0.389 -0.130
-0.352 -0.389 -0.093
-0.352 -0.389 -0.056
-0.352 -0.389 -0.019
-0.352 -0.389 0.018
-0.352 -0.389 0.055
-0.352 -0.389 0.092
-0.352 -0.389 0.129
-0.352 -0.389 0.166
-0.352 -0.389 0.203
-0.352 -0.389 0.240
-0.352 -0.389 0.277
-0.352 -0.389 0.314
-0.352 -0.389 0.351
-0.352 -0.389 0.388
-0.352 -0.389 0.425
-0.352 -0.389 0.462
-0.352 -0.389 0.499
-0.352 -0.352 -0.500
-0.352 -0.352 -0.463
-0.352 -0.352 -0.426
-0.352 -0.352 -0.389
-0.352 -0.352 -0.352
-0.352 -0.352 -0.315
-0.352 -0.352 -0.278
-0.352 -0.352 -0.241
-0.352 -0.352 -0.204
-0.352 -0.352 -0.167
-0.352 -0.352 -0.130
-0.352 -0.352 -0.093
-0.352 -0.352 -0.056
-0.352 -0.352 -0.019
-0.352 -0.352 0.018
-0.352 -0.352 0.055
-0.352 -0.352 0.092
-0.352 -0.352 0.129
-0.352 -0.352 0.166
-0.352 -0.352 0.203
-0.352 -0.352 0.240
-0.352 -0.352 0.277
-0.352 -0.352 0.314
-0.352 -0.352 0.351
-0.352 -0.352 0.388
-0.352 -0.352 0.425
-0.352 -0.352 0.462
-0.352 -0.352 0.499
-0.352 -0.315 -0.500
-0.352 -0.315 -0.463
-0.352 -0.315 -0.426
-0.352 -0.315 -0.389
-0.352 -0.315 -0.352
-0.352 -0.315 -0.315
-0.352 -0.315 -0.278
-0.352 -0.315 -0.241
-0.352 -0.315 -0.204
-0.352 -0.315 -0.167
-0.352 -0.315 -0.130
-0.352 -0.315 -0.093
-0.352 -0.315 -0.056
-0.352 -0.315 -0.019
-0.352 -0.315 0.018
-0.352 -0.315 0.055
-0.352 -0.315 0.092
-0.352 -0.315 0.129
-0.352 -0.315 0.166
-0.352 -0.315 0.203
-0.352 -0.315 0.240
-0.352 -0.315 0.277
-0.352 -0.315 0.314
-0.352 -0.315 0.351
-0.352 -0.315 0.388
-0.352 -0.315 0.425
-0.352 -0.315 0.462
-0.352 -0.315 0.499
-0.352 -0.278 -0.500
-0.352 -0.278 -0.463
-0.352 -0.278 -0.426
-0.352 -0.278 -0.389
-0.352 -0.278 -0.352
-0.352 -0.278 -0.315
-0.352 -0.278 -0.278
-0.352 -0.278 -0.241
-0.352 -0.278 -0.204
-0.352 -0.278 -0.167
-0.352 -0.278 -0.130
-0.352 -0.278 -0.093
-0.352 -0.278 -0.056
-0.352 -0.278 -0.019
-0.352 -0.278 0.018
-0.352 -0.278 0.055
-0.352 -0.278 0.092
-0.352 -0.278 0.129
-0.352 -0.278 0.166
-0.352 -0.278 0.203
-0.352 -0.278 0.240
-0.352 -0.278 0.277
-0.352 -0.278 0.314
-0.352 -0.278 0.351
-0.352 -0.278 0.388
-0.352 -0.278 0.425
-0.352 -0.278 0.462
-0.352 -0.278 0.499
-0.352 -0.241 -0.500
-0.352 -0.241 -0.463
-0.352 -0.241 -0.426
-0.352 -0.241 -0.389
-0.352 -0.241 -0.352
-0.352 -0.241 -0.315
-0.352 -0.241 -0.278
-0.352 -0.241 -0.241
-0.352 -0.241 -0.204
-0.352 -0.241 -0.167
-0.352 -0.241 -0.130
-0.352 -0.241 -0.093
-0.352 -0.241 -0.056
-0.352 -0.241 -0.019
-0.352 -0.241 0.018
-0.352 -0.241 0.055
-0.352 -0.241 0.092
-0.352 -0.241 0.129
-0.352 -0.241 0.166
-0.352 -0.241 0.203
-0.352 -0.241 0.240
-0.352 -0.241 0.277
-0.352 -0.241 0.314
-0.352 -0.241 0.351
-0.352 -0.241 0.388
-0.352 -0.241 0.425
-0.352 -0.241 0.462
-0.352 -0.241 0.499
-0.352 -0.204 -0.500
-0.352 -0.204 -0.463
-0.352 -0.204 -0.426
-0.352 -0.204 -0.389
-0.352 -0.204 -0.352
-0.352 -0.204 -0.315
-0.352 -0.204 -0.278
-0.352 -0.204 -0.241
-0.352 -0.204 -0.204
-0.352 -0.204 -0.167
-0.352 -0.204 -0.130
-0.352 -0.204 -0.093
-0.352 -0.204 -0.056
-0.352 -0.204 -0.019
-0.352 -0.204 0.018
-0.352 -0.204 0.055
-0.352 -0.204 0.092
-0.352 -0.204 0.129
-0.352 -0.204 0.166
-0.352 -0.204 0.203
-0.352 -0.204 0.240
-0.352 -0.204 0.277
-0.352 -0.204 0.314
-0.352 -0.204 0.351
-0.352 -0.204 0.388
-0.352 -0.204 0.425
-0.352 -0.204 0.462
-0.352 -0.204 0.499
-0.352 -0.167 -0.500
-0.352 -0.167 -0.463
-0.352 -0.167 -0.426
-0.352 -0.167 -0.389
-0.352 -0.167 -0.352
-0.352 -0.167 -0.315
-0.352 -0.167 -0.278
-0.352 -0.167 -0.241
-0.352 -0.167 -0.204
-0.352 -0.167 -0.167
-0.352 -0.167 -0.130
-0.352 -0.167 -0.093
-0.352 -0.167 -0.056
-0.352 -0.167 -0.019
-0.352 -0.167 0.018
-0.352 -0.167 0.055
-0.352 -0.167 0.092
-0.352 -0.167 0.129
-0.352 -0.167 0.166
-0.352 -0.167 0.203
-0.352 -0.167 0.240
-0.352 -0.167 0.277
-0.352 -0.167 0.314
-0.352 -0.167 0.351
-0.352 -0.167 0.388
-0.352 -0.167 0.425
-0.352 -0.167 0.462
-0.352 -0.167 0.499
-0.352 -0.130 -0.500
-0.352 -0.130 -0.463
-0.352 -0.130 -0.426
-0.352 -0.130 -0.389
-0.352 -0.130 -0.352
-0.352 -0.130 -0.315
-0.352 -0.130 -0.278
-0.352 -0.130 -0.241
-0.352 -0.130 -0.204
-0.352 -0.130 -0.167
-0.352 -0.130 -0.130
-0.352 -0.130 -0.093
-0.352 -0.130 -0.056
-0.352 -0.130 -0.019
-0.352 -0.130 0.018
-0.352 -0.130 0.055
-0.352 -0.130 0.092
-0.352 -0.130 0.129
-0.352 -0.130 0.166
-0.352 -0.130 0.203
-0.352 -0.130 0.240
-0.352 -0.130 0.277
-0.352 -0.130 0.314
-0.352 -0.130 0.351
-0.352 -0.130 0.388
-0.352 -0.130 0.425
-0.352 -0.130 0.462
-0.352 -0.130 0.499
-0.352 -0.093 -0.500
-0.352 -0.093 -0.463
-0.352 -0.093 -0.426
-0.352 -0.093 -0.389
-0.352 -0.093 -0.352
-0.352 -0.093 -0.315
-0.352 -0.093 -0.278
-0.352 -0.093 -0.241
-0.352 -0.093 -0.204
-0.352 -0.093 -0.167
-0.352 -0.093 -0.130
-0.352 -0.093 -0.093
-0.352 -0.093 -0.056
-0.352 -0.093 -0.019
-0.352 -0.093 0.018
-0.352 -0.093 0.055
-0.352 -0.093 0.092
-0.352 -0.093 0.129
-0.352 -0.093 0.166
-0.352 -0.093 0.203
-0.352 -0.093 0.240
-0.352 -0.093 0.277
-0.352 -0.093 0.314
-0.352 -0.093 0.351
-0.352 -0.093 0.388
-0.352 -0.093 0.425
-0.352 -0.093 0.462
-0.352 -0.093 0.499
-0.352 -0.056 -0.500
-0.352 -0.056 -0.463
-0.352 -0.056 -0.426
-0.352 -0.056 -0.389
-0.352 -0.056 -0.352
-0.352 -0.056 -0.315
-0.352 -0.056 -0.278
-0.352 -0.056 -0.241
-0.352 -0.056 -0.204
-0.352 -0.056 -0.167
-0.352 -0.056 -0.130
-0.352 -0.056 -0.093
-0.352 -0.056 -0.056
-0.352 -0.056 -0.019
-0.352 -0.056 0.018
-0.352 -0.056 0.055
-0.352 -0.056 0.092
-0.352 -0.056 0.129
-0.352 -0.056 0.166
-0.352 -0.056 0.203
-0.352 -0.056 0.240
-0.352 -0.056 0.277
-0.352 -0.056 0.314
-0.352 -0.056 0.351
-0.352 -0.056 0.388
-0.352 -0.056 0.425
-0.352 -0.056 0.462
-0.352 -0.056 0.499
-0.352 -0.019 -0.500
-0.352 -0.019 -0.463
-0.352 -0.019 -0.426
-0.352 -0.019 -0.389
-0.352 -0.019 -0.352
-0.352 -0.019 -0.315
-0.352 -0.019 -0.278
-0.352 -0.019 -0.241
-0.352 -0.019 -0.204
-0.352 -0.019 -0.167
-0.352 -0.019 -0.130
-0.352 -0.019 -0.093
-0.352 -0.019 -0.056
-0.352 -0.019 -0.019
-0.352 -0.019 0.018
-0.352 -0.019 0.055
-0.352 -0.019 0.092
-0.352 -0.019 0.129
-0.352 -0.019 0.166
-0.352 -0.019 0.203
-0.352 -0.019 0.240
-0.352 -0.019 0.277
-0.352 -0.019 0.314
-0.352 -0.019 0.351
-0.352 -0.019 0.388
-0.352 -0.019 0.425
-0.352 -0.019 0.462
-0.352 -0.019 0.499
-0.352 0.018 -0.500
-0.352 0.018 -0.463
-0.352 0.018 -0.426
-0.352 0.018 -0.389
-0.352 0.018 -0.352
-0.352 0.018 -0.315
-0.352 0.018 -0.278
-0.352 0.018 -0.241
-0.352 0.018 -0.204
-0.352 0.018 -0.167
-0.352 0.018 -0.130
-0.352 0.018 -0.093
-0.352 0.018 -0.056
-0.352 0.018 -0.019
-0.352 0.018 0.018
-0.352 0.018 0.055
-0.352 0.018 0.092
-0.352 0.018 0.129
-0.352 0.018 0.166
-0.352 0.018 0.203
-0.352 0.018 0.240
-0.352 0.018 0.277
-0.352 0.018 0.314
-0.352 0.018 0.351
-0.352 0.018 0.388
-0.352 0.018 0.425
-0.352 0.018 0.462
-0.352 0.018 0.499
-0.352 0.055 -0.500
-0.352 0.055 -0.463
-0.352 0.055 -0.426
-0.352 0.055 -0.389
-0.352 0.055 -0.352
-0.352 0.055 -0.315
-0.352 0.055 -0.278
-0.352 0.055 -0.241
-0.352 0.055 -0.204
-0.352 0.055 -0.167
-0.352 0.055 -0.130
-0.352 0.055 -0.093
-0.352 0.055 -0.056
-0.352 0.055 -0.019
-0.352 0.055 0.018
-0.352 0.055 0.055
-0.352 0.055 0.092
-0.352 0.055 0.129
-0.352 0.055 0.166
-0.352 0.055 0.203
-0.352 0.055 0.240
-0.352 0.055 0.277
-0.352 0.055 0.314
-0.352 0.055 0.351
-0.352 0.055 0.388
-0.352 0.055 0.425
-0.352 0.055 0.462
-0.352 0.055 0.499
-0.352 0.092 -0.500
-0.352 0.092 -0.463
-0.352 0.092 -0.426
-0.352 0.092 -0.389
-0.352 0.092 -0.352
-0.352 0.092 -0.315
-0.352 0.092 -0.278
-0.352 0.092 -0.241
-0.352 0.092 -0.204
-0.352 0.092 -0.167
-0.352 0.092 -0.130
-0.352 0.092 -0.093
-0.352 0.092 -0.056
-0.352 0.092 -0.019
-0.352 0.092 0.018
-0.352 0.092 0.055
-0.352 0.092 0.092
-0.352 0.092 0.129
-0.352 0.092 0.166
-0.352 0.092 0.203
-0.352 0.092 0.240
-0.352 0.092 0.277
-0.352 0.092 0.314
-0.352 0.092 0.351
-0.352 0.092 0.388
-0.352 0.092 0.425
-0.352 0.092 0.462
-0.352 0.092 0.499
-0.352 0.129 -0.500
-0.352 0.129 -0.463
-0.352 0.129 -0.426
-0.352 0.129 -0.389
-0.352 0.129 -0.352
-0.352 0.129 -0.315
-0.352 0.129 -0.278
-0.352 0.129 -0.241
-0.352 0.129 -0.204
-0.352 0.129 -0.167
-0.352 0.129 -0.130
-0.352 0.129 -0.093
-0.352 0.129 -0.056
-0.352 0.129 -0.019
-0.352 0.129 0.018
-0.352 0.129 0.055
-0.352 0.129 0.092
-0.352 0.129 0.129
-0.352 0.129 0.166
-0.352 0.129 0.203
-0.352 0.129 0.240
-0.352 0.129 0.277
-0.352 0.129 0.314
-0.352 0.129 0.351
-0.352 0.129 0.388
-0.352 0.129 0.425
-0.352 0.129 0.462
-0.352 0.129 0.499
-0.352 0.166 -0.500
-0.352 0.166 -0.463
-0.352 0.166 -0.426
-0.352 0.166 -0.389
-0.352 0.166 -0.352
-0.352 0.166 -0.315
-0.352 0.166 -0.278
-0.352 0.166 -0.241
-0.352 0.166 -0.204
-0.352 0.166 -0.167
-0.352 0.166 -0.130
-0.352 0.166 -0.093
-0.352 0.166 -0.056
-0.352 0.166 -0.019
-0.352 0.166 0.018
-0.352 0.166 0.055
-0.352 0.166 0.092
-0.352 0.166 0.129
-0.352 0.166 0.166
-0.352 0.166 0.203
-0.352 0.166 0.240
-0.352 0.166 0.277
-0.352 0.166 0.314
-0.352 0.166 0.351
-0.352 0.166 0.388
-0.352 0.166 0.425
-0.352 0.166 0.462
-0.352 0.166 0.499
-0.352 0.203 -0.500
-0.352 0.203 -0.463
-0.352 0.203 -0.426
-0.352 0.203 -0.389
-0.352 0.203 -0.352
-0.352 0.203 -0.315
-0.352 0.203 -0.278
-0.352 0.203 -0.241
-0.352 0.203 -0.204
-0.352 0.203 -0.167
-0.352 0.203 -0.130
-0.352 0.203 -0.093
-0.352 0.203 -0.056
-0.352 0.203 -0.019
-0.352 0.203 0.018
-0.352 0.203 0.055
-0.352 0.203 0.092
-0.352 0.203 0.129
-0.352 0.203 0.166
-0.352 0.203 0.203
-0.352 0.203 0.240
-0.352 0.203 0.277
-0.352 0.203 0.314
-0.352 0.203 0.351
-0.352 0.203 0.388
-0.352 0.203 0.425
-0.352 0.203 0.462
-0.352 0.203 0.499
-0.352 0.240 -0.500
-0.352 0.240 -0.463
-0.352 0.240 -0.426
-0.352 0.240 -0.389
-0.352 0.240 -0.352
-0.352 0.240 -0.315
-0.352 0.240 -0.278
-0.352 0.240 -0.241
-0.352 0.240 -0.204
-0.352 0.240 -0.167
-0.352 0.240 -0.130
-0.352 0.240 -0.093
-0.352 0.240 -0.056
-0.352 0.240 -0.019
-0.352 0.240 0.018
-0.352 0.240 0.055
-0.352 0.240 0.092
-0.352 0.240 0.129
-0.352 0.240 0.166
-0.352 0.240 0.203
-0.352 0.240 0.240
-0.352 0.240 0.277
-0.352 0.240 0.314
-0.352 0.240 0.351
-0.352 0.240 0.388
-0.352 0.240 0.425
-0.352 0.240 0.462
-0.352 0.240 0.499
-0.352 0.277 -0.500
-0.352 0.277 -0.463
-0.352 0.277 -0.426
-0.352 0.277 -0.389
-0.352 0.277 -0.352
-0.352 0.277 -0.315
-0.352 0.277 -0.278
-0.352 0.277 -0.241
-0.352 0.277 -0.204
-0.352 0.277 -0.167
-0.352 0.277 -0.130
-0.352 0.277 -0.093
-0.352 0.277 -0.056
-0.352 0.277 -0.019
-0.352 0.277 0.018
-0.352 0.277 0.055
-0.352 0.277 0.092
-0.352 0.277 0.129
-0.352 0.277 0.166
-0.352 0.277 0.203
-0.352 0.277 0.240
-0.352 0.277 0.277
-0.352 0.277 0.314
-0.352 0.277 0.351
-0.352 0.277 0.388
-0.352 0.277 0.425
-0.352 0.277 0.462
-0.352 0.277 0.499
-0.352 0.314 -0.500
-0.352 0.314 -0.463
-0.352 0.314 -0.426
-0.352 0.314 -0.389
-0.352 0.314 -0.352
-0.352 0.314 -0.315
-0.352 0.314 -0.278
-0.352 0.314 -0.241
-0.352 0.314 -0.204
-0.352 0.314 -0.167
-0.352 0.314 -0.130
-0.352 0.314 -0.093
-0.352 0.314 -0.056
-0.352 0.314 -0.019
-0.352 0.314 0.018
-0.352 0.314 0.055
-0.352 0.314 0.092
-0.352 0.314 0.129
-0.352 0.314 0.166
-0.352 0.314 0.203
-0.352 0.314 0.240
-0.352 0.314 0.277
-0.352 0.314 0.314
-0.352 0.314 0.351
-0.352 0.314 0.388
-0.352 0.314 0.425
-0.352 0.314 0.462
-0.352 0.314 0.499
-0.352 0.351 -0.500
-0.352 0.351 -0.463
-0.352 0.351 -0.426
-0.352 0.351 -0.389
-0.352 0.351 -0.352
-0.352 0.351 -0.315
-0.352 0.351 -0.278
-0.352 0.351 -0.241
-0.352 0.351 -0.204
-0.352 0.351 -0.167
-0.352 0.351 -0.130
-0.352 0.351 -0.093
-0.352 0.351 -0.056
-0.352 0.351 -0.019
-0.352 0.351 0.018
-0.352 0.351 0.055
-0.352 0.351 0.092
-0.352 0.351 0.129
-0.352 0.351 0.166
-0.352 0.351 0.203
-0.352 0.351 0.240
-0.352 0.351 0.277
-0.352 0.351 0.314
-0.352 0.351 0.351
-0.352 0.351 0.388
-0.352 0.351 0.425
-0.352 0.351 0.462
-0.352 0.351 0.499
-0.352 0.388 -0.500
-0.352 0.388 -0.463
-0.352 0.388 -0.426
-0.352 0.388 -0.389
-0.352 0.388 -0.352
-0.352 0.388 -0.315
-0.352 0.388 -0.278
-0.352 0.388 -0.241
-0.352 0.388 -0.204
-0.352 0.388 -0.167
-0.352 0.388 -0.130
-0.352 0.388 -0.093
-0.352 0.388 -0.056
-0.352 0.388 -0.019
-0.352 0.388 0.018
-0.352 0.388 0.055
-0.352 0.388 0.092
-0.352 0.388 0.129
-0.352 0.388 0.166
-0.352 0.388 0.203
-0.352 0.388 0.240
-0.352 0.388 0.277
-0.352 0.388 0.314
-0.352 0.388 0.351
-0.352 0.388 0.388
-0.352 0.388 0.425
-0.352 0.388 0.462
-0.352 0.388 0.499
-0.352 0.425 -0.500
-0.352 0.425 -0.463
-0.352 0.425 -0.426
-0.352 0.425 -0.389
-0.352 0.425 -0.352
-0.352 0.425 -0.315
-0.352 0.425 -0.278
-0.352 0.425 -0.241
-0.352 0.425 -0.204
-0.352 0.425 -0.167
-0.352 0.425 -0.130
-0.352 0.425 -0.093
-0.352 0.425 -0.056
-0.352 0.425 -0.019
-0.352 0.425 0.018
-0.352 0.425 0.055
-0.352 0.425 0.092
-0.352 0.425 0.129
-0.352 0.425 0.166
-0.352 0.425 0.203
-0.352 0.425 0.240
-0.352 0.425 0.277
-0.352 0.425 0.314
-0.352 0.425 0.351
-0.352 0.425 0.388
-0.352 0.425 0.425
-0.352 0.425 0.462
-0.352 0.425 0.499
-0.352 0.462 -0.500
-0.352 0.462 -0.463
-0.352 0.462 -0.426
-0.352 0.462 -0.389
-0.352 0.462 -0.352
-0.352 0.462 -0.315
-0.352 0.462 -0.278
-0.352 0.462 -0.241
-0.352 0.462 -0.204
-0.352 0.462 -0.167
-0.352 0.462 -0.130
-0.352 0.462 -0.093
-0.352 0.462 -0.056
-0.352 0.462 -0.019
-0.352 0.462 0.018
-0.352 0.462 0.055
-0.352 0.462 0.092
-0.352 0.462 0.129
-0.352 0.462 0.166
-0.352 0.462 0.203
-0.352 0.462 0.240
-0.352 0.462 0.277
-0.352 0.462 0.314
-0.352 0.462 0.351
-0.352 0.462 0.388
-0.352 0.462 0.425
-0.352 0.462 0.462
-0.352 0.462 0.499
-0.352 0.499 -0.500
-0.352 0.499 -0.463
-0.352 0.499 -0.426
-0.352 0.499 -0.389
-0.352 0.499 -0.352
-0.352 0.499 -0.315
-0.352 0.499 -0.278
-0.352 0.499 -0.241
-0.352 0.499 -0.204
-0.352 0.499 -0.167
-0.352 0.499 -0.130
-0.352 0.499 -0.093
-0.352 0.499 -0.056
-0.352 0.499 -0.019
-0.352 0.499 0.018
-0.352 0.499 0.055
-0.352 0.499 0.092
-0.352 0.499 0.129
-0.352 0.499 0.166
-0.352 0.499 0.203
-0.352 0.499 0.240
-0.352 0.499 0.277
-0.352 0.499 0.314
-0.352 0.499 0.351
-0.352 0.499 0.388
-0.352 0.499 0.425
-0.352 0.499 0.462
-0.352 0.499 0.499
-0.315 -0.500 -0.500
-0.315 -0.500 -0.463
-0.315 -0.500 -0.426
-0.315 -0.500 -0.389
-0.315 -0.500 -0.352
-0.315 -0.500 -0.315
-0.315 -0.500 -0.278
-0.315 -0.500 -0.241
-0.315 -0.500 -0.204
-0.315 -0.500 -0.167
-0.315 -0.500 -0.130
-0.315 -0.500 -0.093
-0.315 -0.500 -0.056
-0.315 -0.500 -0.019
-0.315 -0.500 0.018
-0.315 -0.500 0.055
-0.315 -0.500 0.092
-0.315 -0.500 0.129
-0.315 -0.500 0.166
-0.315 -0.500 0.203
-0.315 -0.500 0.240
-0.315 -0.500 0.277
-0.315 -0.500 0.314
-0.315 -0.500 0.351
-0.315 -0.500 0.388
-0.315 -0.500 0.425
-0.315 -0.500 0.462
-0.315 -0.500 0.499
-0.315 -0.463 -0.500
-0.315 -0.463 -0.463
-0.315 -0.463 -0.426
-0.315 -0.463 -0.389
-0.315 -0.463 -0.352
-0.315 -0.463 -0.315
-0.315 -0.463 -0.278
-0.315 -0.463 -0.241
-0.315 -0.463 -0.204
-0.315 -0.463 -0.167
-0.315 -0.463 -0.130
-0.315 -0.463 -0.093
-0.315 -0.463 -0.056
-0.315 -0.463 -0.019
-0.315 -0.463 0.018
-0.315 -0.463 0.055
-0.315 -0.463 0.092
-0.315 -0.463 0.129
-0.315 -0.463 0.166
-0.315 -0.463 0.203
-0.315 -0.463 0.240
-0.315 -0.463 0.277
-0.315 -0.463 0.314
-0.315 -0.463 0.351
-0.315 -0.463 0.388
-0.315 -0.463 0.425
-0.315 -0.463 0.462
-0.315 -0.463 0.499
-0.315 -0.426 -0.500
-0.315 -0.426 -0.463
-0.315 -0.426 -0.426
-0.315 -0.426 -0.389
-0.315 -0.426 -0.352
-0.315 -0.426 -0.315
-0.315 -0.426 -0.278
-0.315 -0.426 -0.241
-0.315 -0.426 -0.204
-0.315 -0.426 -0.167
-0.315 -0.426 -0.130
-0.315 -0.426 -0.093
-0.315 -0.426 -0.056
-0.315 -0.426 -0.019
-0.315 -0.426 0.018
-0.315 -0.426 0.055
-0.315 -0.426 0.092
-0.315 -0.426 0.129
-0.315 -0.426 0.166
-0.315 -0.426 0.203
-0.315 -0.426 0.240
-0.315 -0.426 0.277
-0.315 -0.426 0.314
-0.315 -0.426 0.351
-0.315 -0.426 0.388
-0.315 -0.426 0.425
-0.315 -0.426 0.462
-0.315 -0.426 0.499
-0.315 -0.389 -0.500
-0.315 -0.389 -0.463
-0.315 -0.389 -0.426
-0.315 -0.389 -0.389
-0.315 -0.389 -0.352
-0.315 -0.389 -0.315
-0.315 -0.389 -0.278
-0.315 -0.389 -0.241
-0.315 -0.389 -0.204
-0.315 -0.389 -0.167
-0.315 -0.389 -0.130
-0.315 -0.389 -0.093
-0.315 -0.389 -0.056
-0.315 -0.389 -0.019
-0.315 -0.389 0.018
-0.315 -0.389 0.055
-0.315 -0.389 0.092
-0.315 -0.389 0.129
-0.315 -0.389 0.166
-0.315 -0.389 0.203
-0.315 -0.389 0.240
-0.315 -0.389 0.277
-0.315 -0.389 0.314
-0.315 -0.389 0.351
-0.315 -0.389 0.388
-0.315 -0.389 0.425
-0.315 -0.389 0.462
-0.315 -0.389 0.499
-0.315 -0.352 -0.500
-0.315 -0.352 -0.463
-0.315 -0.352 -0.426
-0.315 -0.352 -0.389
-0.315 -0.352 -0.352
-0.315 -0.352 -0.315
-0.315 -0.352 -0.278
-0.315 -0.352 -0.241
-0.315 -0.352 -0.204
-0.315 -0.352 -0.167
-0.315 -0.352 -0.130
-0.315 -0.352 -0.093
-0.315 -0.352 -0.056
-0.315 -0.352 -0.019
-0.315 -0.352 0.018
-0.315 -0.352 0.055
-0.315 -0.352 0.092
-0.315 -0.352 0.129
-0.315 -0.352 0.166
-0.315 -0.352 0.203
-0.315 -0.352 0.240
-0.315 -0.352 0.277
-0.315 -0.352 0.314
-0.315 -0.352 0.351
-0.315 -0.352 0.388
-0.315 -0.352 0.425
-0.315 -0.352 0.462
-0.315 -0.352 0.499
-0.315 -0.315 -0.500
-0.315 -0.315 -0.463
-0.315 -0.315 -0.426
-0.315 -0.315 -0.389
-0.315 -0.315 -0.352
-0.315 -0.315 -0.315
-0.315 -0.315 -0.278
-0.315 -0.315 -0.241
-0.315 -0.315 -0.204
-0.315 -0.315 -0.167
-0.315 -0.315 -0.130
-0.315 -0.315 -0.093
-0.315 -0.315 -0.056
-0.315 -0.315 -0.019
-0.315 -0.315 0.018
-0.315 -0.315 0.055
-0.315 -0.315 0.092
-0.315 -0.315 0.129
-0.315 -0.315 0.166
-0.315 -0.315 0.203
-0.315 -0.315 0.240
-0.315 -0.315 0.277
-0.315 -0.315 0.314
-0.315 -0.315 0.351
-0.315 -0.315 0.388
-0.315 -0.315 0.425
-0.315 -0.315 0.462
-0.315 -0.315 0.499
-0.315 -0.278 -0.500
-0.315 -0.278 -0.463
-0.315 -0.278 -0.426
-0.315 -0.278 -0.389
-0.315 -0.278 -0.352
-0.315 -0.278 -0.315
-0.315 -0.278 -0.278
-0.315 -0.278 -0.241
-0.315 -0.278 -0.204
-0.315 -0.278 -0.167
-0.315 -0.278 -0.130
-0.315 -0.278 -0.093
-0.315 -0.278 -0.056
-0.315 -0.278 -0.019
-0.315 -0.278 0.018
-0.315 -0.278 0.055
-0.315 -0.278 0.092
-0.315 -0.278 0.129
-0.315 -0.278 0.166
-0.315 -0.278 0.203
-0.315 -0.278 0.240
-0.315 -0.278 0.277
-0.315 -0.278 0.314
-0.315 -0.278 0.351
-0.315 -0.278 0.388
-0.315 -0.278 0.425
-0.315 -0.278 0.462
-0.315 -0.278 0.499
-0.315 -0.241 -0.500
-0.315 -0.241 -0.463
-0.315 -0.241 -0.426
-0.315 -0.241 -0.389
-0.315 -0.241 -0.352
-0.315 -0.241 -0.315
-0.315 -0.241 -0.278
-0.315 -0.241 -0.241
-0.315 -0.241 -0.204
-0.315 -0.241 -0.167
-0.315 -0.241 -0.130
-0.315 -0.241 -0.093
-0.315 -0.241 -0.056
-0.315 -0.241 -0.019
-0.315 -0.241 0.018
-0.315 -0.241 0.055
-0.315 -0.241 0.092
-0.315 -0.241 0.129
-0.315 -0.241 0.166
-0.315 -0.241 0.203
-0.315 -0.241 0.240
-0.315 -0.241 0.277
-0.315 -0.241 0.314
-0.315 -0.241 0.351
-0.315 -0.241 0.388
-0.315 -0.241 0.425
-0.315 -0.241 0.462
-0.315 -0.241 0.499
-0.315 -0.204 -0.500
-0.315 -0.204 -0.463
-0.315 -0.204 -0.426
-0.315 -0.204 -0.389
-0.315 -0.204 -0.352
-0.315 -0.204 -0.315
-0.315 -0.204 -0.278
-0.315 -0.204 -0.241
-0.315 -0.204 -0.204
-0.315 -0.204 -0.167
-0.315 -0.204 -0.130
-0.315 -0.204 -0.093
-0.315 -0.204 -0.056
-0.315 -0.204 -0.019
-0.315 -0.204 0.018
-0.315 -0.204 0.055
-0.315 -0.204 0.092
-0.315 -0.204 0.129
-0.315 -0.204 0.166
-0.315 -0.204 0.203
-0.315 -0.204 0.240
-0.315 -0.204 0.277
-0.315 -0.204 0.314
-0.315 -0.204 0.351
-0.315 -0.204 0.388
-0.315 -0.204 0.425
-0.315 -0.204 0.462
-0.315 -0.204 0.499
-0.315 -0.167 -0.500
-0.315 -0.167 -0.463
-0.315 -0.167 -0.426
-0.315 -0.167 -0.389
-0.315 -0.167 -0.352
-0.315 -0.167 -0.315
-0.315 -0.167 -0.278
-0.315 -0.167 -0.241
-0.315 -0.167 -0.204
-0.315 -0.167 -0.167
-0.315 -0.167 -0.130
-0.315 -0.167 -0.093
-0.315 -0.167 -0.056
-0.315 -0.167 -0.019
-0.315 -0.167 0.018
-0.315 -0.167 0.055
-0.315 -0.167 0.092
-0.315 -0.167 0.129
-0.315 -0.167 0.166
-0.315 -0.167 0.203
-0.315 -0.167 0.240
-0.315 -0.167 0.277
-0.315 -0.167 0.314
-0.315 -0.167 0.351
-0.315 -0.167 0.388
-0.315 -0.167 0.425
-0.315 -0.167 0.462
-0.315 -0.167 0.499
-0.315 -0.130 -0.500
-0.315 -0.130 -0.463
-0.315 -0.130 -0.426
-0.315 -0.130 -0.389
-0.315 -0.130 -0.352
-0.315 -0.130 -0.315
-0.315 -0.130 -0.278
-0.315 -0.130 -0.241
-0.315 -0.130 -0.204
-0.315 -0.130 -0.167
-0.315 -0.130 -0.130
-0.315 -0.130 -0.093
-0.315 -0.130 -0.056
-0.315 -0.130 -0.019
-0.315 -0.130 0.018
-0.315 -0.130 0.055
-0.315 -0.130 0.092
-0.315 -0.130 0.129
-0.315 -0.130 0.166
-0.315 -0.130 0.203
-0.315 -0.130 0.240
-0.315 -0.130 0.277
-0.315 -0.130 0.314
-0.315 -0.130 0.351
-0.315 -0.130 0.388
-0.315 -0.130 0.425
-0.315 -0.130 0.462
-0.315 -0.130 0.499
-0.315 -0.093 -0.500
-0.315 -0.093 -0.463
-0.315 -0.093 -0.426
-0.315 -0.093 -0.389
-0.315 -0.093 -0.352
-0.315 -0.093 -0.315
-0.315 -0.093 -0.278
-0.315 -0.093 -0.241
-0.315 -0.093 -0.204
-0.315 -0.093 -0.167
-0.315 -0.093 -0.130
-0.315 -0.093 -0.093
-0.315 -0.093 -0.056
-0.315 -0.093 -0.019
-0.315 -0.093 0.018
-0.315 -0.093 0.055
-0.315 -0.093 0.092
-0.315 -0.093 0.129
-0.315 -0.093 0.166
-0.315 -0.093 0.203
-0.315 -0.093 0.240
-0.315 -0.093 0.277
-0.315 -0.093 0.314
-0.315 -0.093 0.351
-0.315 -0.093 0.388
-0.315 -0.093 0.425
-0.315 -0.093 0.462
-0.315 -0.093 0.499
-0.315 -0.056 -0.500
-0.315 -0.056 -0.463
-0.315 -0.056 -0.426
-0.315 -0.056 -0.389
-0.315 -0.056 -0.352
-0.315 -0.056 -0.315
-0.315 -0.056 -0.278
-0.315 -0.056 -0.241
-0.315 -0.056 -0.204
-0.315 -0.056 -0.167
-0.315 -0.056 -0.130
-0.315 -0.056 -0.093
-0.315 -0.056 -0.056
-0.315 -0.056 -0.019
-0.315 -0.056 0.018
-0.315 -0.056 0.055
-0.315 -0.056 0.092
-0.315 -0.056 0.129
-0.315 -0.056 0.166
-0.315 -0.056 0.203
-0.315 -0.056 0.240
-0.315 -0.056 0.277
-0.315 -0.056 0.314
-0.315 -0.056 0.351
-0.315 -0.056 0.388
-0.315 -0.056 0.425
-0.315 -0.056 0.462
-0.315 -0.056 0.499
-0.315 -0.019 -0.500
-0.315 -0.019 -0.463
-0.315 -0.019 -0.426
-0.315 -0.019 -0.389
-0.315 -0.019 -0.352
-0.315 -0.019 -0.315
-0.315 -0.019 -0.278
-0.315 -0.019 -0.241
-0.315 -0.019 -0.204
-0.315 -0.019 -0.167
-0.315 -0.019 -0.130
-0.315 -0.019 -0.093
-0.315 -0.019 -0.056
-0.315 -0.019 -0.019
-0.315 -0.019 0.018
-0.315 -0.019 0.055
-0.315 -0.019 0.092
-0.315 -0.019 0.129
-0.315 -0.019 0.166
-0.315 -0.019 0.203
-0.315 -0.019 0.240
-0.315 -0.019 0.277
-0.315 -0.019 0.314
-0.315 -0.019 0.351
-0.315 -0.019 0.388
-0.315 -0.019 0.425
-0.315 -0.019 0.462
-0.315 -0.019 0.499
-0.315 0.018 -0.500
-0.315 0.018 -0.463
-0.315 0.018 -0.426
-0.315 0.018 -0.389
-0.315 0.018 -0.352
-0.315 0.018 -0.315
-0.315 0.018 -0.278
-0.315 0.018 -0.241
-0.315 0.018 -0.204
-0.315 0.018 -0.167
-0.315 0.018 -0.130
-0.315 0.018 -0.093
-0.315 0.018 -0.056
-0.315 0.018 -0.019
-0.315 0.018 0.018
-0.315 0.018 0.055
-0.315 0.018 0.092
-0.315 0.018 0.129
-0.315 0.018 0.166
-0.315 0.018 0.203
-0.315 0.018 0.240
-0.315 0.018 0.277
-0.315 0.018 0.314
-0.315 0.018 0.351
-0.315 0.018 0.388
-0.315 0.018 0.425
-0.315 0.018 0.462
-0.315 0.018 0.499
-0.315 0.055 -0.500
-0.315 0.055 -0.463
-0.315 0.055 -0.426
-0.315 0.055 -0.389
-0.315 0.055 -0.352
-0.315 0.055 -0.315
-0.315 0.055 -0.278
-0.315 0.055 -0.241
-0.315 0.055 -0.204
-0.315 0.055 -0.167
-0.315 0.055 -0.130
-0.315 0.055 -0.093
-0.315 0.055 -0.056
-0.315 0.055 -0.019
-0.315 0.055 0.018
-0.315 0.055 0.055
-0.315 0.055 0.092
-0.315 0.055 0.129
-0.315 0.055 0.166
-0.315 0.055 0.203
-0.315 0.055 0.240
-0.315 0.055 0.277
-0.315 0.055 0.314
-0.315 0.055 0.351
-0.315 0.055 0.388
-0.315 0.055 0.425
-0.315 0.055 0.462
-0.315 0.055 0.499
-0.315 0.092 -0.500
-0.315 0.092 -0.463
-0.315 0.092 -0.426
-0.315 0.092 -0.389
-0.315 0.092 -0.352
-0.315 0.092 -0.315
-0.315 0.092 -0.278
-0.315 0.092 -0.241
-0.315 0.092 -0.204
-0.315 0.092 -0.167
-0.315 0.092 -0.130
-0.315 0.092 -0.093
-0.315 0.092 -0.056
-0.315 0.092 -0.019
-0.315 0.092 0.018
-0.315 0.092 0.055
-0.315 0.092 0.092
-0.315 0.092 0.129
-0.315 0.092 0.166
-0.315 0.092 0.203
-0.315 0.092 0.240
-0.315 0.092 0.277
-0.315 0.092 0.314
-0.315 0.092 0.351
-0.315 0.092 0.388
-0.315 0.092 0.425
-0.315 0.092 0.462
-0.315 0.092 0.499
-0.315 0.129 -0.500
-0.315 0.129 -0.463
-0.315 0.129 -0.426
-0.315 0.129 -0.389
-0.315 0.129 -0.352
-0.315 0.129 -0.315
-0.315 0.129 -0.278
-0.315 0.129 -0.241
-0.315 0.129 -0.204
-0.315 0.129 -0.167
-0.315 0.129 -0.130
-0.315 0.129 -0.093
-0.315 0.129 -0.056
-0.315 0.129 -0.019
-0.315 0.129 0.018
-0.315 0.129 0.055
-0.315 0.129 0.092
-0.315 0.129 0.129
-0.315 0.129 0.166
-0.315 0.129 0.203
-0.315 0.129 0.240
-0.315 0.129 0.277
-0.315 0.129 0.314
-0.315 0.129 0.351
-0.315 0.129 0.388
-0.315 0.129 0.425
-0.315 0.129 0.462
-0.315 0.129 0.499
-0.315 0.166 -0.500
-0.315 0.166 -0.463
-0.315 0.166 -0.426
-0.315 0.166 -0.389
-0.315 0.166 -0.352
-0.315 0.166 -0.315
-0.315 0.166 -0.278
-0.315 0.166 -0.241
-0.315 0.166 -0.204
-0.315 0.166 -0.167
-0.315 0.166 -0.130
-0.315 0.166 -0.093
-0.315 0.166 -0.056
-0.315 0.166 -0.019
-0.315 0.166 0.018
-0.315 0.166 0.055
-0.315 0.166 0.092
-0.315 0.166 0.129
-0.315 0.166 0.166
-0.315 0.166 0.203
-0.315 0.166 0.240
-0.315 0.166 0.277
-0.315 0.166 0.314
-0.315 0.166 0.351
-0.315 0.166 0.388
-0.315 0.166 0.425
-0.315 0.166 0.462
-0.315 0.166 0.499
-0.315 0.203 -0.500
-0.315 0.203 -0.463
-0.315 0.203 -0.426
-0.315 0.203 -0.389
-0.315 0.203 -0.352
-0.315 0.203 -0.315
-0.315 0.203 -0.278
-0.315 0.203 -0.241
-0.315 0.203 -0.204
-0.315 0.203 -0.167
-0.315 0.203 -0.130
-0.315 0.203 -0.093
-0.315 0.203 -0.056
-0.315 0.203 -0.019
-0.315 0.203 0.018
-0.315 0.203 0.055
-0.315 0.203 0.092
-0.315 0.203 0.129
-0.315 0.203 0.166
-0.315 0.203 0.203
-0.315 0.203 0.240
-0.315 0.203 0.277
-0.315 0.203 0.314
-0.315 0.203 0.351
-0.315 0.203 0.388
-0.315 0.203 0.425
-0.315 0.203 0.462
-0.315 0.203 0.499
-0.315 0.240 -0.500
-0.315 0.240 -0.463
-0.315 0.240 -0.426
-0.315 0.240 -0.389
-0.315 0.240 -0.352
-0.315 0.240 -0.315
-0.315 0.240 -0.278
-0.315 0.240 -0.241
-0.315 0.240 -0.204
-0.315 0.240 -0.167
-0.315 0.240 -0.130
-0.315 0.240 -0.093
-0.315 0.240 -0.056
-0.315 0.240 -0.019
-0.315 0.240 0.018
-0.315 0.240 0.055
-0.315 0.240 0.092
-0.315 0.240 0.129
-0.315 0.240 0.166
-0.315 0.240 0.203
-0.315 0.240 0.240
-0.315 0.240 0.277
-0.315 0.240 0.314
-0.315 0.240 0.351
-0.315 0.240 0.388
-0.315 0.240 0.425
-0.315 0.240 0.462
-0.315 0.240 0.499
-0.315 0.277 -0.500
-0.315 0.277 -0.463
-0.315 0.277 -0.426
-0.315 0.277 -0.389
-0.315 0.277 -0.352
-0.315 0.277 -0.315
-0.315 0.277 -0.278
-0.315 0.277 -0.241
-0.315 0.277 -0.204
-0.315 0.277 -0.167
-0.315 0.277 -0.130
-0.315 0.277 -0.093
-0.315 0.277 -0.056
-0.315 0.277 -0.019
-0.315 0.277 0.018
-0.315 0.277 0.055
-0.315 0.277 0.092
-0.315 0.277 0.129
-0.315 0.277 0.166
-0.315 0.277 0.203
-0.315 0.277 0.240
-0.315 0.277 0.277
-0.315 0.277 0.314
-0.315 0.277 0.351
-0.315 0.277 0.388
-0.315 0.277 0.425
-0.315 0.277 0.462
-0.315 0.277 0.499
-0.315 0.314 -0.500
-0.315 0.314 -0.463
-0.315 0.314 -0.426
-0.315 0.314 -0.389
-0.315 0.314 -0.352
-0.315 0.314 -0.315
-0.315 0.314 -0.278
-0.315 0.314 -0.241
-0.315 0.314 -0.204
-0.315 0.314 -0.167
-0.315 0.314 -0.130
-0.315 0.314 -0.093
-0.315 0.314 -0.056
-0.315 0.314 -0.019
-0.315 0.314 0.018
-0.315 0.314 0.055
-0.315 0.314 0.092
-0.315 0.314 0.129
-0.315 0.314 0.166
-0.315 0.314 0.203
-0.315 0.314 0.240
-0.315 0.314 0.277
-0.315 0.314 0.314
-0.315 0.314 0.351
-0.315 0.314 0.388
-0.315 0.314 0.425
-0.315 0.314 0.462
-0.315 0.314 0.499
-0.315 0.351 -0.500
-0.315 0.351 -0.463
-0.315 0.351 -0.426
-0.315 0.351 -0.389
-0.315 0.351 -0.352
-0.315 0.351 -0.315
-0.315 0.351 -0.278
-0.315 0.351 -0.241
-0.315 0.351 -0.204
-0.315 0.351 -0.167
-0.315 0.351 -0.130
-0.315 0.351 -0.093
-0.315 0.351 -0.056
-0.315 0.351 -0.019
-0.315 0.351 0.018
-0.315 0.351 0.055
-0.315 0.351 0.092
-0.315 0.351 0.129
-0.315 0.351 0.166
-0.315 0.351 0.203
-0.315 0.351 0.240
-0.315 0.351 0.277
-0.315 0.351 0.314
-0.315 0.351 0.351
-0.315 0.351 0.388
-0.315 0.351 0.425
-0.315 0.351 0.462
-0.315 0.351 0.499
-0.315 0.388 -0.500
-0.315 0.388 -0.463
-0.315 0.388 -0.426
-0.315 0.388 -0.389
-0.315 0.388 -0.352
-0.315 0.388 -0.315
-0.315 0.388 -0.278
-0.315 0.388 -0.241
-0.315 0.388 -0.204
-0.315 0.388 -0.167
-0.315 0.388 -0.130
-0.315 0.388 -0.093
-0.315 0.388 -0.056
-0.315 0.388 -0.019
-0.315 0.388 0.018
-0.315 0.388 0.055
-0.315 0.388 0.092
-0.315 0.388 0.129
-0.315 0.388 0.166
-0.315 0.388 0.203
-0.315 0.388 0.240
-0.315 0.388 0.277
-0.315 0.388 0.314
-0.315 0.388 0.351
-0.315 0.388 0.388
-0.315 0.388 0.425
-0.315 0.388 0.462
-0.315 0.388 0.499
-0.315 0.425 -0.500
-0.315 0.425 -0.463
-0.315 0.425 -0.426
-0.315 0.425 -0.389
-0.315 0.425 -0.352
-0.315 0.425 -0.315
-0.315 0.425 -0.278
-0.315 0.425 -0.241
-0.315 0.425 -0.204
-0.315 0.425 -0.167
-0.315 0.425 -0.130
-0.315 0.425 -0.093
-0.315 0.425 -0.056
-0.315 0.425 -0.019
-0.315 0.425 0.018
-0.315 0.425 0.055
-0.315 0.425 0.092
-0.315 0.425 0.129
-0.315 0.425 0.166
-0.315 0.425 0.203
-0.315 0.425 0.240
-0.315 0.425 0.277
-0.315 0.425 0.314
-0.315 0.425 0.351
-0.315 0.425 0.388
-0.315 0.425 0.425
-0.315 0.425 0.462
-0.315 0.425 0.499
-0.315 0.462 -0.500
-0.315 0.462 -0.463
-0.315 0.462 -0.426
-0.315 0.462 -0.389
-0.315 0.462 -0.352
-0.315 0.462 -0.315
-0.315 0.462 -0.278
-0.315 0.462 -0.241
-0.315 0.462 -0.204
-0.315 0.462 -0.167
-0.315 0.462 -0.130
-0.315 0.462 -0.093
-0.315 0.462 -0.056
-0.315 0.462 -0.019
-0.315 0.462 0.018
-0.315 0.462 0.055
-0.315 0.462 0.092
-0.315 0.462 0.129
-0.315 0.462 0.166
-0.315 0.462 0.203
-0.315 0.462 0.240
-0.315 0.462 0.277
-0.315 0.462 0.314
-0.315 0.462 0.351
-0.315 0.462 0.388
-0.315 0.462 0.425
-0.315 0.462 0.462
-0.315 0.462 0.499
-0.315 0.499 -0.500
-0.315 0.499 -0.463
-0.315 0.499 -0.426
-0.315 0.499 -0.389
-0.315 0.499 -0.352
-0.315 0.499 -0.315
-0.315 0.499 -0.278
-0.315 0.499 -0.241
-0.315 0.499 -0.204
-0.315 0.499 -0.167
-0.315 0.499 -0.130
-0.315 0.499 -0.093
-0.315 0.499 -0.056
-0.315 0.499 -0.019
-0.315 0.499 0.018
-0.315 0.499 0.055
-0.315 0.499 0.092
-0.315 0.499 0.129
-0.315 0.499 0.166
-0.315 0.499 0.203
-0.315 0.499 0.240
-0.315 0.499 0.277
-0.315 0.499 0.314
-0.315 0.499 0.351
-0.315 0.499 0.388
-0.315 0.499 0.425
-0.315 0.499 0.462
-0.315 0.499 0.499
-0.278 -0.500 -0.500
-0.278 -0.500 -0.463
-0.278 -0.500 -0.426
-0.278 -0.500 -0.389
-0.278 -0.500 -0.352
-0.278 -0.500 -0.315
-0.278 -0.500 -0.278
-0.278 -0.500 -0.241
-0.278 -0.500 -0.204
-0.278 -0.500 -0.167
-0.278 -0.500 -0.130
-0.278 -0.500 -0.093
-0.278 -0.500 -0.056
-0.278 -0.500 -0.019
-0.278 -0.500 0.018
-0.278 -0.500 0.055
-0.278 -0.500 0.092
-0.278 -0.500 0.129
-0.278 -0.500 0.166
-0.278 -0.500 0.203
-0.278 -0.500 0.240
-0.278 -0.500 0.277
-0.278 -0.500 0.314
-0.278 -0.500 0.351
-0.278 -0.500 0.388
-0.278 -0.500 0.425
-0.278 -0.500 0.462
-0.278 -0.500 0.499
-0.278 -0.463 -0.500
-0.278 -0.463 -0.463
-0.278 -0.463 -0.426
-0.278 -0.463 -0.389
-0.278 -0.463 -0.352
-0.278 -0.463 -0.315
-0.278 -0.463 -0.278
-0.278 -0.463 -0.241
-0.278 -0.463 -0.204
-0.278 -0.463 -0.167
-0.278 -0.463 -0.130
-0.278 -0.463 -0.093
-0.278 -0.463 -0.056
-0.278 -0.463 -0.019
-0.278 -0.463 0.018
-0.278 -0.463 0.055
-0.278 -0.463 0.092
-0.278 -0.463 0.129
-0.278 -0.463 0.166
-0.278 -0.463 0.203
-0.278 -0.463 0.240
-0.278 -0.463 0.277
-0.278 -0.463 0.314
-0.278 -0.463 0.351
-0.278 -0.463 0.388
-0.278 -0.463 0.425
-0.278 -0.463 0.462
-0.278 -0.463 0.499
-0.278 -0.426 -0.500
-0.278 -0.426 -0.463
-0.278 -0.426 -0.426
-0.278 -0.426 -0.389
-0.278 -0.426 -0.352
-0.278 -0.426 -0.315
-0.278 -0.426 -0.278
-0.278 -0.426 -0.241
-0.278 -0.426 -0.204
-0.278 -0.426 -0.167
-0.278 -0.426 -0.130
-0.278 -0.426 -0.093
-0.278 -0.426 -0.056
-0.278 -0.426 -0.019
-0.278 -0.426 0.018
-0.278 -0.426 0.055
-0.278 -0.426 0.092
-0.278 -0.426 0.129
-0.278 -0.426 0.166
-0.278 -0.426 0.203
-0.278 -0.426 0.240
-0.278 -0.426 0.277
-0.278 -0.426 0.314
-0.278 -0.426 0.351
-0.278 -0.426 0.388
-0.278 -0.426 0.425
-0.278 -0.426 0.462
-0.278 -0.426 0.499
-0.278 -0.389 -0.500
-0.278 -0.389 -0.463
-0.278 -0.389 -0.426
-0.278 -0.389 -0.389
-0.278 -0.389 -0.352
-0.278 -0.389 -0.315
-0.278 -0.389 -0.278
-0.278 -0.389 -0.241
-0.278 -0.389 -0.204
-0.278 -0.389 -0.167
-0.278 -0.389 -0.130
-0.278 -0.389 -0.093
-0.278 -0.389 -0.056
-0.278 -0.389 -0.019
-0.278 -0.389 0.018
-0.278 -0.389 0.055
-0.278 -0.389 0.092
-0.278 -0.389 0.129
-0.278 -0.389 0.166
-0.278 -0.389 0.203
-0.278 -0.389 0.240
-0.278 -0.389 0.277
-0.278 -0.389 0.314
-0.278 -0.389 0.351
-0.278 -0.389 0.388
-0.278 -0.389 0.425
-0.278 -0.389 0.462
-0.278 -0.389 0.499
-0.278 -0.352 -0.500
-0.278 -0.352 -0.463
-0.278 -0.352 -0.426
-0.278 -0.352 -0.389
-0.278 -0.352 -0.352
-0.278 -0.352 -0.315
-0.278 -0.352 -0.278
-0.278 -0.352 -0.241
-0.278 -0.352 -0.204
-0.278 -0.352 -0.167
-0.278 -0.352 -0.130
-0.278 -0.352 -0.093
-0.278 -0.352 -0.056
-0.278 -0.352 -0.019
-0.278 -0.352 0.018
-0.278 -0.352 0.055
-0.278 -0.352 0.092
-0.278 -0.352 0.129
-0.278 -0.352 0.166
-0.278 -0.352 0.203
-0.278 -0.352 0.240
-0.278 -0.352 0.277
-0.278 -0.352 0.314
-0.278 -0.352 0.351
-0.278 -0.352 0.388
-0.278 -0.352 0.425
-0.278 -0.352 0.462
-0.278 -0.352 0.499
-0.278 -0.315 -0.500
-0.278 -0.315 -0.463
-0.278 -0.315 -0.426
-0.278 -0.315 -0.389
-0.278 -0.315 -0.352
-0.278 -0.315 -0.315
-0.278 -0.315 -0.278
-0.278 -0.315 -0.241
-0.278 -0.315 -0.204
-0.278 -0.315 -0.167
-0.278 -0.315 -0.130
-0.278 -0.315 -0.093
-0.278 -0.315 -0.056
-0.278 -0.315 -0.019
-0.278 -0.315 0.018
-0.278 -0.315 0.055
-0.278 -0.315 0.092
-0.278 -0.315 0.129
-0.278 -0.315 0.166
-0.278 -0.315 0.203
-0.278 -0.315 0.240
-0.278 -0.315 0.277
-0.278 -0.315 0.314
-0.278 -0.315 0.351
-0.278 -0.315 0.388
-0.278 -0.315 0.425
-0.278 -0.315 0.462
-0.278 -0.315 0.499
-0.278 -0.278 -0.500
-0.278 -0.278 -0.463
-0.278 -0.278 -0.426
-0.278 -0.278 -0.389
-0.278 -0.278 -0.352
-0.278 -0.278 -0.315
-0.278 -0.278 -0.278
-0.278 -0.278 -0.241
-0.278 -0.278 -0.204
-0.278 -0.278 -0.167
-0.278 -0.278 -0.130
-0.278 -0.278 -0.093
-0.278 -0.278 -0.056
-0.278 -0.278 -0.019
-0.278 -0.278 0.018
-0.278 -0.278 0.055
-0.278 -0.278 0.092
-0.278 -0.278 0.129
-0.278 -0.278 0.166
-0.278 -0.278 0.203
-0.278 -0.278 0.240
-0.278 -0.278 0.277
-0.278 -0.278 0.314
-0.278 -0.278 0.351
-0.278 -0.278 0.388
-0.278 -0.278 0.425
-0.278 -0.278 0.462
-0.278 -0.278 0.499
-0.278 -0.241 -0.500
-0.278 -0.241 -0.463
-0.278 -0.241 -0.426
-0.278 -0.241 -0.389
-0.278 -0.241 -0.352
-0.278 -0.241 -0.315
-0.278 -0.241 -0.278
-0.278 -0.241 -0.241
-0.278 -0.241 -0.204
-0.278 -0.241 -0.167
-0.278 -0.241 -0.130
-0.278 -0.241 -0.093
-0.278 -0.241 -0.056
-0.278 -0.241 -0.019
-0.278 -0.241 0.018
-0.278 -0.241 0.055
-0.278 -0.241 0.092
-0.278 -0.241 0.129
-0.278 -0.241 0.166
-0.278 -0.241 0.203
-0.278 -0.241 0.240
-0.278 -0.241 0.277
-0.278 -0.241 0.314
-0.278 -0.241 0.351
-0.278 -0.241 0.388
-0.278 -0.241 0.425
-0.278 -0.241 0.462
-0.278 -0.241 0.499
-0.278 -0.204 -0.500
-0.278 -0.204 -0.463
-0.278 -0.204 -0.426
-0.278 -0.204 -0.389
-0.278 -0.204 -0.352
-0.278 -0.204 -0.315
-0.278 -0.204 -0.278
-0.278 -0.204 -0.241
-0.278 -0.204 -0.204
-0.278 -0.204 -0.167
-0.278 -0.204 -0.130
-0.278 -0.204 -0.093
-0.278 -0.204 -0.056
-0.278 -0.204 -0.019
-0.278 -0.204 0.018
-0.278 -0.204 0.055
-0.278 -0.204 0.092
-0.278 -0.204 0.129
-0.278 -0.204 0.166
-0.278 -0.204 0.203
-0.278 -0.204 0.240
-0.278 -0.204 0.277
-0.278 -0.204 0.314
-0.278 -0.204 0.351
-0.278 -0.204 0.388
-0.278 -0.204 0.425
-0.278 -0.204 0.462
-0.278 -0.204 0.499
-0.278 -0.167 -0.500
-0.278 -0.167 -0.463
-0.278 -0.167 -0.426
-0.278 -0.167 -0.389
-0.278 -0.167 -0.352
-0.278 -0.167 -0.315
-0.278 -0.167 -0.278
-0.278 -0.167 -0.241
-0.278 -0.167 -0.204
-0.278 -0.167 -0.167
-0.278 -0.167 -0.130
-0.278 -0.167 -0.093
-0.278 -0.167 -0.056
-0.278 -0.167 -0.019
-0.278 -0.167 0.018
-0.278 -0.167 0.055
-0.278 -0.167 0.092
-0.278 -0.167 0.129
-0.278 -0.167 0.166
-0.278 -0.167 0.203
-0.278 -0.167 0.240
-0.278 -0.167 0.277
-0.278 -0.167 0.314
-0.278 -0.167 0.351
-0.278 -0.167 0.388
-0.278 -0.167 0.425
-0.278 -0.167 0.462
-0.278 -0.167 0.499
-0.278 -0.130 -0.500
-0.278 -0.130 -0.463
-0.278 -0.130 -0.426
-0.278 -0.130 -0.389
-0.278 -0.130 -0.352
-0.278 -0.130 -0.315
-0.278 -0.130 -0.278
-0.278 -0.130 -0.241
-0.278 -0.130 -0.204
-0.278 -0.130 -0.167
-0.278 -0.130 -0.130
-0.278 -0.130 -0.093
-0.278 -0.130 -0.056
-0.278 -0.130 -0.019
-0.278 -0.130 0.018
-0.278 -0.130 0.055
-0.278 -0.130 0.092
-0.278 -0.130 0.129
-0.278 -0.130 0.166
-0.278 -0.130 0.203
-0.278 -0.130 0.240
-0.278 -0.130 0.277
-0.278 -0.130 0.314
-0.278 -0.130 0.351
-0.278 -0.130 0.388
-0.278 -0.130 0.425
-0.278 -0.130 0.462
-0.278 -0.130 0.499
-0.278 -0.093 -0.500
-0.278 -0.093 -0.463
-0.278 -0.093 -0.426
-0.278 -0.093 -0.389
-0.278 -0.093 -0.352
-0.278 -0.093 -0.315
-0.278 -0.093 -0.278
-0.278 -0.093 -0.241
-0.278 -0.093 -0.204
-0.278 -0.093 -0.167
-0.278 -0.093 -0.130
-0.278 -0.093 -0.093
-0.278 -0.093 -0.056
-0.278 -0.093 -0.019
-0.278 -0.093 0.018
-0.278 -0.093 0.055
-0.278 -0.093 0.092
-0.278 -0.093 0.129
-0.278 -0.093 0.166
-0.278 -0.093 0.203
-0.278 -0.093 0.240
-0.278 -0.093 0.277
-0.278 -0.093 0.314
-0.278 -0.093 0.351
-0.278 -0.093 0.388
-0.278 -0.093 0.425
-0.278 -0.093 0.462
-0.278 -0.093 0.499
-0.278 -0.056 -0.500
-0.278 -0.056 -0.463
-0.278 -0.056 -0.426
-0.278 -0.056 -0.389
-0.278 -0.056 -0.352
-0.278 -0.056 -0.315
-0.278 -0.056 -0.278
-0.278 -0.056 -0.241
-0.278 -0.056 -0.204
-0.278 -0.056 -0.167
-0.278 -0.056 -0.130
-0.278 -0.056 -0.093
-0.278 -0.056 -0.056
-0.278 -0.056 -0.019
-0.278 -0.056 0.018
-0.278 -0.056 0.055
-0.278 -0.056 0.092
-0.278 -0.056 0.129
-0.278 -0.056 0.166
-0.278 -0.056 0.203
-0.278 -0.056 0.240
-0.278 -0.056 0.277
-0.278 -0.056 0.314
-0.278 -0.056 0.351
-0.278 -0.056 0.388
-0.278 -0.056 0.425
-0.278 -0.056 0.462
-0.278 -0.056 0.499
-0.278 -0.019 -0.500
-0.278 -0.019 -0.463
-0.278 -0.019 -0.426
-0.278 -0.019 -0.389
-0.278 -0.019 -0.352
-0.278 -0.019 -0.315
-0.278 -0.019 -0.278
-0.278 -0.019 -0.241
-0.278 -0.019 -0.204
-0.278 -0.019 -0.167
-0.278 -0.019 -0.130
-0.278 -0.019 -0.093
-0.278 -0.019 -0.056
-0.278 -0.019 -0.019
-0.278 -0.019 0.018
-0.278 -0.019 0.055
-0.278 -0.019 0.092
-0.278 -0.019 0.129
-0.278 -0.019 0.166
-0.278 -0.019 0.203
-0.278 -0.019 0.240
-0.278 -0.019 0.277
-0.278 -0.019 0.314
-0.278 -0.019 0.351
-0.278 -0.019 0.388
-0.278 -0.019 0.425
-0.278 -0.019 0.462
-0.278 -0.019 0.499
-0.278 0.018 -0.500
-0.278 0.018 -0.463
-0.278 0.018 -0.426
-0.278 0.018 -0.389
-0.278 0.018 -0.352
-0.278 0.018 -0.315
-0.278 0.018 -0.278
-0.278 0.018 -0.241
-0.278 0.018 -0.204
-0.278 0.018 -0.167
-0.278 0.018 -0.130
-0.278 0.018 -0.093
-0.278 0.018 -0.056
-0.278 0.018 -0.019
-0.278 0.018 0.018
-0.278 0.018 0.055
-0.278 0.018 0.092
-0.278 0.018 0.129
-0.278 0.018 0.166
-0.278 0.018 0.203
-0.278 0.018 0.240
-0.278 0.018 0.277
-0.278 0.018 0.314
-0.278 0.018 0.351
-0.278 0.018 0.388
-0.278 0.018 0.425
-0.278 0.018 0.462
-0.278 0.018 0.499
-0.278 0.055 -0.500
-0.278 0.055 -0.463
-0.278 0.055 -0.426
-0.278 0.055 -0.389
-0.278 0.055 -0.352
-0.278 0.055 -0.315
-0.278 0.055 -0.278
-0.278 0.055 -0.241
-0.278 0.055 -0.204
-0.278 0.055 -0.167
-0.278 0.055 -0.130
-0.278 0.055 -0.093
-0.278 0.055 -0.056
-0.278 0.055 -0.019
-0.278 0.055 0.018
-0.278 0.055 0.055
-0.278 0.055 0.092
-0.278 0.055 0.129
-0.278 0.055 0.166
-0.278 0.055 0.203
-0.278 0.055 0.240
-0.278 0.055 0.277
-0.278 0.055 0.314
-0.278 0.055 0.351
-0.278 0.055 0.388
-0.278 0.055 0.425
-0.278 0.055 0.462
-0.278 0.055 0.499
-0.278 0.092 -0.500
-0.278 0.092 -0.463
-0.278 0.092 -0.426
-0.278 0.092 -0.389
-0.278 0.092 -0.352
-0.278 0.092 -0.315
-0.278 0.092 -0.278
-0.278 0.092 -0.241
-0.278 0.092 -0.204
-0.278 0.092 -0.167
-0.278 0.092 -0.130
-0.278 0.092 -0.093
-0.278 0.092 -0.056
-0.278 0.092 -0.019
-0.278 0.092 0.018
-0.278 0.092 0.055
-0.278 0.092 0.092
-0.278 0.092 0.129
-0.278 0.092 0.166
-0.278 0.092 0.203
-0.278 0.092 0.240
-0.278 0.092 0.277
-0.278 0.092 0.314
-0.278 0.092 0.351
-0.278 0.092 0.388
-0.278 0.092 0.425
-0.278 0.092 0.462
-0.278 0.092 0.499
-0.278 0.129 -0.500
-0.278 0.129 -0.463
-0.278 0.129 -0.426
-0.278 0.129 -0.389
-0.278 0.129 -0.352
-0.278 0.129 -0.315
-0.278 0.129 -0.278
-0.278 0.129 -0.241
-0.278 0.129 -0.204
-0.278 0.129 -0.167
-0.278 0.129 -0.130
-0.278 0.129 -0.093
-0.278 0.129 -0.056
-0.278 0.129 -0.019
-0.278 0.129 0.018
-0.278 0.129 0.055
-0.278 0.129 0.092
-0.278 0.129 0.129
-0.278 0.129 0.166
-0.278 0.129 0.203
-0.278 0.129 0.240
-0.278 0.129 0.277
-0.278 0.129 0.314
-0.278 0.129 0.351
-0.278 0.129 0.388
-0.278 0.129 0.425
-0.278 0.129 0.462
-0.278 0.129 0.499
-0.278 0.166 -0.500
-0.278 0.166 -0.463
-0.278 0.166 -0.426
-0.278 0.166 -0.389
-0.278 0.166 -0.352
-0.278 0.166 -0.315
-0.278 0.166 -0.278
-0.278 0.166 -0.241
-0.278 0.166 -0.204
-0.278 0.166 -0.167
-0.278 0.166 -0.130
-0.278 0.166 -0.093
-0.278 0.166 -0.056
-0.278 0.166 -0.019
-0.278 0.166 0.018
-0.278 0.166 0.055
-0.278 0.166 0.092
-0.278 0.166 0.129
-0.278 0.166 0.166
-0.278 0.166 0.203
-0.278 0.166 0.240
-0.278 0.166 0.277
-0.278 0.166 0.314
-0.278 0.166 0.351
-0.278 0.166 0.388
-0.278 0.166 0.425
-0.278 0.166 0.462
-0.278 0.166 0.499
-0.278 0.203 -0.500
-0.278 0.203 -0.463
-0.278 0.203 -0.426
-0.278 0.203 -0.389
-0.278 0.203 -0.352
-0.278 0.203 -0.315
-0.278 0.203 -0.278
-0.278 0.203 -0.241
-0.278 0.203 -0.204
-0.278 0.203 -0.167
-0.278 0.203 -0.130
-0.278 0.203 -0.093
-0.278 0.203 -0.056
-0.278 0.203 -0.019
-0.278 0.203 0.018
-0.278 0.203 0.055
-0.278 0.203 0.092
-0.278 0.203 0.129
-0.278 0.203 0.166
-0.278 0.203 0.203
-0.278 0.203 0.240
-0.278 0.203 0.277
-0.278 0.203 0.314
-0.278 0.203 0.351
-0.278 0.203 0.388
-0.278 0.203 0.425
-0.278 0.203 0.462
-0.278 0.203 0.499
-0.278 0.240 -0.500
-0.278 0.240 -0.463
-0.278 0.240 -0.426
-0.278 0.240 -0.389
-0.278 0.240 -0.352
-0.278 0.240 -0.315
-0.278 0.240 -0.278
-0.278 0.240 -0.241
-0.278 0.240 -0.204
-0.278 0.240 -0.167
-0.278 0.240 -0.130
-0.278 0.240 -0.093
-0.278 0.240 -0.056
-0.278 0.240 -0.019
-0.278 0.240 0.018
-0.278 0.240 0.055
-0.278 0.240 0.092
-0.278 0.240 0.129
-0.278 0.240 0.166
-0.278 0.240 0.203
-0.278 0.240 0.240
-0.278 0.240 0.277
-0.278 0.240 0.314
-0.278 0.240 0.351
-0.278 0.240 0.388
-0.278 0.240 0.425
-0.278 0.240 0.462
-0.278 0.240 0.499
-0.278 0.277 -0.500
-0.278 0.277 -0.463
-0.278 0.277 -0.426
-0.278 0.277 -0.389
-0.278 0.277 -0.352
-0.278 0.277 -0.315
-0.278 0.277 -0.278
-0.278 0.277 -0.241
-0.278 0.277 -0.204
-0.278 0.277 -0.167
-0.278 0.277 -0.130
-0.278 0.277 -0.093
-0.278 0.277 -0.056
-0.278 0.277 -0.019
-0.278 0.277 0.018
-0.278 0.277 0.055
-0.278 0.277 0.092
-0.278 0.277 0.129
-0.278 0.277 0.166
-0.278 0.277 0.203
-0.278 0.277 0.240
-0.278 0.277 0.277
-0.278 0.277 0.314
-0.278 0.277 0.351
-0.278 0.277 0.388
-0.278 0.277 0.425
-0.278 0.277 0.462
-0.278 0.277 0.499
-0.278 0.314 -0.500
-0.278 0.314 -0.463
-0.278 0.314 -0.426
-0.278 0.314 -0.389
-0.278 0.314 -0.352
-0.278 0.314 -0.315
-0.278 0.314 -0.278
-0.278 0.314 -0.241
-0.278 0.314 -0.204
-0.278 0.314 -0.167
-0.278 0.314 -0.130
-0.278 0.314 -0.093
-0.278 0.314 -0.056
-0.278 0.314 -0.019
-0.278 0.314 0.018
-0.278 0.314 0.055
-0.278 0.314 0.092
-0.278 0.314 0.129
-0.278 0.314 0.166
-0.278 0.314 0.203
-0.278 0.314 0.240
-0.278 0.314 0.277
-0.278 0.314 0.314
-0.278 0.314 0.351
-0.278 0.314 0.388
-0.278 0.314 0.425
-0.278 0.314 0.462
-0.278 0.314 0.499
-0.278 0.351 -0.500
-0.278 0.351 -0.463
-0.278 0.351 -0.426
-0.278 0.351 -0.389
-0.278 0.351 -0.352
-0.278 0.351 -0.315
-0.278 0.351 -0.278
-0.278 0.351 -0.241
-0.278 0.351 -0.204
-0.278 0.351 -0.167
-0.278 0.351 -0.130
-0.278 0.351 -0.093
-0.278 0.351 -0.056
-0.278 0.351 -0.019
-0.278 0.351 0.018
-0.278 0.351 0.055
-0.278 0.351 0.092
-0.278 0.351 0.129
-0.278 0.351 0.166
-0.278 0.351 0.203
-0.278 0.351 0.240
-0.278 0.351 0.277
-0.278 0.351 0.314
-0.278 0.351 0.351
-0.278 0.351 0.388
-0.278 0.351 0.425
-0.278 0.351 0.462
-0.278 0.351 0.499
-0.278 0.388 -0.500
-0.278 0.388 -0.463
-0.278 0.388 -0.426
-0.278 0.388 -0.389
-0.278 0.388 -0.352
-0.278 0.388 -0.315
-0.278 0.388 -0.278
-0.278 0.388 -0.241
-0.278 0.388 -0.204
-0.278 0.388 -0.167
-0.278 0.388 -0.130
-0.278 0.388 -0.093
-0.278 0.388 -0.056
-0.278 0.388 -0.019
-0.278 0.388 0.018
-0.278 0.388 0.055
-0.278 0.388 0.092
-0.278 0.388 0.129
-0.278 0.388 0.166
-0.278 0.388 0.203
-0.278 0.388 0.240
-0.278 0.388 0.277
-0.278 0.388 0.314
-0.278 0.388 0.351
-0.278 0.388 0.388
-0.278 0.388 0.425
-0.278 0.388 0.462
-0.278 0.388 0.499
-0.278 0.425 -0.500
-0.278 0.425 -0.463
-0.278 0.425 -0.426
-0.278 0.425 -0.389
-0.278 0.425 -0.352
-0.278 0.425 -0.315
-0.278 0.425 -0.278
-0.278 0.425 -0.241
-0.278 0.425 -0.204
-0.278 0.425 -0.167
-0.278 0.425 -0.130
-0.278 0.425 -0.093
-0.278 0.425 -0.056
-0.278 0.425 -0.019
-0.278 0.425 0.018
-0.278 0.425 0.055
-0.278 0.425 0.092
-0.278 0.425 0.129
-0.278 0.425 0.166
-0.278 0.425 0.203
-0.278 0.425 0.240
-0.278 0.425 0.277
-0.278 0.425 0.314
-0.278 0.425 0.351
-0.278 0.425 0.388
-0.278 0.425 0.425
-0.278 0.425 0.462
-0.278 0.425 0.499
-0.278 0.462 -0.500
-0.278 0.462 -0.463
-0.278 0.462 -0.426
-0.278 0.462 -0.389
-0.278 0.462 -0.352
-0.278 0.462 -0.315
-0.278 0.462 -0.278
-0.278 0.462 -0.241
-0.278 0.462 -0.204
-0.278 0.462 -0.167
-0.278 0.462 -0.130
-0.278 0.462 -0.093
-0.278 0.462 -0.056
-0.278 0.462 -0.019
-0.278 0.462 0.018
-0.278 0.462 0.055
-0.278 0.462 0.092
-0.278 0.462 0.129
-0.278 0.462 0.166
-0.278 0.462 0.203
-0.278 0.462 0.240
-0.278 0.462 0.277
-0.278 0.462 0.314
-0.278 0.462 0.351
-0.278 0.462 0.388
-0.278 0.462 0.425
-0.278 0.462 0.462
-0.278 0.462 0.499
-0.278 0.499 -0.500
-0.278 0.499 -0.463
-0.278 0.499 -0.426
-0.278 0.499 -0.389
-0.278 0.499 -0.352
-0.278 0.499 -0.315
-0.278 0.499 -0.278
-0.278 0.499 -0.241
-0.278 0.499 -0.204
-0.278 0.499 -0.167
-0.278 0.499 -0.130
-0.278 0.499 -0.093
-0.278 0.499 -0.056
-0.278 0.499 -0.019
-0.278 0.499 0.018
-0.278 0.499 0.055
-0.278 0.499 0.092
-0.278 0.499 0.129
-0.278 0.499 0.166
-0.278 0.499 0.203
-0.278 0.499 0.240
-0.278 0.499 0.277
-0.278 0.499 0.314
-0.278 0.499 0.351
-0.278 0.499 0.388
-0.278 0.499 0.425
-0.278 0.499 0.462
-0.278 0.499 0.499
-0.241 -0.500 -0.500
-0.241 -0.500 -0.463
-0.241 -0.500 -0.426
-0.241 -0.500 -0.389
-0.241 -0.500 -0.352
-0.241 -0.500 -0.315
-0.241 -0.500 -0.278
-0.241 -0.500 -0.241
-0.241 -0.500 -0.204
-0.241 -0.500 -0.167
-0.241 -0.500 -0.130
-0.241 -0.500 -0.093
-0.241 -0.500 -0.056
-0.241 -0.500 -0.019
-0.241 -0.500 0.018
-0.241 -0.500 0.055
-0.241 -0.500 0.092
-0.241 -0.500 0.129
-0.241 -0.500 0.166
-0.241 -0.500 0.203
-0.241 -0.500 0.240
-0.241 -0.500 0.277
-0.241 -0.500 0.314
-0.241 -0.500 0.351
-0.241 -0.500 0.388
-0.241 -0.500 0.425
-0.241 -0.500 0.462
-0.241 -0.500 0.499
-0.241 -0.463 -0.500
-0.241 -0.463 -0.463
-0.241 -0.463 -0.426
-0.241 -0.463 -0.389
-0.241 -0.463 -0.352
-0.241 -0.463 -0.315
-0.241 -0.463 -0.278
-0.241 -0.463 -0.241
-0.241 -0.463 -0.204
-0.241 -0.463 -0.167
-0.241 -0.463 -0.130
-0.241 -0.463 -0.093
-0.241 -0.463 -0.056
-0.241 -0.463 -0.019
-0.241 -0.463 0.018
-0.241 -0.463 0.055
-0.241 -0.463 0.092
-0.241 -0.463 0.129
-0.241 -0.463 0.166
-0.241 -0.463 0.203
-0.241 -0.463 0.240
-0.241 -0.463 0.277
-0.241 -0.463 0.314
-0.241 -0.463 0.351
-0.241 -0.463 0.388
-0.241 -0.463 0.425
-0.241 -0.463 0.462
-0.241 -0.463 0.499
-0.241 -0.426 -0.500
-0.241 -0.426 -0.463
-0.241 -0.426 -0.426
-0.241 -0.426 -0.389
-0.241 -0.426 -0.352
-0.241 -0.426 -0.315
-0.241 -0.426 -0.278
-0.241 -0.426 -0.241
-0.241 -0.426 -0.204
-0.241 -0.426 -0.167
-0.241 -0.426 -0.130
-0.241 -0.426 -0.093
-0.241 -0.426 -0.056
-0.241 -0.426 -0.019
-0.241 -0.426 0.018
-0.241 -0.426 0.055
-0.241 -0.426 0.092
-0.241 -0.426 0.129
-0.241 -0.426 0.166
-0.241 -0.426 0.203
-0.241 -0.426 0.240
-0.241 -0.426 0.277
-0.241 -0.426 0.314
-0.241 -0.426 0.351
-0.241 -0.426 0.388
-0.241 -0.426 0.425
-0.241 -0.426 0.462
-0.241 -0.426 0.499
-0.241 -0.389 -0.500
-0.241 -0.389 -0.463
-0.241 -0.389 -0.426
-0.241 -0.389 -0.389
-0.241 -0.389 -0.352
-0.241 -0.389 -0.315
-0.241 -0.389 -0.278
-0.241 -0.389 -0.241
-0.241 -0.389 -0.204
-0.241 -0.389 -0.167
-0.241 -0.389 -0.130
-0.241 -0.389 -0.093
-0.241 -0.389 -0.056
-0.241 -0.389 -0.019
-0.241 -0.389 0.018
-0.241 -0.389 0.055
-0.241 -0.389 0.092
-0.241 -0.389 0.129
-0.241 -0.389 0.166
-0.241 -0.389 0.203
-0.241 -0.389 0.240
-0.241 -0.389 0.277
-0.241 -0.389 0.314
-0.241 -0.389 0.351
-0.241 -0.389 0.388
-0.241 -0.389 0.425
-0.241 -0.389 0.462
-0.241 -0.389 0.499
-0.241 -0.352 -0.500
-0.241 -0.352 -0.463
-0.241 -0.352 -0.426
-0.241 -0.352 -0.389
-0.241 -0.352 -0.352
-0.241 -0.352 -0.315
-0.241 -0.352 -0.278
-0.241 -0.352 -0.241
-0.241 -0.352 -0.204
-0.241 -0.352 -0.167
-0.241 -0.352 -0.130
-0.241 -0.352 -0.093
-0.241 -0.352 -0.056
-0.241 -0.352 -0.019
-0.241 -0.352 0.018
-0.241 -0.352 0.055
-0.241 -0.352 0.092
-0.241 -0.352 0.129
-0.241 -0.352 0.166
-0.241 -0.352 0.203
-0.241 -0.352 0.240
-0.241 -0.352 0.277
-0.241 -0.352 0.314
-0.241 -0.352 0.351
-0.241 -0.352 0.388
-0.241 -0.352 0.425
-0.241 -0.352 0.462
-0.241 -0.352 0.499
-0.241 -0.315 -0.500
-0.241 -0.315 -0.463
-0.241 -0.315 -0.426
-0.241 -0.315 -0.389
-0.241 -0.315 -0.352
-0.241 -0.315 -0.315
-0.241 -0.315 -0.278
-0.241 -0.315 -0.241
-0.241 -0.315 -0.204
-0.241 -0.315 -0.167
-0.241 -0.315 -0.130
-0.241 -0.315 -0.093
-0.241 -0.315 -0.056
-0.241 -0.315 -0.019
-0.241 -0.315 0.018
-0.241 -0.315 0.055
-0.241 -0.315 0.092
-0.241 -0.315 0.129
-0.241 -0.315 0.166
-0.241 -0.315 0.203
-0.241 -0.315 0.240
-0.241 -0.315 0.277
-0.241 -0.315 0.314
-0.241 -0.315 0.351
-0.241 -0.315 0.388
-0.241 -0.315 0.425
-0.241 -0.315 0.462
-0.241 -0.315 0.499
-0.241 -0.278 -0.500
-0.241 -0.278 -0.463
-0.241 -0.278 -0.426
-0.241 -0.278 -0.389
-0.241 -0.278 -0.352
-0.241 -0.278 -0.315
-0.241 -0.278 -0.278
-0.241 -0.278 -0.241
-0.241 -0.278 -0.204
-0.241 -0.278 -0.167
-0.241 -0.278 -0.130
-0.241 -0.278 -0.093
-0.241 -0.278 -0.056
-0.241 -0.278 -0.019
-0.241 -0.278 0.018
-0.241 -0.278 0.055
-0.241 -0.278 0.092
-0.241 -0.278 0.129
-0.241 -0.278 0.166
-0.241 -0.278 0.203
-0.241 -0.278 0.240
-0.241 -0.278 0.277
-0.241 -0.278 0.314
-0.241 -0.278 0.351
-0.241 -0.278 0.388
-0.241 -0.278 0.425
-0.241 -0.278 0.462
-0.241 -0.278 0.499
-0.241 -0.241 -0.500
-0.241 -0.241 -0.463
-0.241 -0.241 -0.426
-0.241 -0.241 -0.389
-0.241 -0.241 -0.352
-0.241 -0.241 -0.315
-0.241 -0.241 -0.278
-0.241 -0.241 -0.241
-0.241 -0.241 -0.204
-0.241 -0.241 -0.167
-0.241 -0.241 -0.130
-0.241 -0.241 -0.093
-0.241 -0.241 -0.056
-0.241 -0.241 -0.019
-0.241 -0.241 0.018
-0.241 -0.241 0.055
-0.241 -0.241 0.092
-0.241 -0.241 0.129
-0.241 -0.241 0.166
-0.241 -0.241 0.203
-0.241 -0.241 0.240
-0.241 -0.241 0.277
-0.241 -0.241 0.314
-0.241 -0.241 0.351
-0.241 -0.241 0.388
-0.241 -0.241 0.425
-0.241 -0.241 0.462
-0.241 -0.241 0.499
-0.241 -0.204 -0.500
-0.241 -0.204 -0.463
-0.241 -0.204 -0.426
-0.241 -0.204 -0.389
-0.241 -0.204 -0.352
-0.241 -0.204 -0.315
-0.241 -0.204 -0.278
-0.241 -0.204 -0.241
-0.241 -0.204 -0.204
-0.241 -0.204 -0.167
-0.241 -0.204 -0.130
-0.241 -0.204 -0.093
-0.241 -0.204 -0.056
-0.241 -0.204 -0.019
-0.241 -0.204 0.018
-0.241 -0.204 0.055
-0.241 -0.204 0.092
-0.241 -0.204 0.129
-0.241 -0.204 0.166
-0.241 -0.204 0.203
-0.241 -0.204 0.240
-0.241 -0.204 0.277
-0.241 -0.204 0.314
-0.241 -0.204 0.351
-0.241 -0.204 0.388
-0.241 -0.204 0.425
-0.241 -0.204 0.462
-0.241 -0.204 0.499
-0.241 -0.167 -0.500
-0.241 -0.167 -0.463
-0.241 -0.167 -0.426
-0.241 -0.167 -0.389
-0.241 -0.167 -0.352
-0.241 -0.167 -0.315
-0.241 -0.167 -0.278
-0.241 -0.167 -0.241
-0.241 -0.167 -0.204
-0.241 -0.167 -0.167
-0.241 -0.167 -0.130
-0.241 -0.167 -0.093
-0.241 -0.167 -0.056
-0.241 -0.167 -0.019
-0.241 -0.167 0.018
-0.241 -0.167 0.055
-0.241 -0.167 0.092
-0.241 -0.167 0.129
-0.241 -0.167 0.166
-0.241 -0.167 0.203
-0.241 -0.167 0.240
-0.241 -0.167 0.277
-0.241 -0.167 0.314
-0.241 -0.167 0.351
-0.241 -0.167 0.388
-0.241 -0.167 0.425
-0.241 -0.167 0.462
-0.241 -0.167 0.499
-0.241 -0.130 -0.500
-0.241 -0.130 -0.463
-0.241 -0.130 -0.426
-0.241 -0.130 -0.389
-0.241 -0.130 -0.352
-0.241 -0.130 -0.315
-0.241 -0.130 -0.278
-0.241 -0.130 -0.241
-0.241 -0.130 -0.204
-0.241 -0.130 -0.167
-0.241 -0.130 -0.130
-0.241 -0.130 -0.093
-0.241 -0.130 -0.056
-0.241 -0.130 -0.019
-0.241 -0.130 0.018
-0.241 -0.130 0.055
-0.241 -0.130 0.092
-0.241 -0.130 0.129
-0.241 -0.130 0.166
-0.241 -0.130 0.203
-0.241 -0.130 0.240
-0.241 -0.130 0.277
-0.241 -0.130 0.314
-0.241 -0.130 0.351
-0.241 -0.130 0.388
-0.241 -0.130 0.425
-0.241 -0.130 0.462
-0.241 -0.130 0.499
-0.241 -0.093 -0.500
-0.241 -0.093 -0.463
-0.241 -0.093 -0.426
-0.241 -0.093 -0.389
-0.241 -0.093 -0.352
-0.241 -0.093 -0.315
-0.241 -0.093 -0.278
-0.241 -0.093 -0.241
-0.241 -0.093 -0.204
-0.241 -0.093 -0.167
-0.241 -0.093 -0.130
-0.241 -0.093 -0.093
-0.241 -0.093 -0.056
-0.241 -0.093 -0.019
-0.241 -0.093 0.018
-0.241 -0.093 0.055
-0.241 -0.093 0.092
-0.241 -0.093 0.129
-0.241 -0.093 0.166
-0.241 -0.093 0.203
-0.241 -0.093 0.240
-0.241 -0.093 0.277
-0.241 -0.093 0.314
-0.241 -0.093 0.351
-0.241 -0.093 0.388
-0.241 -0.093 0.425
-0.241 -0.093 0.462
-0.241 -0.093 0.499
-0.241 -0.056 -0.500
-0.241 -0.056 -0.463
-0.241 -0.056 -0.426
-0.241 -0.056 -0.389
-0.241 -0.056 -0.352
-0.241 -0.056 -0.315
-0.241 -0.056 -0.278
-0.241 -0.056 -0.241
-0.241 -0.056 -0.204
-0.241 -0.056 -0.167
-0.241 -0.056 -0.130
-0.241 -0.056 -0.093
-0.241 -0.056 -0.056
-0.241 -0.056 -0.019
-0.241 -0.056 0.018
-0.241 -0.056 0.055
-0.241 -0.056 0.092
-0.241 -0.056 0.129
-0.241 -0.056 0.166
-0.241 -0.056 0.203
-0.241 -0.056 0.240
-0.241 -0.056 0.277
-0.241 -0.056 0.314
-0.241 -0.056 0.351
-0.241 -0.056 0.388
-0.241 -0.056 0.425
-0.241 -0.056 0.462
-0.241 -0.056 0.499
-0.241 -0.019 -0.500
-0.241 -0.019 -0.463
-0.241 -0.019 -0.426
-0.241 -0.019 -0.389
-0.241 -0.019 -0.352
-0.241 -0.019 -0.315
-0.241 -0.019 -0.278
-0.241 -0.019 -0.241
-0.241 -0.019 -0.204
-0.241 -0.019 -0.167
-0.241 -0.019 -0.130
-0.241 -0.019 -0.093
-0.241 -0.019 -0.056
-0.241 -0.019 -0.019
-0.241 -0.019 0.018
-0.241 -0.019 0.055
-0.241 -0.019 0.092
-0.241 -0.019 0.129
-0.241 -0.019 0.166
-0.241 -0.019 0.203
-0.241 -0.019 0.240
-0.241 -0.019 0.277
-0.241 -0.019 0.314
-0.241 -0.019 0.351
-0.241 -0.019 0.388
-0.241 -0.019 0.425
-0.241 -0.019 0.462
-0.241 -0.019 0.499
-0.241 0.018 -0.500
-0.241 0.018 -0.463
-0.241 0.018 -0.426
-0.241 0.018 -0.389
-0.241 0.018 -0.352
-0.241 0.018 -0.315
-0.241 0.018 -0.278
-0.241 0.018 -0.241
-0.241 0.018 -0.204
-0.241 0.018 -0.167
-0.241 0.018 -0.130
-0.241 0.018 -0.093
-0.241 0.018 -0.056
-0.241 0.018 -0.019
-0.241 0.018 0.018
-0.241 0.018 0.055
-0.241 0.018 0.092
-0.241 0.018 0.129
-0.241 0.018 0.166
-0.241 0.018 0.203
-0.241 0.018 0.240
-0.241 0.018 0.277
-0.241 0.018 0.314
-0.241 0.018 0.351
-0.241 0.018 0.388
-0.241 0.018 0.425
-0.241 0.018 0.462
-0.241 0.018 0.499
-0.241 0.055 -0.500
-0.241 0.055 -0.463
-0.241 0.055 -0.426
-0.241 0.055 -0.389
-0.241 0.055 -0.352
-0.241 0.055 -0.315
-0.241 0.055 -0.278
-0.241 0.055 -0.241
-0.241 0.055 -0.204
-0.241 0.055 -0.167
-0.241 0.055 -0.130
-0.241 0.055 -0.093
-0.241 0.055 -0.056
-0.241 0.055 -0.019
-0.241 0.055 0.018
-0.241 0.055 0.055
-0.241 0.055 0.092
-0.241 0.055 0.129
-0.241 0.055 0.166
-0.241 0.055 0.203
-0.241 0.055 0.240
-0.241 0.055 0.277
-0.241 0.055 0.314
-0.241 0.055 0.351
-0.241 0.055 0.388
-0.241 0.055 0.425
-0.241 0.055 0.462
-0.241 0.055 0.499
-0.241 0.092 -0.500
-0.241 0.092 -0.463
-0.241 0.092 -0.426
-0.241 0.092 -0.389
-0.241 0.092 -0.352
-0.241 0.092 -0.315
-0.241 0.092 -0.278
-0.241 0.092 -0.241
-0.241 0.092 -0.204
-0.241 0.092 -0.167
-0.241 0.092 -0.130
-0.241 0.092 -0.093
-0.241 0.092 -0.056
-0.241 0.092 -0.019
-0.241 0.092 0.018
-0.241 0.092 0.055
-0.241 0.092 0.092
-0.241 0.092 0.129
-0.241 0.092 0.166
-0.241 0.092 0.203
-0.241 0.092 0.240
-0.241 0.092 0.277
-0.241 0.092 0.314
-0.241 0.092 0.351
-0.241 0.092 0.388
-0.241 0.092 0.425
-0.241 0.092 0.462
-0.241 0.092 0.499
-0.241 0.129 -0.500
-0.241 0.129 -0.463
-0.241 0.129 -0.426
-0.241 0.129 -0.389
-0.241 0.129 -0.352
-0.241 0.129 -0.315
-0.241 0.129 -0.278
-0.241 0.129 -0.241
-0.241 0.129 -0.204
-0.241 0.129 -0.167
-0.241 0.129 -0.130
-0.241 0.129 -0.093
-0.241 0.129 -0.056
-0.241 0.129 -0.019
-0.241 0.129 0.018
-0.241 0.129 0.055
-0.241 0.129 0.092
-0.241 0.129 0.129
-0.241 0.129 0.166
-0.241 0.129 0.203
-0.241 0.129 0.240
-0.241 0.129 0.277
-0.241 0.129 0.314
-0.241 0.129 0.351
-0.241 0.129 0.388
-0.241 0.129 0.425
-0.241 0.129 0.462
-0.241 0.129 0.499
-0.241 0.166 -0.500
-0.241 0.166 -0.463
-0.241 0.166 -0.426
-0.241 0.166 -0.389
-0.241 0.166 -0.352
-0.241 0.166 -0.315
-0.241 0.166 -0.278
-0.241 0.166 -0.241
-0.241 0.166 -0.204
-0.241 0.166 -0.167
-0.241 0.166 -0.130
-0.241 0.166 -0.093
-0.241 0.166 -0.056
-0.241 0.166 -0.019
-0.241 0.166 0.018
-0.241 0.166 0.055
-0.241 0.166 0.092
-0.241 0.166 0.129
-0.241 0.166 0.166
-0.241 0.166 0.203
-0.241 0.166 0.240
-0.241 0.166 0.277
-0.241 0.166 0.314
-0.241 0.166 0.351
-0.241 0.166 0.388
-0.241 0.166 0.425
-0.241 0.166 0.462
-0.241 0.166 0.499
-0.241 0.203 -0.500
-0.241 0.203 -0.463
-0.241 0.203 -0.426
-0.241 0.203 -0.389
-0.241 0.203 -0.352
-0.241 0.203 -0.315
-0.241 0.203 -0.278
-0.241 0.203 -0.241
-0.241 0.203 -0.204
-0.241 0.203 -0.167
-0.241 0.203 -0.130
-0.241 0.203 -0.093
-0.241 0.203 -0.056
-0.241 0.203 -0.019
-0.241 0.203 0.018
-0.241 0.203 0.055
-0.241 0.203 0.092
-0.241 0.203 0.129
-0.241 0.203 0.166
-0.241 0.203 0.203
-0.241 0.203 0.240
-0.241 0.203 0.277
-0.241 0.203 0.314
-0.241 0.203 0.351
-0.241 0.203 0.388
-0.241 0.203 0.425
-0.241 0.203 0.462
-0.241 0.203 0.499
-0.241 0.240 -0.500
-0.241 0.240 -0.463
-0.241 0.240 -0.426
-0.241 0.240 -0.389
-0.241 0.240 -0.352
-0.241 0.240 -0.315
-0.241 0.240 -0.278
-0.241 0.240 -0.241
-0.241 0.240 -0.204
-0.241 0.240 -0.167
-0.241 0.240 -0.130
-0.241 0.240 -0.093
-0.241 0.240 -0.056
-0.241 0.240 -0.019
-0.241 0.240 0.018
-0.241 0.240 0.055
-0.241 0.240 0.092
-0.241 0.240 0.129
-0.241 0.240 0.166
-0.241 0.240 0.203
-0.241 0.240 0.240
-0.241 0.240 0.277
-0.241 0.240 0.314
-0.241 0.240 0.351
-0.241 0.240 0.388
-0.241 0.240 0.425
-0.241 0.240 0.462
-0.241 0.240 0.499
-0.241 0.277 -0.500
-0.241 0.277 -0.463
-0.241 0.277 -0.426
-0.241 0.277 -0.389
-0.241 0.277 -0.352
-0.241 0.277 -0.315
-0.241 0.277 -0.278
-0.241 0.277 -0.241
-0.241 0.277 -0.204
-0.241 0.277 -0.167
-0.241 0.277 -0.130
-0.241 0.277 -0.093
-0.241 0.277 -0.056
-0.241 0.277 -0.019
-0.241 0.277 0.018
-0.241 0.277 0.055
-0.241 0.277 0.092
-0.241 0.277 0.129
-0.241 0.277 0.166
-0.241 0.277 0.203
-0.241 0.277 0.240
-0.241 0.277 0.277
-0.241 0.277 0.314
-0.241 0.277 0.351
-0.241 0.277 0.388
-0.241 0.277 0.425
-0.241 0.277 0.462
-0.241 0.277 0.499
-0.241 0.314 -0.500
-0.241 0.314 -0.463
-0.241 0.314 -0.426
-0.241 0.314 -0.389
-0.241 0.314 -0.352
-0.241 0.314 -0.315
-0.241 0.314 -0.278
-0.241 0.314 -0.241
-0.241 0.314 -0.204
-0.241 0.314 -0.167
-0.241 0.314 -0.130
-0.241 0.314 -0.093
-0.241 0.314 -0.056
-0.241 0.314 -0.019
-0.241 0.314 0.018
-0.241 0.314 0.055
-0.241 0.314 0.092
-0.241 0.314 0.129
-0.241 0.314 0.166
-0.241 0.314 0.203
-0.241 0.314 0.240
-0.241 0.314 0.277
-0.241 0.314 0.314
-0.241 0.314 0.351
-0.241 0.314 0.388
-0.241 0.314 0.425
-0.241 0.314 0.462
-0.241 0.314 0.499
-0.241 0.351 -0.500
-0.241 0.351 -0.463
-0.241 0.351 -0.426
-0.241 0.351 -0.389
-0.241 0.351 -0.352
-0.241 0.351 -0.315
-0.241 0.351 -0.278
-0.241 0.351 -0.241
-0.241 0.351 -0.204
-0.241 0.351 -0.167
-0.241 0.351 -0.130
-0.241 0.351 -0.093
-0.241 0.351 -0.056
-0.241 0.351 -0.019
-0.241 0.351 0.018
-0.241 0.351 0.055
-0.241 0.351 0.092
-0.241 0.351 0.129
-0.241 0.351 0.166
-0.241 0.351 0.203
-0.241 0.351 0.240
-0.241 0.351 0.277
-0.241 0.351 0.314
-0.241 0.351 0.351
-0.241 0.351 0.388
-0.241 0.351 0.425
-0.241 0.351 0.462
-0.241 0.351 0.499
-0.241 0.388 -0.500
-0.241 0.388 -0.463
-0.241 0.388 -0.426
-0.241 0.388 -0.389
-0.241 0.388 -0.352
-0.241 0.388 -0.315
-0.241 0.388 -0.278
-0.241 0.388 -0.241
-0.241 0.388 -0.204
-0.241 0.388 -0.167
-0.241 0.388 -0.130
-0.241 0.388 -0.093
-0.241 0.388 -0.056
-0.241 0.388 -0.019
-0.241 0.388 0.018
-0.241 0.388 0.055
-0.241 0.388 0.092
-0.241 0.388 0.129
-0.241 0.388 0.166
-0.241 0.388 0.203
-0.241 0.388 0.240
-0.241 0.388 0.277
-0.241 0.388 0.314
-0.241 0.388 0.351
-0.241 0.388 0.388
-0.241 0.388 0.425
-0.241 0.388 0.462
-0.241 0.388 0.499
-0.241 0.425 -0.500
-0.241 0.425 -0.463
-0.241 0.425 -0.426
-0.241 0.425 -0.389
-0.241 0.425 -0.352
-0.241 0.425 -0.315
-0.241 0.425 -0.278
-0.241 0.425 -0.241
-0.241 0.425 -0.204
-0.241 0.425 -0.167
-0.241 0.425 -0.130
-0.241 0.425 -0.093
-0.241 0.425 -0.056
-0.241 0.425 -0.019
-0.241 0.425 0.018
-0.241 0.425 0.055
-0.241 0.425 0.092
-0.241 0.425 0.129
-0.241 0.425 0.166
-0.241 0.425 0.203
-0.241 0.425 0.240
-0.241 0.425 0.277
-0.241 0.425 0.314
-0.241 0.425 0.351
-0.241 0.425 0.388
-0.241 0.425 0.425
-0.241 0.425 0.462
-0.241 0.425 0.499
-0.241 0.462 -0.500
-0.241 0.462 -0.463
-0.241 0.462 -0.426
-0.241 0.462 -0.389
-0.241 0.462 -0.352
-0.241 0.462 -0.315
-0.241 0.462 -0.278
-0.241 0.462 -0.241
-0.241 0.462 -0.204
-0.241 0.462 -0.167
-0.241 0.462 -0.130
-0.241 0.462 -0.093
-0.241 0.462 -0.056
-0.241 0.462 -0.019
-0.241 0.462 0.018
-0.241 0.462 0.055
-0.241 0.462 0.092
-0.241 0.462 0.129
-0.241 0.462 0.166
-0.241 0.462 0.203
-0.241 0.462 0.240
-0.241 0.462 0.277
-0.241 0.462 0.314
-0.241 0.462 0.351
-0.241 0.462 0.388
-0.241 0.462 0.425
-0.241 0.462 0.462
-0.241 0.462 0.499
-0.241 0.499 -0.500
-0.241 0.499 -0.463
-0.241 0.499 -0.426
-0.241 0.499 -0.389
-0.241 0.499 -0.352
-0.241 0.499 -0.315
-0.241 0.499 -0.278
-0.241 0.499 -0.241
-0.241 0.499 -0.204
-0.241 0.499 -0.167
-0.241 0.499 -0.130
-0.241 0.499 -0.093
-0.241 0.499 -0.056
-0.241 0.499 -0.019
-0.241 0.499 0.018
-0.241 0.499 0.055
-0.241 0.499 0.092
-0.241 0.499 0.129
-0.241 0.499 0.166
-0.241 0.499 0.203
-0.241 0.499 0.240
-0.241 0.499 0.277
-0.241 0.499 0.314
-0.241 0.499 0.351
-0.241 0.499 0.388
-0.241 0.499 0.425
-0.241 0.499 0.462
-0.241 0.499 0.499
-0.204 -0.500 -0.500
-0.204 -0.500 -0.463
-0.204 -0.500 -0.426
-0.204 -0.500 -0.389
-0.204 -0.500 -0.352
-0.204 -0.500 -0.315
-0.204 -0.500 -0.278
-0.204 -0.500 -0.241
-0.204 -0.500 -0.204
-0.204 -0.500 -0.167
-0.204 -0.500 -0.130
-0.204 -0.500 -0.093
-0.204 -0.500 -0.056
-0.204 -0.500 -0.019
-0.204 -0.500 0.018
-0.204 -0.500 0.055
-0.204 -0.500 0.092
-0.204 -0.500 0.129
-0.204 -0.500 0.166
-0.204 -0.500 0.203
-0.204 -0.500 0.240
-0.204 -0.500 0.277
-0.204 -0.500 0.314
-0.204 -0.500 0.351
-0.204 -0.500 0.388
-0.204 -0.500 0.425
-0.204 -0.500 0.462
-0.204 -0.500 0.499
-0.204 -0.463 -0.500
-0.204 -0.463 -0.463
-0.204 -0.463 -0.426
-0.204 -0.463 -0.389
-0.204 -0.463 -0.352
-0.204 -0.463 -0.315
-0.204 -0.463 -0.278
-0.204 -0.463 -0.241
-0.204 -0.463 -0.204
-0.204 -0.463 -0.167
-0.204 -0.463 -0.130
-0.204 -0.463 -0.093
-0.204 -0.463 -0.056
-0.204 -0.463 -0.019
-0.204 -0.463 0.018
-0.204 -0.463 0.055
-0.204 -0.463 0.092
-0.204 -0.463 0.129
-0.204 -0.463 0.166
-0.204 -0.463 0.203
-0.204 -0.463 0.240
-0.204 -0.463 0.277
-0.204 -0.463 0.314
-0.204 -0.463 0.351
-0.204 -0.463 0.388
-0.204 -0.463 0.425
-0.204 -0.463 0.462
-0.204 -0.463 0.499
-0.204 -0.426 -0.500
-0.204 -0.426 -0.463
-0.204 -0.426 -0.426
-0.204 -0.426 -0.389
-0.204 -0.426 -0.352
-0.204 -0.426 -0.315
-0.204 -0.426 -0.278
-0.204 -0.426 -0.241
-0.204 -0.426 -0.204
-0.204 -0.426 -0.167
-0.204 -0.426 -0.130
-0.204 -0.426 -0.093
-0.204 -0.426 -0.056
-0.204 -0.426 -0.019
-0.204 -0.426 0.018
-0.204 -0.426 0.055
-0.204 -0.426 0.092
-0.204 -0.426 0.129
-0.204 -0.426 0.166
-0.204 -0.426 0.203
-0.204 -0.426 0.240
-0.204 -0.426 0.277
-0.204 -0.426 0.314
-0.204 -0.426 0.351
-0.204 -0.426 0.388
-0.204 -0.426 0.425
-0.204 -0.426 0.462
-0.204 -0.426 0.499
-0.204 -0.389 -0.500
-0.204 -0.389 -0.463
-0.204 -0.389 -0.426
-0.204 -0.389 -0.389
-0.204 -0.389 -0.352
-0.204 -0.389 -0.315
-0.204 -0.389 -0.278
-0.204 -0.389 -0.241
-0.204 -0.389 -0.204
-0.204 -0.389 -0.167
-0.204 -0.389 -0.130
-0.204 -0.389 -0.093
-0.204 -0.389 -0.056
-0.204 -0.389 -0.019
-0.204 -0.389 0.018
-0.204 -0.389 0.055
-0.204 -0.389 0.092
-0.204 -0.389 0.129
-0.204 -0.389 0.166
-0.204 -0.389 0.203
-0.204 -0.389 0.240
-0.204 -0.389 0.277
-0.204 -0.389 0.314
-0.204 -0.389 0.351
-0.204 -0.389 0.388
-0.204 -0.389 0.425
-0.204 -0.389 0.462
-0.204 -0.389 0.499
-0.204 -0.352 -0.500
-0.204 -0.352 -0.463
-0.204 -0.352 -0.426
-0.204 -0.352 -0.389
-0.204 -0.352 -0.352
-0.204 -0.352 -0.315
-0.204 -0.352 -0.278
-0.204 -0.352 -0.241
-0.204 -0.352 -0.204
-0.204 -0.352 -0.167
-0.204 -0.352 -0.130
-0.204 -0.352 -0.093
-0.204 -0.352 -0.056
-0.204 -0.352 -0.019
-0.204 -0.352 0.018
-0.204 -0.352 0.055
-0.204 -0.352 0.092
-0.204 -0.352 0.129
-0.204 -0.352 0.166
-0.204 -0.352 0.203
-0.204 -0.352 0.240
-0.204 -0.352 0.277
-0.204 -0.352 0.314
-0.204 -0.352 0.351
-0.204 -0.352 0.388
-0.204 -0.352 0.425
-0.204 -0.352 0.462
-0.204 -0.352 0.499
-0.204 -0.315 -0.500
-0.204 -0.315 -0.463
-0.204 -0.315 -0.426
-0.204 -0.315 -0.389
-0.204 -0.315 -0.352
-0.204 -0.315 -0.315
-0.204 -0.315 -0.278
-0.204 -0.315 -0.241
-0.204 -0.315 -0.204
-0.204 -0.315 -0.167
-0.204 -0.315 -0.130
-0.204 -0.315 -0.093
-0.204 -0.315 -0.056
-0.204 -0.315 -0.019
-0.204 -0.315 0.018
-0.204 -0.315 0.055
-0.204 -0.315 0.092
-0.204 -0.315 0.129
-0.204 -0.315 0.166
-0.204 -0.315 0.203
-0.204 -0.315 0.240
-0.204 -0.315 0.277
-0.204 -0.315 0.314
-0.204 -0.315 0.351
-0.204 -0.315 0.388
-0.204 -0.315 0.425
-0.204 -0.315 0.462
-0.204 -0.315 0.499
-0.204 -0.278 -0.500
-0.204 -0.278 -0.463
-0.204 -0.278 -0.426
-0.204 -0.278 -0.389
-0.204 -0.278 -0.352
-0.204 -0.278 -0.315
-0.204 -0.278 -0.278
-0.204 -0.278 -0.241
-0.204 -0.278 -0.204
-0.204 -0.278 -0.167
-0.204 -0.278 -0.130
-0.204 -0.278 -0.093
-0.204 -0.278 -0.056
-0.204 -0.278 -0.019
-0.204 -0.278 0.018
-0.204 -0.278 0.055
-0.204 -0.278 0.092
-0.204 -0.278 0.129
-0.204 -0.278 0.166
-0.204 -0.278 0.203
-0.204 -0.278 0.240
-0.204 -0.278 0.277
-0.204 -0.278 0.314
-0.204 -0.278 0.351
-0.204 -0.278 0.388
-0.204 -0.278 0.425
-0.204 -0.278 0.462
-0.204 -0.278 0.499
-0.204 -0.241 -0.500
-0.204 -0.241 -0.463
-0.204 -0.241 -0.426
-0.204 -0.241 -0.389
-0.204 -0.241 -0.352
-0.204 -0.241 -0.315
-0.204 -0.241 -0.278
-0.204 -0.241 -0.241
-0.204 -0.241 -0.204
-0.204 -0.241 -0.167
-0.204 -0.241 -0.130
-0.204 -0.241 -0.093
-0.204 -0.241 -0.056
-0.204 -0.241 -0.019
-0.204 -0.241 0.018
-0.204 -0.241 0.055
-0.204 -0.241 0.092
-0.204 -0.241 0.129
-0.204 -0.241 0.166
-0.204 -0.241 0.203
-0.204 -0.241 0.240
-0.204 -0.241 0.277
-0.204 -0.241 0.314
-0.204 -0.241 0.351
-0.204 -0.241 0.388
-0.204 -0.241 0.425
-0.204 -0.241 0.462
-0.204 -0.241 0.499
-0.204 -0.204 -0.500
-0.204 -0.204 -0.463
-0.204 -0.204 -0.426
-0.204 -0.204 -0.389
-0.204 -0.204 -0.352
-0.204 -0.204 -0.315
-0.204 -0.204 -0.278
-0.204 -0.204 -0.241
-0.204 -0.204 -0.204
-0.204 -0.204 -0.167
-0.204 -0.204 -0.130
-0.204 -0.204 -0.093
-0.204 -0.204 -0.056
-0.204 -0.204 -0.019
-0.204 -0.204 0.018
-0.204 -0.204 0.055
-0.204 -0.204 0.092
-0.204 -0.204 0.129
-0.204 -0.204 0.166
-0.204 -0.204 0.203
-0.204 -0.204 0.240
-0.204 -0.204 0.277
-0.204 -0.204 0.314
-0.204 -0.204 0.351
-0.204 -0.204 0.388
-0.204 -0.204 0.425
-0.204 -0.204 0.462
-0.204 -0.204 0.499
-0.204 -0.167 -0.500
-0.204 -0.167 -0.463
-0.204 -0.167 -0.426
-0.204 -0.167 -0.389
-0.204 -0.167 -0.352
-0.204 -0.167 -0.315
-0.204 -0.167 -0.278
-0.204 -0.167 -0.241
-0.204 -0.167 -0.204
-0.204 -0.167 -0.167
-0.204 -0.167 -0.130
-0.204 -0.167 -0.093
-0.204 -0.167 -0.056
-0.204 -0.167 -0.019
-0.204 -0.167 0.018
-0.204 -0.167 0.055
-0.204 -0.167 0.092
-0.204 -0.167 0.129
-0.204 -0.167 0.166
-0.204 -0.167 0.203
-0.204 -0.167 0.240
-0.204 -0.167 0.277
-0.204 -0.167 0.314
-0.204 -0.167 0.351
-0.204 -0.167 0.388
-0.204 -0.167 0.425
-0.204 -0.167 0.462
-0.204 -0.167 0.499
-0.204 -0.130 -0.500
-0.204 -0.130 -0.463
-0.204 -0.130 -0.426
-0.204 -0.130 -0.389
-0.204 -0.130 -0.352
-0.204 -0.130 -0.315
-0.204 -0.130 -0.278
-0.204 -0.130 -0.241
-0.204 -0.130 -0.204
-0.204 -0.130 -0.167
-0.204 -0.130 -0.130
-0.204 -0.130 -0.093
-0.204 -0.130 -0.056
-0.204 -0.130 -0.019
-0.204 -0.130 0.018
-0.204 -0.130 0.055
-0.204 -0.130 0.092
-0.204 -0.130 0.129
-0.204 -0.130 0.166
-0.204 -0.130 0.203
-0.204 -0.130 0.240
-0.204 -0.130 0.277
-0.204 -0.130 0.314
-0.204 -0.130 0.351
-0.204 -0.130 0.388
-0.204 -0.130 0.425
-0.204 -0.130 0.462
-0.204 -0.130 0.499
-0.204 -0.093 -0.500
-0.204 -0.093 -0.463
-0.204 -0.093 -0.426
-0.204 -0.093 -0.389
-0.204 -0.093 -0.352
-0.204 -0.093 -0.315
-0.204 -0.093 -0.278
-0.204 -0.093 -0.241
-0.204 -0.093 -0.204
-0.204 -0.093 -0.167
-0.204 -0.093 -0.130
-0.204 -0.093 -0.093
-0.204 -0.093 -0.056
-0.204 -0.093 -0.019
-0.204 -0.093 0.018
-0.204 -0.093 0.055
-0.204 -0.093 0.092
-0.204 -0.093 0.129
-0.204 -0.093 0.166
-0.204 -0.093 0.203
-0.204 -0.093 0.240
-0.204 -0.093 0.277
-0.204 -0.093 0.314
-0.204 -0.093 0.351
-0.204 -0.093 0.388
-0.204 -0.093 0.425
-0.204 -0.093 0.462
-0.204 -0.093 0.499
-0.204 -0.056 -0.500
-0.204 -0.056 -0.463
-0.204 -0.056 -0.426
-0.204 -0.056 -0.389
-0.204 -0.056 -0.352
-0.204 -0.056 -0.315
-0.204 -0.056 -0.278
-0.204 -0.056 -0.241
-0.204 -0.056 -0.204
-0.204 -0.056 -0.167
-0.204 -0.056 -0.130
-0.204 -0.056 -0.093
-0.204 -0.056 -0.056
-0.204 -0.056 -0.019
-0.204 -0.056 0.018
-0.204 -0.056 0.055
-0.204 -0.056 0.092
-0.204 -0.056 0.129
-0.204 -0.056 0.166
-0.204 -0.056 0.203
-0.204 -0.056 0.240
-0.204 -0.056 0.277
-0.204 -0.056 0.314
-0.204 -0.056 0.351
-0.204 -0.056 0.388
-0.204 -0.056 0.425
-0.204 -0.056 0.462
-0.204 -0.056 0.499
-0.204 -0.019 -0.500
-0.204 -0.019 -0.463
-0.204 -0.019 -0.426
-0.204 -0.019 -0.389
-0.204 -0.019 -0.352
-0.204 -0.019 -0.315
-0.204 -0.019 -0.278
-0.204 -0.019 -0.241
-0.204 -0.019 -0.204
-0.204 -0.019 -0.167
-0.204 -0.019 -0.130
-0.204 -0.019 -0.093
-0.204 -0.019 -0.056
-0.204 -0.019 -0.019
-0.204 -0.019 0.018
-0.204 -0.019 0.055
-0.204 -0.019 0.092
-0.204 -0.019 0.129
-0.204 -0.019 0.166
-0.204 -0.019 0.203
-0.204 -0.019 0.240
-0.204 -0.019 0.277
-0.204 -0.019 0.314
-0.204 -0.019 0.351
-0.204 -0.019 0.388
-0.204 -0.019 0.425
-0.204 -0.019 0.462
-0.204 -0.019 0.499
-0.204 0.018 -0.500
-0.204 0.018 -0.463
-0.204 0.018 -0.426
-0.204 0.018 -0.389
-0.204 0.018 -0.352
-0.204 0.018 -0.315
-0.204 0.018 -0.278
-0.204 0.018 -0.241
-0.204 0.018 -0.204
-0.204 0.018 -0.167
-0.204 0.018 -0.130
-0.204 0.018 -0.093
-0.204 0.018 -0.056
-0.204 0.018 -0.019
-0.204 0.018 0.018
-0.204 0.018 0.055
-0.204 0.018 0.092
-0.204 0.018 0.129
-0.204 0.018 0.166
-0.204 0.018 0.203
-0.204 0.018 0.240
-0.204 0.018 0.277
-0.204 0.018 0.314
-0.204 0.018 0.351
-0.204 0.018 0.388
-0.204 0.018 0.425
-0.204 0.018 0.462
-0.204 0.018 0.499
-0.204 0.055 -0.500
-0.204 0.055 -0.463
-0.204 0.055 -0.426
-0.204 0.055 -0.389
-0.204 0.055 -0.352
-0.204 0.055 -0.315
-0.204 0.055 -0.278
-0.204 0.055 -0.241
-0.204 0.055 -0.204
-0.204 0.055 -0.167
-0.204 0.055 -0.130
-0.204 0.055 -0.093
-0.204 0.055 -0.056
-0.204 0.055 -0.019
-0.204 0.055 0.018
-0.204 0.055 0.055
-0.204 0.055 0.092
-0.204 0.055 0.129
-0.204 0.055 0.166
-0.204 0.055 0.203
-0.204 0.055 0.240
-0.204 0.055 0.277
-0.204 0.055 0.314
-0.204 0.055 0.351
-0.204 0.055 0.388
-0.204 0.055 0.425
-0.204 0.055 0.462
-0.204 0.055 0.499
-0.204 0.092 -0.500
-0.204 0.092 -0.463
-0.204 0.092 -0.426
-0.204 0.092 -0.389
-0.204 0.092 -0.352
-0.204 0.092 -0.315
-0.204 0.092 -0.278
-0.204 0.092 -0.241
-0.204 0.092 -0.204
-0.204 0.092 -0.167
-0.204 0.092 -0.130
-0.204 0.092 -0.093
-0.204 0.092 -0.056
-0.204 0.092 -0.019
-0.204 0.092 0.018
-0.204 0.092 0.055
-0.204 0.092 0.092
-0.204 0.092 0.129
-0.204 0.092 0.166
-0.204 0.092 0.203
-0.204 0.092 0.240
-0.204 0.092 0.277
-0.204 0.092 0.314
-0.204 0.092 0.351
-0.204 0.092 0.388
-0.204 0.092 0.425
-0.204 0.092 0.462
-0.204 0.092 0.499
-0.204 0.129 -0.500
-0.204 0.129 -0.463
-0.204 0.129 -0.426
-0.204 0.129 -0.389
-0.204 0.129 -0.352
-0.204 0.129 -0.315
-0.204 0.129 -0.278
-0.204 0.129 -0.241
-0.204 0.129 -0.204
-0.204 0.129 -0.167
-0.204 0.129 -0.130
-0.204 0.129 -0.093
-0.204 0.129 -0.056
-0.204 0.129 -0.019
-0.204 0.129 0.018
-0.204 0.129 0.055
-0.204 0.129 0.092
-0.204 0.129 0.129
-0.204 0.129 0.166
-0.204 0.129 0.203
-0.204 0.129 0.240
-0.204 0.129 0.277
-0.204 0.129 0.314
-0.204 0.129 0.351
-0.204 0.129 0.388
-0.204 0.129 0.425
-0.204 0.129 0.462
-0.204 0.129 0.499
-0.204 0.166 -0.500
-0.204 0.166 -0.463
-0.204 0.166 -0.426
-0.204 0.166 -0.389
-0.204 0.166 -0.352
-0.204 0.166 -0.315
-0.204 0.166 -0.278
-0.204 0.166 -0.241
-0.204 0.166 -0.204
-0.204 0.166 -0.167
-0.204 0.166 -0.130
-0.204 0.166 -0.093
-0.204 0.166 -0.056
-0.204 0.166 -0.019
-0.204 0.166 0.018
-0.204 0.166 0.055
-0.204 0.166 0.092
-0.204 0.166 0.129
-0.204 0.166 0.166
-0.204 0.166 0.203
-0.204 0.166 0.240
-0.204 0.166 0.277
-0.204 0.166 0.314
-0.204 0.166 0.351
-0.204 0.166 0.388
-0.204 0.166 0.425
-0.204 0.166 0.462
-0.204 0.166 0.499
-0.204 0.203 -0.500
-0.204 0.203 -0.463
-0.204 0.203 -0.426
-0.204 0.203 -0.389
-0.204 0.203 -0.352
-0.204 0.203 -0.315
-0.204 0.203 -0.278
-0.204 0.203 -0.241
-0.204 0.203 -0.204
-0.204 0.203 -0.167
-0.204 0.203 -0.130
-0.204 0.203 -0.093
-0.204 0.203 -0.056
-0.204 0.203 -0.019
-0.204 0.203 0.018
-0.204 0.203 0.055
-0.204 0.203 0.092
-0.204 0.203 0.129
-0.204 0.203 0.166
-0.204 0.203 0.203
-0.204 0.203 0.240
-0.204 0.203 0.277
-0.204 0.203 0.314
-0.204 0.203 0.351
-0.204 0.203 0.388
-0.204 0.203 0.425
-0.204 0.203 0.462
-0.204 0.203 0.499
-0.204 0.240 -0.500
-0.204 0.240 -0.463
-0.204 0.240 -0.426
-0.204 0.240 -0.389
-0.204 0.240 -0.352
-0.204 0.240 -0.315
-0.204 0.240 -0.278
-0.204 0.240 -0.241
-0.204 0.240 -0.204
-0.204 0.240 -0.167
-0.204 0.240 -0.130
-0.204 0.240 -0.093
-0.204 0.240 -0.056
-0.204 0.240 -0.019
-0.204 0.240 0.018
-0.204 0.240 0.055
-0.204 0.240 0.092
-0.204 0.240 0.129
-0.204 0.240 0.166
-0.204 0.240 0.203
-0.204 0.240 0.240
-0.204 0.240 0.277
-0.204 0.240 0.314
-0.204 0.240 0.351
-0.204 0.240 0.388
-0.204 0.240 0.425
-0.204 0.240 0.462
-0.204 0.240 0.499
-0.204 0.277 -0.500
-0.204 0.277 -0.463
-0.204 0.277 -0.426
-0.204 0.277 -0.389
-0.204 0.277 -0.352
-0.204 0.277 -0.315
-0.204 0.277 -0.278
-0.204 0.277 -0.241
-0.204 0.277 -0.204
-0.204 0.277 -0.167
-0.204 0.277 -0.130
-0.204 0.277 -0.093
-0.204 0.277 -0.056
-0.204 0.277 -0.019
-0.204 0.277 0.018
-0.204 0.277 0.055
-0.204 0.277 0.092
-0.204 0.277 0.129
-0.204 0.277 0.166
-0.204 0.277 0.203
-0.204 0.277 0.240
-0.204 0.277 0.277
-0.204 0.277 0.314
-0.204 0.277 0.351
-0.204 0.277 0.388
-0.204 0.277 0.425
-0.204 0.277 0.462
-0.204 0.277 0.499
-0.204 0.314 -0.500
-0.204 0.314 -0.463
-0.204 0.314 -0.426
-0.204 0.314 -0.389
-0.204 0.314 -0.352
-0.204 0.314 -0.315
-0.204 0.314 -0.278
-0.204 0.314 -0.241
-0.204 0.314 -0.204
-0.204 0.314 -0.167
-0.204 0.314 -0.130
-0.204 0.314 -0.093
-0.204 0.314 -0.056
-0.204 0.314 -0.019
-0.204 0.314 0.018
-0.204 0.314 0.055
-0.204 0.314 0.092
-0.204 0.314 0.129
-0.204 0.314 0.166
-0.204 0.314 0.203
-0.204 0.314 0.240
-0.204 0.314 0.277
-0.204 0.314 0.314
-0.204 0.314 0.351
-0.204 0.314 0.388
-0.204 0.314 0.425
-0.204 0.314 0.462
-0.204 0.314 0.499
-0.204 0.351 -0.500
-0.204 0.351 -0.463
-0.204 0.351 -0.426
-0.204 0.351 -0.389
-0.204 0.351 -0.352
-0.204 0.351 -0.315
-0.204 0.351 -0.278
-0.204 0.351 -0.241
-0.204 0.351 -0.204
-0.204 0.351 -0.167
-0.204 0.351 -0.130
-0.204 0.351 -0.093
-0.204 0.351 -0.056
-0.204 0.351 -0.019
-0.204 0.351 0.018
-0.204 0.351 0.055
-0.204 0.351 0.092
-0.204 0.351 0.129
-0.204 0.351 0.166
-0.204 0.351 0.203
-0.204 0.351 0.240
-0.204 0.351 0.277
-0.204 0.351 0.314
-0.204 0.351 0.351
-0.204 0.351 0.388
-0.204 0.351 0.425
-0.204 0.351 0.462
-0.204 0.351 0.499
-0.204 0.388 -0.500
-0.204 0.388 -0.463
-0.204 0.388 -0.426
-0.204 0.388 -0.389
-0.204 0.388 -0.352
-0.204 0.388 -0.315
-0.204 0.388 -0.278
-0.204 0.388 -0.241
-0.204 0.388 -0.204
-0.204 0.388 -0.167
-0.204 0.388 -0.130
-0.204 0.388 -0.093
-0.204 0.388 -0.056
-0.204 0.388 -0.019
-0.204 0.388 0.018
-0.204 0.388 0.055
-0.204 0.388 0.092
-0.204 0.388 0.129
-0.204 0.388 0.166
-0.204 0.388 0.203
-0.204 0.388 0.240
-0.204 0.388 0.277
-0.204 0.388 0.314
-0.204 0.388 0.351
-0.204 0.388 0.388
-0.204 0.388 0.425
-0.204 0.388 0.462
-0.204 0.388 0.499
-0.204 0.425 -0.500
-0.204 0.425 -0.463
-0.204 0.425 -0.426
-0.204 0.425 -0.389
-0.204 0.425 -0.352
-0.204 0.425 -0.315
-0.204 0.425 -0.278
-0.204 0.425 -0.241
-0.204 0.425 -0.204
-0.204 0.425 -0.167
-0.204 0.425 -0.130
-0.204 0.425 -0.093
-0.204 0.425 -0.056
-0.204 0.425 -0.019
-0.204 0.425 0.018
-0.204 0.425 0.055
-0.204 0.425 0.092
-0.204 0.425 0.129
-0.204 0.425 0.166
-0.204 0.425 0.203
-0.204 0.425 0.240
-0.204 0.425 0.277
-0.204 0.425 0.314
-0.204 0.425 0.351
-0.204 0.425 0.388
-0.204 0.425 0.425
-0.204 0.425 0.462
-0.204 0.425 0.499
-0.204 0.462 -0.500
-0.204 0.462 -0.463
-0.204 0.462 -0.426
-0.204 0.462 -0.389
-0.204 0.462 -0.352
-0.204 0.462 -0.315
-0.204 0.462 -0.278
-0.204 0.462 -0.241
-0.204 0.462 -0.204
-0.204 0.462 -0.167
-0.204 0.462 -0.130
-0.204 0.462 -0.093
-0.204 0.462 -0.056
-0.204 0.462 -0.019
-0.204 0.462 0.018
-0.204 0.462 0.055
-0.204 0.462 0.092
-0.204 0.462 0.129
-0.204 0.462 0.166
-0.204 0.462 0.203
-0.204 0.462 0.240
-0.204 0.462 0.277
-0.204 0.462 0.314
-0.204 0.462 0.351
-0.204 0.462 0.388
-0.204 0.462 0.425
-0.204 0.462 0.462
-0.204 0.462 0.499
-0.204 0.499 -0.500
-0.204 0.499 -0.463
-0.204 0.499 -0.426
-0.204 0.499 -0.389
-0.204 0.499 -0.352
-0.204 0.499 -0.315
-0.204 0.499 -0.278
-0.204 0.499 -0.241
-0.204 0.499 -0.204
-0.204 0.499 -0.167
-0.204 0.499 -0.130
-0.204 0.499 -0.093
-0.204 0.499 -0.056
-0.204 0.499 -0.019
-0.204 0.499 0.018
-0.204 0.499 0.055
-0.204 0.499 0.092
-0.204 0.499 0.129
-0.204 0.499 0.166
-0.204 0.499 0.203
-0.204 0.499 0.240
-0.204 0.499 0.277
-0.204 0.499 0.314
-0.204 0.499 0.351
-0.204 0.499 0.388
-0.204 0.499 0.425
-0.204 0.499 0.462
-0.204 0.499 0.499
-0.167 -0.500 -0.500
-0.167 -0.500 -0.463
-0.167 -0.500 -0.426
-0.167 -0.500 -0.389
-0.167 -0.500 -0.352
-0.167 -0.500 -0.315
-0.167 -0.500 -0.278
-0.167 -0.500 -0.241
-0.167 -0.500 -0.204
-0.167 -0.500 -0.167
-0.167 -0.500 -0.130
-0.167 -0.500 -0.093
-0.167 -0.500 -0.056
-0.167 -0.500 -0.019
-0.167 -0.500 0.018
-0.167 -0.500 0.055
-0.167 -0.500 0.092
-0.167 -0.500 0.129
-0.167 -0.500 0.166
-0.167 -0.500 0.203
-0.167 -0.500 0.240
-0.167 -0.500 0.277
-0.167 -0.500 0.314
-0.167 -0.500 0.351
-0.167 -0.500 0.388
-0.167 -0.500 0.425
-0.167 -0.500 0.462
-0.167 -0.500 0.499
-0.167 -0.463 -0.500
-0.167 -0.463 -0.463
-0.167 -0.463 -0.426
-0.167 -0.463 -0.389
-0.167 -0.463 -0.352
-0.167 -0.463 -0.315
-0.167 -0.463 -0.278
-0.167 -0.463 -0.241
-0.167 -0.463 -0.204
-0.167 -0.463 -0.167
-0.167 -0.463 -0.130
-0.167 -0.463 -0.093
-0.167 -0.463 -0.056
-0.167 -0.463 -0.019
-0.167 -0.463 0.018
-0.167 -0.463 0.055
-0.167 -0.463 0.092
-0.167 -0.463 0.129
-0.167 -0.463 0.166
-0.167 -0.463 0.203
-0.167 -0.463 0.240
-0.167 -0.463 0.277
-0.167 -0.463 0.314
-0.167 -0.463 0.351
-0.167 -0.463 0.388
-0.167 -0.463 0.425
-0.167 -0.463 0.462
-0.167 -0.463 0.499
-0.167 -0.426 -0.500
-0.167 -0.426 -0.463
-0.167 -0.426 -0.426
-0.167 -0.426 -0.389
-0.167 -0.426 -0.352
-0.167 -0.426 -0.315
-0.167 -0.426 -0.278
-0.167 -0.426 -0.241
-0.167 -0.426 -0.204
-0.167 -0.426 -0.167
-0.167 -0.426 -0.130
-0.167 -0.426 -0.093
-0.167 -0.426 -0.056
-0.167 -0.426 -0.019
-0.167 -0.426 0.018
-0.167 -0.426 0.055
-0.167 -0.426 0.092
-0.167 -0.426 0.129
-0.167 -0.426 0.166
-0.167 -0.426 0.203
-0.167 -0.426 0.240
-0.167 -0.426 0.277
-0.167 -0.426 0.314
-0.167 -0.426 0.351
-0.167 -0.426 0.388
-0.167 -0.426 0.425
-0.167 -0.426 0.462
-0.167 -0.426 0.499
-0.167 -0.389 -0.500
-0.167 -0.389 -0.463
-0.167 -0.389 -0.426
-0.167 -0.389 -0.389
-0.167 -0.389 -0.352
-0.167 -0.389 -0.315
-0.167 -0.389 -0.278
-0.167 -0.389 -0.241
-0.167 -0.389 -0.204
-0.167 -0.389 -0.167
-0.167 -0.389 -0.130
-0.167 -0.389 -0.093
-0.167 -0.389 -0.056
-0.167 -0.389 -0.019
-0.167 -0.389 0.018
-0.167 -0.389 0.055
-0.167 -0.389 0.092
-0.167 -0.389 0.129
-0.167 -0.389 0.166
-0.167 -0.389 0.203
-0.167 -0.389 0.240
-0.167 -0.389 0.277
-0.167 -0.389 0.314
-0.167 -0.389 0.351
-0.167 -0.389 0.388
-0.167 -0.389 0.425
-0.167 -0.389 0.462
-0.167 -0.389 0.499
-0.167 -0.352 -0.500
-0.167 -0.352 -0.463
-0.167 -0.352 -0.426
-0.167 -0.352 -0.389
-0.167 -0.352 -0.352
-0.167 -0.352 -0.315
-0.167 -0.352 -0.278
-0.167 -0.352 -0.241
-0.167 -0.352 -0.204
-0.167 -0.352 -0.167
-0.167 -0.352 -0.130
-0.167 -0.352 -0.093
-0.167 -0.352 -0.056
-0.167 -0.352 -0.019
-0.167 -0.352 0.018
-0.167 -0.352 0.055
-0.167 -0.352 0.092
-0.167 -0.352 0.129
-0.167 -0.352 0.166
-0.167 -0.352 0.203
-0.167 -0.352 0.240
-0.167 -0.352 0.277
-0.167 -0.352 0.314
-0.167 -0.352 0.351
-0.167 -0.352 0.388
-0.167 -0.352 0.425
-0.167 -0.352 0.462
-0.167 -0.352 0.499
-0.167 -0.315 -0.500
-0.167 -0.315 -0.463
-0.167 -0.315 -0.426
-0.167 -0.315 -0.389
-0.167 -0.315 -0.352
-0.167 -0.315 -0.315
-0.167 -0.315 -0.278
-0.167 -0.315 -0.241
-0.167 -0.315 -0.204
-0.167 -0.315 -0.167
-0.167 -0.315 -0.130
-0.167 -0.315 -0.093
-0.167 -0.315 -0.056
-0.167 -0.315 -0.019
-0.167 -0.315 0.018
-0.167 -0.315 0.055
-0.167 -0.315 0.092
-0.167 -0.315 0.129
-0.167 -0.315 0.166
-0.167 -0.315 0.203
-0.167 -0.315 0.240
-0.167 -0.315 0.277
-0.167 -0.315 0.314
-0.167 -0.315 0.351
-0.167 -0.315 0.388
-0.167 -0.315 0.425
-0.167 -0.315 0.462
-0.167 -0.315 0.499
-0.167 -0.278 -0.500
-0.167 -0.278 -0.463
-0.167 -0.278 -0.426
-0.167 -0.278 -0.389
-0.167 -0.278 -0.352
-0.167 -0.278 -0.315
-0.167 -0.278 -0.278
-0.167 -0.278 -0.241
-0.167 -0.278 -0.204
-0.167 -0.278 -0.167
-0.167 -0.278 -0.130
-0.167 -0.278 -0.093
-0.167 -0.278 -0.056
-0.167 -0.278 -0.019
-0.167 -0.278 0.018
-0.167 -0.278 0.055
-0.167 -0.278 0.092
-0.167 -0.278 0.129
-0.167 -0.278 0.166
-0.167 -0.278 0.203
-0.167 -0.278 0.240
-0.167 -0.278 0.277
-0.167 -0.278 0.314
-0.167 -0.278 0.351
-0.167 -0.278 0.388
-0.167 -0.278 0.425
-0.167 -0.278 0.462
-0.167 -0.278 0.499
-0.167 -0.241 -0.500
-0.167 -0.241 -0.463
-0.167 -0.241 -0.426
-0.167 -0.241 -0.389
-0.167 -0.241 -0.352
-0.167 -0.241 -0.315
-0.167 -0.241 -0.278
-0.167 -0.241 -0.241
-0.167 -0.241 -0.204
-0.167 -0.241 -0.167
-0.167 -0.241 -0.130
-0.167 -0.241 -0.093
-0.167 -0.241 -0.056
-0.167 -0.241 -0.019
-0.167 -0.241 0.018
-0.167 -0.241 0.055
-0.167 -0.241 0.092
-0.167 -0.241 0.129
-0.167 -0.241 0.166
-0.167 -0.241 0.203
-0.167 -0.241 0.240
-0.167 -0.241 0.277
-0.167 -0.241 0.314
-0.167 -0.241 0.351
-0.167 -0.241 0.388
-0.167 -0.241 0.425
-0.167 -0.241 0.462
-0.167 -0.241 0.499
-0.167 -0.204 -0.500
-0.167 -0.204 -0.463
-0.167 -0.204 -0.426
-0.167 -0.204 -0.389
-0.167 -0.204 -0.352
-0.167 -0.204 -0.315
-0.167 -0.204 -0.278
-0.167 -0.204 -0.241
-0.167 -0.204 -0.204
-0.167 -0.204 -0.167
-0.167 -0.204 -0.130
-0.167 -0.204 -0.093
-0.167 -0.204 -0.056
-0.167 -0.204 -0.019
-0.167 -0.204 0.018
-0.167 -0.204 0.055
-0.167 -0.204 0.092
-0.167 -0.204 0.129
-0.167 -0.204 0.166
-0.167 -0.204 0.203
-0.167 -0.204 0.240
-0.167 -0.204 0.277
-0.167 -0.204 0.314
-0.167 -0.204 0.351
-0.167 -0.204 0.388
-0.167 -0.204 0.425
-0.167 -0.204 0.462
-0.167 -0.204 0.499
-0.167 -0.167 -0.500
-0.167 -0.167 -0.463
-0.167 -0.167 -0.426
-0.167 -0.167 -0.389
-0.167 -0.167 -0.352
-0.167 -0.167 -0.315
-0.167 -0.167 -0.278
-0.167 -0.167 -0.241
-0.167 -0.167 -0.204
-0.167 -0.167 -0.167
-0.167 -0.167 -0.130
-0.167 -0.167 -0.093
-0.167 -0.167 -0.056
-0.167 -0.167 -0.019
-0.167 -0.167 0.018
-0.167 -0.167 0.055
-0.167 -0.167 0.092
-0.167 -0.167 0.129
-0.167 -0.167 0.166
-0.167 -0.167 0.203
-0.167 -0.167 0.240
-0.167 -0.167 0.277
-0.167 -0.167 0.314
-0.167 -0.167 0.351
-0.167 -0.167 0.388
-0.167 -0.167 0.425
-0.167 -0.167 0.462
-0.167 -0.167 0.499
-0.167 -0.130 -0.500
-0.167 -0.130 -0.463
-0.167 -0.130 -0.426
-0.167 -0.130 -0.389
-0.167 -0.130 -0.352
-0.167 -0.130 -0.315
-0.167 -0.130 -0.278
-0.167 -0.130 -0.241
-0.167 -0.130 -0.204
-0.167 -0.130 -0.167
-0.167 -0.130 -0.130
-0.167 -0.130 -0.093
-0.167 -0.130 -0.056
-0.167 -0.130 -0.019
-0.167 -0.130 0.018
-0.167 -0.130 0.055
-0.167 -0.130 0.092
-0.167 -0.130 0.129
-0.167 -0.130 0.166
-0.167 -0.130 0.203
-0.167 -0.130 0.240
-0.167 -0.130 0.277
-0.167 -0.130 0.314
-0.167 -0.130 0.351
-0.167 -0.130 0.388
-0.167 -0.130 0.425
-0.167 -0.130 0.462
-0.167 -0.130 0.499
-0.167 -0.093 -0.500
-0.167 -0.093 -0.463
-0.167 -0.093 -0.426
-0.167 -0.093 -0.389
-0.167 -0.093 -0.352
-0.167 -0.093 -0.315
-0.167 -0.093 -0.278
-0.167 -0.093 -0.241
-0.167 -0.093 -0.204
-0.167 -0.093 -0.167
-0.167 -0.093 -0.130
-0.167 -0.093 -0.093
-0.167 -0.093 -0.056
-0.167 -0.093 -0.019
-0.167 -0.093 0.018
-0.167 -0.093 0.055
-0.167 -0.093 0.092
-0.167 -0.093 0.129
-0.167 -0.093 0.166
-0.167 -0.093 0.203
-0.167 -0.093 0.240
-0.167 -0.093 0.277
-0.167 -0.093 0.314
-0.167 -0.093 0.351
-0.167 -0.093 0.388
-0.167 -0.093 0.425
-0.167 -0.093 0.462
-0.167 -0.093 0.499
-0.167 -0.056 -0.500
-0.167 -0.056 -0.463
-0.167 -0.056 -0.426
-0.167 -0.056 -0.389
-0.167 -0.056 -0.352
-0.167 -0.056 -0.315
-0.167 -0.056 -0.278
-0.167 -0.056 -0.241
-0.167 -0.056 -0.204
-0.167 -0.056 -0.167
-0.167 -0.056 -0.130
-0.167 -0.056 -0.093
-0.167 -0.056 -0.056
-0.167 -0.056 -0.019
-0.167 -0.056 0.018
-0.167 -0.056 0.055
-0.167 -0.056 0.092
-0.167 -0.056 0.129
-0.167 -0.056 0.166
-0.167 -0.056 0.203
-0.167 -0.056 0.240
-0.167 -0.056 0.277
-0.167 -0.056 0.314
-0.167 -0.056 0.351
-0.167 -0.056 0.388
-0.167 -0.056 0.425
-0.167 -0.056 0.462
-0.167 -0.056 0.499
-0.167 -0.019 -0.500
-0.167 -0.019 -0.463
-0.167 -0.019 -0.426
-0.167 -0.019 -0.389
-0.167 -0.019 -0.352
-0.167 -0.019 -0.315
-0.167 -0.019 -0.278
-0.167 -0.019 -0.241
-0.167 -0.019 -0.204
-0.167 -0.019 -0.167
-0.167 -0.019 -0.130
-0.167 -0.019 -0.093
-0.167 -0.019 -0.056
-0.167 -0.019 -0.019
-0.167 -0.019 0.018
-0.167 -0.019 0.055
-0.167 -0.019 0.092
-0.167 -0.019 0.129
-0.167 -0.019 0.166
-0.167 -0.019 0.203
-0.167 -0.019 0.240
-0.167 -0.019 0.277
-0.167 -0.019 0.314
-0.167 -0.019 0.351
-0.167 -0.019 0.388
-0.167 -0.019 0.425
-0.167 -0.019 0.462
-0.167 -0.019 0.499
-0.167 0.018 -0.500
-0.167 0.018 -0.463
-0.167 0.018 -0.426
-0.167 0.018 -0.389
-0.167 0.018 -0.352
-0.167 0.018 -0.315
-0.167 0.018 -0.278
-0.167 0.018 -0.241
-0.167 0.018 -0.204
-0.167 0.018 -0.167
-0.167 0.018 -0.130
-0.167 0.018 -0.093
-0.167 0.018 -0.056
-0.167 0.018 -0.019
-0.167 0.018 0.018
-0.167 0.018 0.055
-0.167 0.018 0.092
-0.167 0.018 0.129
-0.167 0.018 0.166
-0.167 0.018 0.203
-0.167 0.018 0.240
-0.167 0.018 0.277
-0.167 0.018 0.314
-0.167 0.018 0.351
-0.167 0.018 0.388
-0.167 0.018 0.425
-0.167 0.018 0.462
-0.167 0.018 0.499
-0.167 0.055 -0.500
-0.167 0.055 -0.463
-0.167 0.055 -0.426
-0.167 0.055 -0.389
-0.167 0.055 -0.352
-0.167 0.055 -0.315
-0.167 0.055 -0.278
-0.167 0.055 -0.241
-0.167 0.055 -0.204
-0.167 0.055 -0.167
-0.167 0.055 -0.130
-0.167 0.055 -0.093
-0.167 0.055 -0.056
-0.167 0.055 -0.019
-0.167 0.055 0.018
-0.167 0.055 0.055
-0.167 0.055 0.092
-0.167 0.055 0.129
-0.167 0.055 0.166
-0.167 0.055 0.203
-0.167 0.055 0.240
-0.167 0.055 0.277
-0.167 0.055 0.314
-0.167 0.055 0.351
-0.167 0.055 0.388
-0.167 0.055 0.425
-0.167 0.055 0.462
-0.167 0.055 0.499
-0.167 0.092 -0.500
-0.167 0.092 -0.463
-0.167 0.092 -0.426
-0.167 0.092 -0.389
-0.167 0.092 -0.352
-0.167 0.092 -0.315
-0.167 0.092 -0.278
-0.167 0.092 -0.241
-0.167 0.092 -0.204
-0.167 0.092 -0.167
-0.167 0.092 -0.130
-0.167 0.092 -0.093
-0.167 0.092 -0.056
-0.167 0.092 -0.019
-0.167 0.092 0.018
-0.167 0.092 0.055
-0.167 0.092 0.092
-0.167 0.092 0.129
-0.167 0.092 0.166
-0.167 0.092 0.203
-0.167 0.092 0.240
-0.167 0.092 0.277
-0.167 0.092 0.314
-0.167 0.092 0.351
-0.167 0.092 0.388
-0.167 0.092 0.425
-0.167 0.092 0.462
-0.167 0.092 0.499
-0.167 0.129 -0.500
-0.167 0.129 -0.463
-0.167 0.129 -0.426
-0.167 0.129 -0.389
-0.167 0.129 -0.352
-0.167 0.129 -0.315
-0.167 0.129 -0.278
-0.167 0.129 -0.241
-0.167 0.129 -0.204
-0.167 0.129 -0.167
-0.167 0.129 -0.130
-0.167 0.129 -0.093
-0.167 0.129 -0.056
-0.167 0.129 -0.019
-0.167 0.129 0.018
-0.167 0.129 0.055
-0.167 0.129 0.092
-0.167 0.129 0.129
-0.167 0.129 0.166
-0.167 0.129 0.203
-0.167 0.129 0.240
-0.167 0.129 0.277
-0.167 0.129 0.314
-0.167 0.129 0.351
-0.167 0.129 0.388
-0.167 0.129 0.425
-0.167 0.129 0.462
-0.167 0.129 0.499
-0.167 0.166 -0.500
-0.167 0.166 -0.463
-0.167 0.166 -0.426
-0.167 0.166 -0.389
-0.167 0.166 -0.352
-0.167 0.166 -0.315
-0.167 0.166 -0.278
-0.167 0.166 -0.241
-0.167 0.166 -0.204
-0.167 0.166 -0.167
-0.167 0.166 -0.130
-0.167 0.166 -0.093
-0.167 0.166 -0.056
-0.167 0.166 -0.019
-0.167 0.166 0.018
-0.167 0.166 0.055
-0.167 0.166 0.092
-0.167 0.166 0.129
-0.167 0.166 0.166
-0.167 0.166 0.203
-0.167 0.166 0.240
-0.167 0.166 0.277
-0.167 0.166 0.314
-0.167 0.166 0.351
-0.167 0.166 0.388
-0.167 0.166 0.425
-0.167 0.166 0.462
-0.167 0.166 0.499
-0.167 0.203 -0.500
-0.167 0.203 -0.463
-0.167 0.203 -0.426
-0.167 0.203 -0.389
-0.167 0.203 -0.352
-0.167 0.203 -0.315
-0.167 0.203 -0.278
-0.167 0.203 -0.241
-0.167 0.203 -0.204
-0.167 0.203 -0.167
-0.167 0.203 -0.130
-0.167 0.203 -0.093
-0.167 0.203 -0.056
-0.167 0.203 -0.019
-0.167 0.203 0.018
-0.167 0.203 0.055
-0.167 0.203 0.092
-0.167 0.203 0.129
-0.167 0.203 0.166
-0.167 0.203 0.203
-0.167 0.203 0.240
-0.167 0.203 0.277
-0.167 0.203 0.314
-0.167 0.203 0.351
-0.167 0.203 0.388
-0.167 0.203 0.425
-0.167 0.203 0.462
-0.167 0.203 0.499
-0.167 0.240 -0.500
-0.167 0.240 -0.463
-0.167 0.240 -0.426
-0.167 0.240 -0.389
-0.167 0.240 -0.352
-0.167 0.240 -0.315
-0.167 0.240 -0.278
-0.167 0.240 -0.241
-0.167 0.240 -0.204
-0.167 0.240 -0.167
-0.167 0.240 -0.130
-0.167 0.240 -0.093
-0.167 0.240 -0.056
-0.167 0.240 -0.019
-0.167 0.240 0.018
-0.167 0.240 0.055
-0.167 0.240 0.092
-0.167 0.240 0.129
-0.167 0.240 0.166
-0.167 0.240 0.203
-0.167 0.240 0.240
-0.167 0.240 0.277
-0.167 0.240 0.314
-0.167 0.240 0.351
-0.167 0.240 0.388
-0.167 0.240 0.425
-0.167 0.240 0.462
-0.167 0.240 0.499
-0.167 0.277 -0.500
-0.167 0.277 -0.463
-0.167 0.277 -0.426
-0.167 0.277 -0.389
-0.167 0.277 -0.352
-0.167 0.277 -0.315
-0.167 0.277 -0.278
-0.167 0.277 -0.241
-0.167 0.277 -0.204
-0.167 0.277 -0.167
-0.167 0.277 -0.130
-0.167 0.277 -0.093
-0.167 0.277 -0.056
-0.167 0.277 -0.019
-0.167 0.277 0.018
-0.167 0.277 0.055
-0.167 0.277 0.092
-0.167 0.277 0.129
-0.167 0.277 0.166
-0.167 0.277 0.203
-0.167 0.277 0.240
-0.167 0.277 0.277
-0.167 0.277 0.314
-0.167 0.277 0.351
-0.167 0.277 0.388
-0.167 0.277 0.425
-0.167 0.277 0.462
-0.167 0.277 0.499
-0.167 0.314 -0.500
-0.167 0.314 -0.463
-0.167 0.314 -0.426
-0.167 0.314 -0.389
-0.167 0.314 -0.352
-0.167 0.314 -0.315
-0.167 0.314 -0.278
-0.167 0.314 -0.241
-0.167 0.314 -0.204
-0.167 0.314 -0.167
-0.167 0.314 -0.130
-0.167 0.314 -0.093
-0.167 0.314 -0.056
-0.167 0.314 -0.019
-0.167 0.314 0.018
-0.167 0.314 0.055
-0.167 0.314 0.092
-0.167 0.314 0.129
-0.167 0.314 0.166
-0.167 0.314 0.203
-0.167 0.314 0.240
-0.167 0.314 0.277
-0.167 0.314 0.314
-0.167 0.314 0.351
-0.167 0.314 0.388
-0.167 0.314 0.425
-0.167 0.314 0.462
-0.167 0.314 0.499
-0.167 0.351 -0.500
-0.167 0.351 -0.463
-0.167 0.351 -0.426
-0.167 0.351 -0.389
-0.167 0.351 -0.352
-0.167 0.351 -0.315
-0.167 0.351 -0.278
-0.167 0.351 -0.241
-0.167 0.351 -0.204
-0.167 0.351 -0.167
-0.167 0.351 -0.130
-0.167 0.351 -0.093
-0.167 0.351 -0.056
-0.167 0.351 -0.019
-0.167 0.351 0.018
-0.167 0.351 0.055
-0.167 0.351 0.092
-0.167 0.351 0.129
-0.167 0.351 0.166
-0.167 0.351 0.203
-0.167 0.351 0.240
-0.167 0.351 0.277
-0.167 0.351 0.314
-0.167 0.351 0.351
-0.167 0.351 0.388
-0.167 0.351 0.425
-0.167 0.351 0.462
-0.167 0.351 0.499
-0.167 0.388 -0.500
-0.167 0.388 -0.463
-0.167 0.388 -0.426
-0.167 0.388 -0.389
-0.167 0.388 -0.352
-0.167 0.388 -0.315
-0.167 0.388 -0.278
-0.167 0.388 -0.241
-0.167 0.388 -0.204
-0.167 0.388 -0.167
-0.167 0.388 -0.130
-0.167 0.388 -0.093
-0.167 0.388 -0.056
-0.167 0.388 -0.019
-0.167 0.388 0.018
-0.167 0.388 0.055
-0.167 0.388 0.092
-0.167 0.388 0.129
-0.167 0.388 0.166
-0.167 0.388 0.203
-0.167 0.388 0.240
-0.167 0.388 0.277
-0.167 0.388 0.314
-0.167 0.388 0.351
-0.167 0.388 0.388
-0.167 0.388 0.425
-0.167 0.388 0.462
-0.167 0.388 0.499
-0.167 0.425 -0.500
-0.167 0.425 -0.463
-0.167 0.425 -0.426
-0.167 0.425 -0.389
-0.167 0.425 -0.352
-0.167 0.425 -0.315
-0.167 0.425 -0.278
-0.167 0.425 -0.241
-0.167 0.425 -0.204
-0.167 0.425 -0.167
-0.167 0.425 -0.130
-0.167 0.425 -0.093
-0.167 0.425 -0.056
-0.167 0.425 -0.019
-0.167 0.425 0.018
-0.167 0.425 0.055
-0.167 0.425 0.092
-0.167 0.425 0.129
-0.167 0.425 0.166
-0.167 0.425 0.203
-0.167 0.425 0.240
-0.167 0.425 0.277
-0.167 0.425 0.314
-0.167 0.425 0.351
-0.167 0.425 0.388
-0.167 0.425 0.425
-0.167 0.425 0.462
-0.167 0.425 0.499
-0.167 0.462 -0.500
-0.167 0.462 -0.463
-0.167 0.462 -0.426
-0.167 0.462 -0.389
-0.167 0.462 -0.352
-0.167 0.462 -0.315
-0.167 0.462 -0.278
-0.167 0.462 -0.241
-0.167 0.462 -0.204
-0.167 0.462 -0.167
-0.167 0.462 -0.130
-0.167 0.462 -0.093
-0.167 0.462 -0.056
-0.167 0.462 -0.019
-0.167 0.462 0.018
-0.167 0.462 0.055
-0.167 0.462 0.092
-0.167 0.462 0.129
-0.167 0.462 0.166
-0.167 0.462 0.203
-0.167 0.462 0.240
-0.167 0.462 0.277
-0.167 0.462 0.314
-0.167 0.462 0.351
-0.167 0.462 0.388
-0.167 0.462 0.425
-0.167 0.462 0.462
-0.167 0.462 0.499
-0.167 0.499 -0.500
-0.167 0.499 -0.463
-0.167 0.499 -0.426
-0.167 0.499 -0.389
-0.167 0.499 -0.352
-0.167 0.499 -0.315
-0.167 0.499 -0.278
-0.167 0.499 -0.241
-0.167 0.499 -0.204
-0.167 0.499 -0.167
-0.167 0.499 -0.130
-0.167 0.499 -0.093
-0.167 0.499 -0.056
-0.167 0.499 -0.019
-0.167 0.499 0.018
-0.167 0.499 0.055
-0.167 0.499 0.092
-0.167 0.499 0.129
-0.167 0.499 0.166
-0.167 0.499 0.203
-0.167 0.499 0.240
-0.167 0.499 0.277
-0.167 0.499 0.314
-0.167 0.499 0.351
-0.167 0.499 0.388
-0.167 0.499 0.425
-0.167 0.499 0.462
-0.167 0.499 0.499
-0.130 -0.500 -0.500
-0.130 -0.500 -0.463
-0.130 -0.500 -0.426
-0.130 -0.500 -0.389
-0.130 -0.500 -0.352
-0.130 -0.500 -0.315
-0.130 -0.500 -0.278
-0.130 -0.500 -0.241
-0.130 -0.500 -0.204
-0.130 -0.500 -0.167
-0.130 -0.500 -0.130
-0.130 -0.500 -0.093
-0.130 -0.500 -0.056
-0.130 -0.500 -0.019
-0.130 -0.500 0.018
-0.130 -0.500 0.055
-0.130 -0.500 0.092
-0.130 -0.500 0.129
-0.130 -0.500 0.166
-0.130 -0.500 0.203
-0.130 -0.500 0.240
-0.130 -0.500 0.277
-0.130 -0.500 0.314
-0.130 -0.500 0.351
-0.130 -0.500 0.388
-0.130 -0.500 0.425
-0.130 -0.500 0.462
-0.130 -0.500 0.499
-0.130 -0.463 -0.500
-0.130 -0.463 -0.463
-0.130 -0.463 -0.426
-0.130 -0.463 -0.389
-0.130 -0.463 -0.352
-0.130 -0.463 -0.315
-0.130 -0.463 -0.278
-0.130 -0.463 -0.241
-0.130 -0.463 -0.204
-0.130 -0.463 -0.167
-0.130 -0.463 -0.130
-0.130 -0.463 -0.093
-0.130 -0.463 -0.056
-0.130 -0.463 -0.019
-0.130 -0.463 0.018
-0.130 -0.463 0.055
-0.130 -0.463 0.092
-0.130 -0.463 0.129
-0.130 -0.463 0.166
-0.130 -0.463 0.203
-0.130 -0.463 0.240
-0.130 -0.463 0.277
-0.130 -0.463 0.314
-0.130 -0.463 0.351
-0.130 -0.463 0.388
-0.130 -0.463 0.425
-0.130 -0.463 0.462
-0.130 -0.463 0.499
-0.130 -0.426 -0.500
-0.130 -0.426 -0.463
-0.130 -0.426 -0.426
-0.130 -0.426 -0.389
-0.130 -0.426 -0.352
-0.130 -0.426 -0.315
-0.130 -0.426 -0.278
-0.130 -0.426 -0.241
-0.130 -0.426 -0.204
-0.130 -0.426 -0.167
-0.130 -0.426 -0.130
-0.130 -0.426 -0.093
-0.130 -0.426 -0.056
-0.130 -0.426 -0.019
-0.130 -0.426 0.018
-0.130 -0.426 0.055
-0.130 -0.426 0.092
-0.130 -0.426 0.129
-0.130 -0.426 0.166
-0.130 -0.426 0.203
-0.130 -0.426 0.240
-0.130 -0.426 0.277
-0.130 -0.426 0.314
-0.130 -0.426 0.351
-0.130 -0.426 0.388
-0.130 -0.426 0.425
-0.130 -0.426 0.462
-0.130 -0.426 0.499
-0.130 -0.389 -0.500
-0.130 -0.389 -0.463
-0.130 -0.389 -0.426
-0.130 -0.389 -0.389
-0.130 -0.389 -0.352
-0.130 -0.389 -0.315
-0.130 -0.389 -0.278
-0.130 -0.389 -0.241
-0.130 -0.389 -0.204
-0.130 -0.389 -0.167
-0.130 -0.389 -0.130
-0.130 -0.389 -0.093
-0.130 -0.389 -0.056
-0.130 -0.389 -0.019
-0.130 -0.389 0.018
-0.130 -0.389 0.055
-0.130 -0.389 0.092
-0.130 -0.389 0.129
-0.130 -0.389 0.166
-0.130 -0.389 0.203
-0.130 -0.389 0.240
-0.130 -0.389 0.277
-0.130 -0.389 0.314
-0.130 -0.389 0.351
-0.130 -0.389 0.388
-0.130 -0.389 0.425
-0.130 -0.389 0.462
-0.130 -0.389 0.499
-0.130 -0.352 -0.500
-0.130 -0.352 -0.463
-0.130 -0.352 -0.426
-0.130 -0.352 -0.389
-0.130 -0.352 -0.352
-0.130 -0.352 -0.315
-0.130 -0.352 -0.278
-0.130 -0.352 -0.241
-0.130 -0.352 -0.204
-0.130 -0.352 -0.167
-0.130 -0.352 -0.130
-0.130 -0.352 -0.093
-0.130 -0.352 -0.056
-0.130 -0.352 -0.019
-0.130 -0.352 0.018
-0.130 -0.352 0.055
-0.130 -0.352 0.092
-0.130 -0.352 0.129
-0.130 -0.352 0.166
-0.130 -0.352 0.203
-0.130 -0.352 0.240
-0.130 -0.352 0.277
-0.130 -0.352 0.314
-0.130 -0.352 0.351
-0.130 -0.352 0.388
-0.130 -0.352 0.425
-0.130 -0.352 0.462
-0.130 -0.352 0.499
-0.130 -0.315 -0.500
-0.130 -0.315 -0.463
-0.130 -0.315 -0.426
-0.130 -0.315 -0.389
-0.130 -0.315 -0.352
-0.130 -0.315 -0.315
-0.130 -0.315 -0.278
-0.130 -0.315 -0.241
-0.130 -0.315 -0.204
-0.130 -0.315 -0.167
-0.130 -0.315 -0.130
-0.130 -0.315 -0.093
-0.130 -0.315 -0.056
-0.130 -0.315 -0.019
-0.130 -0.315 0.018
-0.130 -0.315 0.055
-0.130 -0.315 0.092
-0.130 -0.315 0.129
-0.130 -0.315 0.166
-0.130 -0.315 0.203
-0.130 -0.315 0.240
-0.130 -0.315 0.277
-0.130 -0.315 0.314
-0.130 -0.315 0.351
-0.130 -0.315 0.388
-0.130 -0.315 0.425
-0.130 -0.315 0.462
-0.130 -0.315 0.499
-0.130 -0.278 -0.500
-0.130 -0.278 -0.463
-0.130 -0.278 -0.426
-0.130 -0.278 -0.389
-0.130 -0.278 -0.352
-0.130 -0.278 -0.315
-0.130 -0.278 -0.278
-0.130 -0.278 -0.241
-0.130 -0.278 -0.204
-0.130 -0.278 -0.167
-0.130 -0.278 -0.130
-0.130 -0.278 -0.093
-0.130 -0.278 -0.056
-0.130 -0.278 -0.019
-0.130 -0.278 0.018
-0.130 -0.278 0.055
-0.130 -0.278 0.092
-0.130 -0.278 0.129
-0.130 -0.278 0.166
-0.130 -0.278 0.203
-0.130 -0.278 0.240
-0.130 -0.278 0.277
-0.130 -0.278 0.314
-0.130 -0.278 0.351
-0.130 -0.278 0.388
-0.130 -0.278 0.425
-0.130 -0.278 0.462
-0.130 -0.278 0.499
-0.130 -0.241 -0.500
-0.130 -0.241 -0.463
-0.130 -0.241 -0.426
-0.130 -0.241 -0.389
-0.130 -0.241 -0.352
-0.130 -0.241 -0.315
-0.130 -0.241 -0.278
-0.130 -0.241 -0.241
-0.130 -0.241 -0.204
-0.130 -0.241 -0.167
-0.130 -0.241 -0.130
-0.130 -0.241 -0.093
-0.130 -0.241 -0.056
-0.130 -0.241 -0.019
-0.130 -0.241 0.018
-0.130 -0.241 0.055
-0.130 -0.241 0.092
-0.130 -0.241 0.129
-0.130 -0.241 0.166
-0.130 -0.241 0.203
-0.130 -0.241 0.240
-0.130 -0.241 0.277
-0.130 -0.241 0.314
-0.130 -0.241 0.351
-0.130 -0.241 0.388
-0.130 -0.241 0.425
-0.130 -0.241 0.462
-0.130 -0.241 0.499
-0.130 -0.204 -0.500
-0.130 -0.204 -0.463
-0.130 -0.204 -0.426
-0.130 -0.204 -0.389
-0.130 -0.204 -0.352
-0.130 -0.204 -0.315
-0.130 -0.204 -0.278
-0.130 -0.204 -0.241
-0.130 -0.204 -0.204
-0.130 -0.204 -0.167
-0.130 -0.204 -0.130
-0.130 -0.204 -0.093
-0.130 -0.204 -0.056
-0.130 -0.204 -0.019
-0.130 -0.204 0.018
-0.130 -0.204 0.055
-0.130 -0.204 0.092
-0.130 -0.204 0.129
-0.130 -0.204 0.166
-0.130 -0.204 0.203
-0.130 -0.204 0.240
-0.130 -0.204 0.277
-0.130 -0.204 0.314
-0.130 -0.204 0.351
-0.130 -0.204 0.388
-0.130 -0.204 0.425
-0.130 -0.204 0.462
-0.130 -0.204 0.499
-0.130 -0.167 -0.500
-0.130 -0.167 -0.463
-0.130 -0.167 -0.426
-0.130 -0.167 -0.389
-0.130 -0.167 -0.352
-0.130 -0.167 -0.315
-0.130 -0.167 -0.278
-0.130 -0.167 -0.241
-0.130 -0.167 -0.204
-0.130 -0.167 -0.167
-0.130 -0.167 -0.130
-0.130 -0.167 -0.093
-0.130 -0.167 -0.056
-0.130 -0.167 -0.019
-0.130 -0.167 0.018
-0.130 -0.167 0.055
-0.130 -0.167 0.092
-0.130 -0.167 0.129
-0.130 -0.167 0.166
-0.130 -0.167 0.203
-0.130 -0.167 0.240
-0.130 -0.167 0.277
-0.130 -0.167 0.314
-0.130 -0.167 0.351
-0.130 -0.167 0.388
-0.130 -0.167 0.425
-0.130 -0.167 0.462
-0.130 -0.167 0.499
-0.130 -0.130 -0.500
-0.130 -0.130 -0.463
-0.130 -0.130 -0.426
-0.130 -0.130 -0.389
-0.130 -0.130 -0.352
-0.130 -0.130 -0.315
-0.130 -0.130 -0.278
-0.130 -0.130 -0.241
-0.130 -0.130 -0.204
-0.130 -0.130 -0.167
-0.130 -0.130 -0.130
-0.130 -0.130 -0.093
-0.130 -0.130 -0.056
-0.130 -0.130 -0.019
-0.130 -0.130 0.018
-0.130 -0.130 0.055
-0.130 -0.130 0.092
-0.130 -0.130 0.129
-0.130 -0.130 0.166
-0.130 -0.130 0.203
-0.130 -0.130 0.240
-0.130 -0.130 0.277
-0.130 -0.130 0.314
-0.130 -0.130 0.351
-0.130 -0.130 0.388
-0.130 -0.130 0.425
-0.130 -0.130 0.462
-0.130 -0.130 0.499
-0.130 -0.093 -0.500
-0.130 -0.093 -0.463
-0.130 -0.093 -0.426
-0.130 -0.093 -0.389
-0.130 -0.093 -0.352
-0.130 -0.093 -0.315
-0.130 -0.093 -0.278
-0.130 -0.093 -0.241
-0.130 -0.093 -0.204
-0.130 -0.093 -0.167
-0.130 -0.093 -0.130
-0.130 -0.093 -0.093
-0.130 -0.093 -0.056
-0.130 -0.093 -0.019
-0.130 -0.093 0.018
-0.130 -0.093 0.055
-0.130 -0.093 0.092
-0.130 -0.093 0.129
-0.130 -0.093 0.166
-0.130 -0.093 0.203
-0.130 -0.093 0.240
-0.130 -0.093 0.277
-0.130 -0.093 0.314
-0.130 -0.093 0.351
-0.130 -0.093 0.388
-0.130 -0.093 0.425
-0.130 -0.093 0.462
-0.130 -0.093 0.499
-0.130 -0.056 -0.500
-0.130 -0.056 -0.463
-0.130 -0.056 -0.426
-0.130 -0.056 -0.389
-0.130 -0.056 -0.352
-0.130 -0.056 -0.315
-0.130 -0.056 -0.278
-0.130 -0.056 -0.241
-0.130 -0.056 -0.204
-0.130 -0.056 -0.167
-0.130 -0.056 -0.130
-0.130 -0.056 -0.093
-0.130 -0.056 -0.056
-0.130 -0.056 -0.019
-0.130 -0.056 0.018
-0.130 -0.056 0.055
-0.130 -0.056 0.092
-0.130 -0.056 0.129
-0.130 -0.056 0.166
-0.130 -0.056 0.203
-0.130 -0.056 0.240
-0.130 -0.056 0.277
-0.130 -0.056 0.314
-0.130 -0.056 0.351
-0.130 -0.056 0.388
-0.130 -0.056 0.425
-0.130 -0.056 0.462
-0.130 -0.056 0.499
-0.130 -0.019 -0.500
-0.130 -0.019 -0.463
-0.130 -0.019 -0.426
-0.130 -0.019 -0.389
-0.130 -0.019 -0.352
-0.130 -0.019 -0.315
-0.130 -0.019 -0.278
-0.130 -0.019 -0.241
-0.130 -0.019 -0.204
-0.130 -0.019 -0.167
-0.130 -0.019 -0.130
-0.130 -0.019 -0.093
-0.130 -0.019 -0.056
-0.130 -0.019 -0.019
-0.130 -0.019 0.018
-0.130 -0.019 0.055
-0.130 -0.019 0.092
-0.130 -0.019 0.129
-0.130 -0.019 0.166
-0.130 -0.019 0.203
-0.130 -0.019 0.240
-0.130 -0.019 0.277
-0.130 -0.019 0.314
-0.130 -0.019 0.351
-0.130 -0.019 0.388
-0.130 -0.019 0.425
-0.130 -0.019 0.462
-0.130 -0.019 0.499
-0.130 0.018 -0.500
-0.130 0.018 -0.463
-0.130 0.018 -0.426
-0.130 0.018 -0.389
-0.130 0.018 -0.352
-0.130 0.018 -0.315
-0.130 0.018 -0.278
-0.130 0.018 -0.241
-0.130 0.018 -0.204
-0.130 0.018 -0.167
-0.130 0.018 -0.130
-0.130 0.018 -0.093
-0.130 0.018 -0.056
-0.130 0.018 -0.019
-0.130 0.018 0.018
-0.130 0.018 0.055
-0.130 0.018 0.092
-0.130 0.018 0.129
-0.130 0.018 0.166
-0.130 0.018 0.203
-0.130 0.018 0.240
-0.130 0.018 0.277
-0.130 0.018 0.314
-0.130 0.018 0.351
-0.130 0.018 0.388
-0.130 0.018 0.425
-0.130 0.018 0.462
-0.130 0.018 0.499
-0.130 0.055 -0.500
-0.130 0.055 -0.463
-0.130 0.055 -0.426
-0.130 0.055 -0.389
-0.130 0.055 -0.352
-0.130 0.055 -0.315
-0.130 0.055 -0.278
-0.130 0.055 -0.241
-0.130 0.055 -0.204
-0.130 0.055 -0.167
-0.130 0.055 -0.130
-0.130 0.055 -0.093
-0.130 0.055 -0.056
-0.130 0.055 -0.019
-0.130 0.055 0.018
-0.130 0.055 0.055
-0.130 0.055 0.092
-0.130 0.055 0.129
-0.130 0.055 0.166
-0.130 0.055 0.203
-0.130 0.055 0.240
-0.130 0.055 0.277
-0.130 0.055 0.314
-0.130 0.055 0.351
-0.130 0.055 0.388
-0.130 0.055 0.425
-0.130 0.055 0.462
-0.130 0.055 0.499
-0.130 0.092 -0.500
-0.130 0.092 -0.463
-0.130 0.092 -0.426
-0.130 0.092 -0.389
-0.130 0.092 -0.352
-0.130 0.092 -0.315
-0.130 0.092 -0.278
-0.130 0.092 -0.241
-0.130 0.092 -0.204
-0.130 0.092 -0.167
-0.130 0.092 -0.130
-0.130 0.092 -0.093
-0.130 0.092 -0.056
-0.130 0.092 -0.019
-0.130 0.092 0.018
-0.130 0.092 0.055
-0.130 0.092 0.092
-0.130 0.092 0.129
-0.130 0.092 0.166
-0.130 0.092 0.203
-0.130 0.092 0.240
-0.130 0.092 0.277
-0.130 0.092 0.314
-0.130 0.092 0.351
-0.130 0.092 0.388
-0.130 0.092 0.425
-0.130 0.092 0.462
-0.130 0.092 0.499
-0.130 0.129 -0.500
-0.130 0.129 -0.463
-0.130 0.129 -0.426
-0.130 0.129 -0.389
-0.130 0.129 -0.352
-0.130 0.129 -0.315
-0.130 0.129 -0.278
-0.130 0.129 -0.241
-0.130 0.129 -0.204
-0.130 0.129 -0.167
-0.130 0.129 -0.130
-0.130 0.129 -0.093
-0.130 0.129 -0.056
-0.130 0.129 -0.019
-0.130 0.129 0.018
-0.130 0.129 0.055
-0.130 0.129 0.092
-0.130 0.129 0.129
-0.130 0.129 0.166
-0.130 0.129 0.203
-0.130 0.129 0.240
-0.130 0.129 0.277
-0.130 0.129 0.314
-0.130 0.129 0.351
-0.130 0.129 0.388
-0.130 0.129 0.425
-0.130 0.129 0.462
-0.130 0.129 0.499
-0.130 0.166 -0.500
-0.130 0.166 -0.463
-0.130 0.166 -0.426
-0.130 0.166 -0.389
-0.130 0.166 -0.352
-0.130 0.166 -0.315
-0.130 0.166 -0.278
-0.130 0.166 -0.241
-0.130 0.166 -0.204
-0.130 0.166 -0.167
-0.130 0.166 -0.130
-0.130 0.166 -0.093
-0.130 0.166 -0.056
-0.130 0.166 -0.019
-0.130 0.166 0.018
-0.130 0.166 0.055
-0.130 0.166 0.092
-0.130 0.166 0.129
-0.130 0.166 0.166
-0.130 0.166 0.203
-0.130 0.166 0.240
-0.130 0.166 0.277
-0.130 0.166 0.314
-0.130 0.166 0.351
-0.130 0.166 0.388
-0.130 0.166 0.425
-0.130 0.166 0.462
-0.130 0.166 0.499
-0.130 0.203 -0.500
-0.130 0.203 -0.463
-0.130 0.203 -0.426
-0.130 0.203 -0.389
-0.130 0.203 -0.352
-0.130 0.203 -0.315
-0.130 0.203 -0.278
-0.130 0.203 -0.241
-0.130 0.203 -0.204
-0.130 0.203 -0.167
-0.130 0.203 -0.130
-0.130 0.203 -0.093
-0.130 0.203 -0.056
-0.130 0.203 -0.019
-0.130 0.203 0.018
-0.130 0.203 0.055
-0.130 0.203 0.092
-0.130 0.203 0.129
-0.130 0.203 0.166
-0.130 0.203 0.203
-0.130 0.203 0.240
-0.130 0.203 0.277
-0.130 0.203 0.314
-0.130 0.203 0.351
-0.130 0.203 0.388
-0.130 0.203 0.425
-0.130 0.203 0.462
-0.130 0.203 0.499
-0.130 0.240 -0.500
-0.130 0.240 -0.463
-0.130 0.240 -0.426
-0.130 0.240 -0.389
-0.130 0.240 -0.352
-0.130 0.240 -0.315
-0.130 0.240 -0.278
-0.130 0.240 -0.241
-0.130 0.240 -0.204
-0.130 0.240 -0.167
-0.130 0.240 -0.130
-0.130 0.240 -0.093
-0.130 0.240 -0.056
-0.130 0.240 -0.019
-0.130 0.240 0.018
-0.130 0.240 0.055
-0.130 0.240 0.092
-0.130 0.240 0.129
-0.130 0.240 0.166
-0.130 0.240 0.203
-0.130 0.240 0.240
-0.130 0.240 0.277
-0.130 0.240 0.314
-0.130 0.240 0.351
-0.130 0.240 0.388
-0.130 0.240 0.425
-0.130 0.240 0.462
-0.130 0.240 0.499
-0.130 0.277 -0.500
-0.130 0.277 -0.463
-0.130 0.277 -0.426
-0.130 0.277 -0.389
-0.130 0.277 -0.352
-0.130 0.277 -0.315
-0.130 0.277 -0.278
-0.130 0.277 -0.241
-0.130 0.277 -0.204
-0.130 0.277 -0.167
-0.130 0.277 -0.130
-0.130 0.277 -0.093
-0.130 0.277 -0.056
-0.130 0.277 -0.019
-0.130 0.277 0.018
-0.130 0.277 0.055
-0.130 0.277 0.092
-0.130 0.277 0.129
-0.130 0.277 0.166
-0.130 0.277 0.203
-0.130 0.277 0.240
-0.130 0.277 0.277
-0.130 0.277 0.314
-0.130 0.277 0.351
-0.130 0.277 0.388
-0.130 0.277 0.425
-0.130 0.277 0.462
-0.130 0.277 0.499
-0.130 0.314 -0.500
-0.130 0.314 -0.463
-0.130 0.314 -0.426
-0.130 0.314 -0.389
-0.130 0.314 -0.352
-0.130 0.314 -0.315
-0.130 0.314 -0.278
-0.130 0.314 -0.241
-0.130 0.314 -0.204
-0.130 0.314 -0.167
-0.130 0.314 -0.130
-0.130 0.314 -0.093
-0.130 0.314 -0.056
-0.130 0.314 -0.019
-0.130 0.314 0.018
-0.130 0.314 0.055
-0.130 0.314 0.092
-0.130 0.314 0.129
-0.130 0.314 0.166
-0.130 0.314 0.203
-0.130 0.314 0.240
-0.130 0.314 0.277
-0.130 0.314 0.314
-0.130 0.314 0.351
-0.130 0.314 0.388
-0.130 0.314 0.425
-0.130 0.314 0.462
-0.130 0.314 0.499
-0.130 0.351 -0.500
-0.130 0.351 -0.463
-0.130 0.351 -0.426
-0.130 0.351 -0.389
-0.130 0.351 -0.352
-0.130 0.351 -0.315
-0.130 0.351 -0.278
-0.130 0.351 -0.241
-0.130 0.351 -0.204
-0.130 0.351 -0.167
-0.130 0.351 -0.130
-0.130 0.351 -0.093
-0.130 0.351 -0.056
-0.130 0.351 -0.019
-0.130 0.351 0.018
-0.130 0.351 0.055
-0.130 0.351 0.092
-0.130 0.351 0.129
-0.130 0.351 0.166
-0.130 0.351 0.203
-0.130 0.351 0.240
-0.130 0.351 0.277
-0.130 0.351 0.314
-0.130 0.351 0.351
-0.130 0.351 0.388
-0.130 0.351 0.425
-0.130 0.351 0.462
-0.130 0.351 0.499
-0.130 0.388 -0.500
-0.130 0.388 -0.463
-0.130 0.388 -0.426
-0.130 0.388 -0.389
-0.130 0.388 -0.352
-0.130 0.388 -0.315
-0.130 0.388 -0.278
-0.130 0.388 -0.241
-0.130 0.388 -0.204
-0.130 0.388 -0.167
-0.130 0.388 -0.130
-0.130 0.388 -0.093
-0.130 0.388 -0.056
-0.130 0.388 -0.019
-0.130 0.388 0.018
-0.130 0.388 0.055
-0.130 0.388 0.092
-0.130 0.388 0.129
-0.130 0.388 0.166
-0.130 0.388 0.203
-0.130 0.388 0.240
-0.130 0.388 0.277
-0.130 0.388 0.314
-0.130 0.388 0.351
-0.130 0.388 0.388
-0.130 0.388 0.425
-0.130 0.388 0.462
-0.130 0.388 0.499
-0.130 0.425 -0.500
-0.130 0.425 -0.463
-0.130 0.425 -0.426
-0.130 0.425 -0.389
-0.130 0.425 -0.352
-0.130 0.425 -0.315
-0.130 0.425 -0.278
-0.130 0.425 -0.241
-0.130 0.425 -0.204
-0.130 0.425 -0.167
-0.130 0.425 -0.130
-0.130 0.425 -0.093
-0.130 0.425 -0.056
-0.130 0.425 -0.019
-0.130 0.425 0.018
-0.130 0.425 0.055
-0.130 0.425 0.092
-0.130 0.425 0.129
-0.130 0.425 0.166
-0.130 0.425 0.203
-0.130 0.425 0.240
-0.130 0.425 0.277
-0.130 0.425 0.314
-0.130 0.425 0.351
-0.130 0.425 0.388
-0.130 0.425 0.425
-0.130 0.425 0.462
-0.130 0.425 0.499
-0.130 0.462 -0.500
-0.130 0.462 -0.463
-0.130 0.462 -0.426
-0.130 0.462 -0.389
-0.130 0.462 -0.352
-0.130 0.462 -0.315
-0.130 0.462 -0.278
-0.130 0.462 -0.241
-0.130 0.462 -0.204
-0.130 0.462 -0.167
-0.130 0.462 -0.130
-0.130 0.462 -0.093
-0.130 0.462 -0.056
-0.130 0.462 -0.019
-0.130 0.462 0.018
-0.130 0.462 0.055
-0.130 0.462 0.092
-0.130 0.462 0.129
-0.130 0.462 0.166
-0.130 0.462 0.203
-0.130 0.462 0.240
-0.130 0.462 0.277
-0.130 0.462 0.314
-0.130 0.462 0.351
-0.130 0.462 0.388
-0.130 0.462 0.425
-0.130 0.462 0.462
-0.130 0.462 0.499
-0.130 0.499 -0.500
-0.130 0.499 -0.463
-0.130 0.499 -0.426
-0.130 0.499 -0.389
-0.130 0.499 -0.352
-0.130 0.499 -0.315
-0.130 0.499 -0.278
-0.130 0.499 -0.241
-0.130 0.499 -0.204
-0.130 0.499 -0.167
-0.130 0.499 -0.130
-0.130 0.499 -0.093
-0.130 0.499 -0.056
-0.130 0.499 -0.019
-0.130 0.499 0.018
-0.130 0.499 0.055
-0.130 0.499 0.092
-0.130 0.499 0.129
-0.130 0.499 0.166
-0.130 0.499 0.203
-0.130 0.499 0.240
-0.130 0.499 0.277
-0.130 0.499 0.314
-0.130 0.499 0.351
-0.130 0.499 0.388
-0.130 0.499 0.425
-0.130 0.499 0.462
-0.130 0.499 0.499
-0.093 -0.500 -0.500
-0.093 -0.500 -0.463
-0.093 -0.500 -0.426
-0.093 -0.500 -0.389
-0.093 -0.500 -0.352
-0.093 -0.500 -0.315
-0.093 -0.500 -0.278
-0.093 -0.500 -0.241
-0.093 -0.500 -0.204
-0.093 -0.500 -0.167
-0.093 -0.500 -0.130
-0.093 -0.500 -0.093
-0.093 -0.500 -0.056
-0.093 -0.500 -0.019
-0.093 -0.500 0.018
-0.093 -0.500 0.055
-0.093 -0.500 0.092
-0.093 -0.500 0.129
-0.093 -0.500 0.166
-0.093 -0.500 0.203
-0.093 -0.500 0.240
-0.093 -0.500 0.277
-0.093 -0.500 0.314
-0.093 -0.500 0.351
-0.093 -0.500 0.388
-0.093 -0.500 0.425
-0.093 -0.500 0.462
-0.093 -0.500 0.499
-0.093 -0.463 -0.500
-0.093 -0.463 -0.463
-0.093 -0.463 -0.426
-0.093 -0.463 -0.389
-0.093 -0.463 -0.352
-0.093 -0.463 -0.315
-0.093 -0.463 -0.278
-0.093 -0.463 -0.241
-0.093 -0.463 -0.204
-0.093 -0.463 -0.167
-0.093 -0.463 -0.130
-0.093 -0.463 -0.093
-0.093 -0.463 -0.056
-0.093 -0.463 -0.019
-0.093 -0.463 0.018
-0.093 -0.463 0.055
-0.093 -0.463 0.092
-0.093 -0.463 0.129
-0.093 -0.463 0.166
-0.093 -0.463 0.203
-0.093 -0.463 0.240
-0.093 -0.463 0.277
-0.093 -0.463 0.314
-0.093 -0.463 0.351
-0.093 -0.463 0.388
-0.093 -0.463 0.425
-0.093 -0.463 0.462
-0.093 -0.463 0.499
-0.093 -0.426 -0.500
-0.093 -0.426 -0.463
-0.093 -0.426 -0.426
-0.093 -0.426 -0.389
-0.093 -0.426 -0.352
-0.093 -0.426 -0.315
-0.093 -0.426 -0.278
-0.093 -0.426 -0.241
-0.093 -0.426 -0.204
-0.093 -0.426 -0.167
-0.093 -0.426 -0.130
-0.093 -0.426 -0.093
-0.093 -0.426 -0.056
-0.093 -0.426 -0.019
-0.093 -0.426 0.018
-0.093 -0.426 0.055
-0.093 -0.426 0.092
-0.093 -0.426 0.129
-0.093 -0.426 0.166
-0.093 -0.426 0.203
-0.093 -0.426 0.240
-0.093 -0.426 0.277
-0.093 -0.426 0.314
-0.093 -0.426 0.351
-0.093 -0.426 0.388
-0.093 -0.426 0.425
-0.093 -0.426 0.462
-0.093 -0.426 0.499
-0.093 -0.389 -0.500
-0.093 -0.389 -0.463
-0.093 -0.389 -0.426
-0.093 -0.389 -0.389
-0.093 -0.389 -0.352
-0.093 -0.389 -0.315
-0.093 -0.389 -0.278
-0.093 -0.389 -0.241
-0.093 -0.389 -0.204
-0.093 -0.389 -0.167
-0.093 -0.389 -0.130
-0.093 -0.389 -0.093
-0.093 -0.389 -0.056
-0.093 -0.389 -0.019
-0.093 -0.389 0.018
-0.093 -0.389 0.055
-0.093 -0.389 0.092
-0.093 -0.389 0.129
-0.093 -0.389 0.166
-0.093 -0.389 0.203
-0.093 -0.389 0.240
-0.093 -0.389 0.277
-0.093 -0.389 0.314
-0.093 -0.389 0.351
-0.093 -0.389 0.388
-0.093 -0.389 0.425
-0.093 -0.389 0.462
-0.093 -0.389 0.499
-0.093 -0.352 -0.500
-0.093 -0.352 -0.463
-0.093 -0.352 -0.426
-0.093 -0.352 -0.389
-0.093 -0.352 -0.352
-0.093 -0.352 -0.315
-0.093 -0.352 -0.278
-0.093 -0.352 -0.241
-0.093 -0.352 -0.204
-0.093 -0.352 -0.167
-0.093 -0.352 -0.130
-0.093 -0.352 -0.093
-0.093 -0.352 -0.056
-0.093 -0.352 -0.019
-0.093 -0.352 0.018
-0.093 -0.352 0.055
-0.093 -0.352 0.092
-0.093 -0.352 0.129
-0.093 -0.352 0.166
-0.093 -0.352 0.203
-0.093 -0.352 0.240
-0.093 -0.352 0.277
-0.093 -0.352 0.314
-0.093 -0.352 0.351
-0.093 -0.352 0.388
-0.093 -0.352 0.425
-0.093 -0.352 0.462
-0.093 -0.352 0.499
-0.093 -0.315 -0.500
-0.093 -0.315 -0.463
-0.093 -0.315 -0.426
-0.093 -0.315 -0.389
-0.093 -0.315 -0.352
-0.093 -0.315 -0.315
-0.093 -0.315 -0.278
-0.093 -0.315 -0.241
-0.093 -0.315 -0.204
-0.093 -0.315 -0.167
-0.093 -0.315 -0.130
-0.093 -0.315 -0.093
-0.093 -0.315 -0.056
-0.093 -0.315 -0.019
-0.093 -0.315 0.018
-0.093 -0.315 0.055
-0.093 -0.315 0.092
-0.093 -0.315 0.129
-0.093 -0.315 0.166
-0.093 -0.315 0.203
-0.093 -0.315 0.240
-0.093 -0.315 0.277
-0.093 -0.315 0.314
-0.093 -0.315 0.351
-0.093 -0.315 0.388
-0.093 -0.315 0.425
-0.093 -0.315 0.462
-0.093 -0.315 0.499
-0.093 -0.278 -0.500
-0.093 -0.278 -0.463
-0.093 -0.278 -0.426
-0.093 -0.278 -0.389
-0.093 -0.278 -0.352
-0.093 -0.278 -0.315
-0.093 -0.278 -0.278
-0.093 -0.278 -0.241
-0.093 -0.278 -0.204
-0.093 -0.278 -0.167
-0.093 -0.278 -0.130
-0.093 -0.278 -0.093
-0.093 -0.278 -0.056
-0.093 -0.278 -0.019
-0.093 -0.278 0.018
-0.093 -0.278 0.055
-0.093 -0.278 0.092
-0.093 -0.278 0.129
-0.093 -0.278 0.166
-0.093 -0.278 0.203
-0.093 -0.278 0.240
-0.093 -0.278 0.277
-0.093 -0.278 0.314
-0.093 -0.278 0.351
-0.093 -0.278 0.388
-0.093 -0.278 0.425
-0.093 -0.278 0.462
-0.093 -0.278 0.499
-0.093 -0.241 -0.500
-0.093 -0.241 -0.463
-0.093 -0.241 -0.426
-0.093 -0.241 -0.389
-0.093 -0.241 -0.352
-0.093 -0.241 -0.315
-0.093 -0.241 -0.278
-0.093 -0.241 -0.241
-0.093 -0.241 -0.204
-0.093 -0.241 -0.167
-0.093 -0.241 -0.130
-0.093 -0.241 -0.093
-0.093 -0.241 -0.056
-0.093 -0.241 -0.019
-0.093 -0.241 0.018
-0.093 -0.241 0.055
-0.093 -0.241 0.092
-0.093 -0.241 0.129
-0.093 -0.241 0.166
-0.093 -0.241 0.203
-0.093 -0.241 0.240
-0.093 -0.241 0.277
-0.093 -0.241 0.314
-0.093 -0.241 0.351
-0.093 -0.241 0.388
-0.093 -0.241 0.425
-0.093 -0.241 0.462
-0.093 -0.241 0.499
-0.093 -0.204 -0.500
-0.093 -0.204 -0.463
-0.093 -0.204 -0.426
-0.093 -0.204 -0.389
-0.093 -0.204 -0.352
-0.093 -0.204 -0.315
-0.093 -0.204 -0.278
-0.093 -0.204 -0.241
-0.093 -0.204 -0.204
-0.093 -0.204 -0.167
-0.093 -0.204 -0.130
-0.093 -0.204 -0.093
-0.093 -0.204 -0.056
-0.093 -0.204 -0.019
-0.093 -0.204 0.018
-0.093 -0.204 0.055
-0.093 -0.204 0.092
-0.093 -0.204 0.129
-0.093 -0.204 0.166
-0.093 -0.204 0.203
-0.093 -0.204 0.240
-0.093 -0.204 0.277
-0.093 -0.204 0.314
-0.093 -0.204 0.351
-0.093 -0.204 0.388
-0.093 -0.204 0.425
-0.093 -0.204 0.462
-0.093 -0.204 0.499
-0.093 -0.167 -0.500
-0.093 -0.167 -0.463
-0.093 -0.167 -0.426
-0.093 -0.167 -0.389
-0.093 -0.167 -0.352
-0.093 -0.167 -0.315
-0.093 -0.167 -0.278
-0.093 -0.167 -0.241
-0.093 -0.167 -0.204
-0.093 -0.167 -0.167
-0.093 -0.167 -0.130
-0.093 -0.167 -0.093
-0.093 -0.167 -0.056
-0.093 -0.167 -0.019
-0.093 -0.167 0.018
-0.093 -0.167 0.055
-0.093 -0.167 0.092
-0.093 -0.167 0.129
-0.093 -0.167 0.166
-0.093 -0.167 0.203
-0.093 -0.167 0.240
-0.093 -0.167 0.277
-0.093 -0.167 0.314
-0.093 -0.167 0.351
-0.093 -0.167 0.388
-0.093 -0.167 0.425
-0.093 -0.167 0.462
-0.093 -0.167 0.499
-0.093 -0.130 -0.500
-0.093 -0.130 -0.463
-0.093 -0.130 -0.426
-0.093 -0.130 -0.389
-0.093 -0.130 -0.352
-0.093 -0.130 -0.315
-0.093 -0.130 -0.278
-0.093 -0.130 -0.241
-0.093 -0.130 -0.204
-0.093 -0.130 -0.167
-0.093 -0.130 -0.130
-0.093 -0.130 -0.093
-0.093 -0.130 -0.056
-0.093 -0.130 -0.019
-0.093 -0.130 0.018
-0.093 -0.130 0.055
-0.093 -0.130 0.092
-0.093 -0.130 0.129
-0.093 -0.130 0.166
-0.093 -0.130 0.203
-0.093 -0.130 0.240
-0.093 -0.130 0.277
-0.093 -0.130 0.314
-0.093 -0.130 0.351
-0.093 -0.130 0.388
-0.093 -0.130 0.425
-0.093 -0.130 0.462
-0.093 -0.130 0.499
-0.093 -0.093 -0.500
-0.093 -0.093 -0.463
-0.093 -0.093 -0.426
-0.093 -0.093 -0.389
-0.093 -0.093 -0.352
-0.093 -0.093 -0.315
-0.093 -0.093 -0.278
-0.093 -0.093 -0.241
-0.093 -0.093 -0.204
-0.093 -0.093 -0.167
-0.093 -0.093 -0.130
-0.093 -0.093 -0.093
-0.093 -0.093 -0.056
-0.093 -0.093 -0.019
-0.093 -0.093 0.018
-0.093 -0.093 0.055
-0.093 -0.093 0.092
-0.093 -0.093 0.129
-0.093 -0.093 0.166
-0.093 -0.093 0.203
-0.093 -0.093 0.240
-0.093 -0.093 0.277
-0.093 -0.093 0.314
-0.093 -0.093 0.351
-0.093 -0.093 0.388
-0.093 -0.093 0.425
-0.093 -0.093 0.462
-0.093 -0.093 0.499
-0.093 -0.056 -0.500
-0.093 -0.056 -0.463
-0.093 -0.056 -0.426
-0.093 -0.056 -0.389
-0.093 -0.056 -0.352
-0.093 -0.056 -0.315
-0.093 -0.056 -0.278
-0.093 -0.056 -0.241
-0.093 -0.056 -0.204
-0.093 -0.056 -0.167
-0.093 -0.056 -0.130
-0.093 -0.056 -0.093
-0.093 -0.056 -0.056
-0.093 -0.056 -0.019
-0.093 -0.056 0.018
-0.093 -0.056 0.055
-0.093 -0.056 0.092
-0.093 -0.056 0.129
-0.093 -0.056 0.166
-0.093 -0.056 0.203
-0.093 -0.056 0.240
-0.093 -0.056 0.277
-0.093 -0.056 0.314
-0.093 -0.056 0.351
-0.093 -0.056 0.388
-0.093 -0.056 0.425
-0.093 -0.056 0.462
-0.093 -0.056 0.499
-0.093 -0.019 -0.500
-0.093 -0.019 -0.463
-0.093 -0.019 -0.426
-0.093 -0.019 -0.389
-0.093 -0.019 -0.352
-0.093 -0.019 -0.315
-0.093 -0.019 -0.278
-0.093 -0.019 -0.241
-0.093 -0.019 -0.204
-0.093 -0.019 -0.167
-0.093 -0.019 -0.130
-0.093 -0.019 -0.093
-0.093 -0.019 -0.056
-0.093 -0.019 -0.019
-0.093 -0.019 0.018
-0.093 -0.019 0.055
-0.093 -0.019 0.092
-0.093 -0.019 0.129
-0.093 -0.019 0.166
-0.093 -0.019 0.203
-0.093 -0.019 0.240
-0.093 -0.019 0.277
-0.093 -0.019 0.314
-0.093 -0.019 0.351
-0.093 -0.019 0.388
-0.093 -0.019 0.425
-0.093 -0.019 0.462
-0.093 -0.019 0.499
-0.093 0.018 -0.500
-0.093 0.018 -0.463
-0.093 0.018 -0.426
-0.093 0.018 -0.389
-0.093 0.018 -0.352
-0.093 0.018 -0.315
-0.093 0.018 -0.278
-0.093 0.018 -0.241
-0.093 0.018 -0.204
-0.093 0.018 -0.167
-0.093 0.018 -0.130
-0.093 0.018 -0.093
-0.093 0.018 -0.056
-0.093 0.018 -0.019
-0.093 0.018 0.018
-0.093 0.018 0.055
-0.093 0.018 0.092
-0.093 0.018 0.129
-0.093 0.018 0.166
-0.093 0.018 0.203
-0.093 0.018 0.240
-0.093 0.018 0.277
-0.093 0.018 0.314
-0.093 0.018 0.351
-0.093 0.018 0.388
-0.093 0.018 0.425
-0.093 0.018 0.462
-0.093 0.018 0.499
-0.093 0.055 -0.500
-0.093 0.055 -0.463
-0.093 0.055 -0.426
-0.093 0.055 -0.389
-0.093 0.055 -0.352
-0.093 0.055 -0.315
-0.093 0.055 -0.278
-0.093 0.055 -0.241
-0.093 0.055 -0.204
-0.093 0.055 -0.167
-0.093 0.055 -0.130
-0.093 0.055 -0.093
-0.093 0.055 -0.056
-0.093 0.055 -0.019
-0.093 0.055 0.018
-0.093 0.055 0.055
-0.093 0.055 0.092
-0.093 0.055 0.129
-0.093 0.055 0.166
-0.093 0.055 0.203
-0.093 0.055 0.240
-0.093 0.055 0.277
-0.093 0.055 0.314
-0.093 0.055 0.351
-0.093 0.055 0.388
-0.093 0.055 0.425
-0.093 0.055 0.462
-0.093 0.055 0.499
-0.093 0.092 -0.500
-0.093 0.092 -0.463
-0.093 0.092 -0.426
-0.093 0.092 -0.389
-0.093 0.092 -0.352
-0.093 0.092 -0.315
-0.093 0.092 -0.278
-0.093 0.092 -0.241
-0.093 0.092 -0.204
-0.093 0.092 -0.167
-0.093 0.092 -0.130
-0.093 0.092 -0.093
-0.093 0.092 -0.056
-0.093 0.092 -0.019
-0.093 0.092 0.018
-0.093 0.092 0.055
-0.093 0.092 0.092
-0.093 0.092 0.129
-0.093 0.092 0.166
-0.093 0.092 0.203
-0.093 0.092 0.240
-0.093 0.092 0.277
-0.093 0.092 0.314
-0.093 0.092 0.351
-0.093 0.092 0.388
-0.093 0.092 0.425
-0.093 0.092 0.462
-0.093 0.092 0.499
-0.093 0.129 -0.500
-0.093 0.129 -0.463
-0.093 0.129 -0.426
-0.093 0.129 -0.389
-0.093 0.129 -0.352
-0.093 0.129 -0.315
-0.093 0.129 -0.278
-0.093 0.129 -0.241
-0.093 0.129 -0.204
-0.093 0.129 -0.167
-0.093 0.129 -0.130
-0.093 0.129 -0.093
-0.093 0.129 -0.056
-0.093 0.129 -0.019
-0.093 0.129 0.018
-0.093 0.129 0.055
-0.093 0.129 0.092
-0.093 0.129 0.129
-0.093 0.129 0.166
-0.093 0.129 0.203
-0.093 0.129 0.240
-0.093 0.129 0.277
-0.093 0.129 0.314
-0.093 0.129 0.351
-0.093 0.129 0.388
-0.093 0.129 0.425
-0.093 0.129 0.462
-0.093 0.129 0.499
-0.093 0.166 -0.500
-0.093 0.166 -0.463
-0.093 0.166 -0.426
-0.093 0.166 -0.389
-0.093 0.166 -0.352
-0.093 0.166 -0.315
-0.093 0.166 -0.278
-0.093 0.166 -0.241
-0.093 0.166 -0.204
-0.093 0.166 -0.167
-0.093 0.166 -0.130
-0.093 0.166 -0.093
-0.093 0.166 -0.056
-0.093 0.166 -0.019
-0.093 0.166 0.018
-0.093 0.166 0.055
-0.093 0.166 0.092
-0.093 0.166 0.129
-0.093 0.166 0.166
-0.093 0.166 0.203
-0.093 0.166 0.240
-0.093 0.166 0.277
-0.093 0.166 0.314
-0.093 0.166 0.351
-0.093 0.166 0.388
-0.093 0.166 0.425
-0.093 0.166 0.462
-0.093 0.166 0.499
-0.093 0.203 -0.500
-0.093 0.203 -0.463
-0.093 0.203 -0.426
-0.093 0.203 -0.389
-0.093 0.203 -0.352
-0.093 0.203 -0.315
-0.093 0.203 -0.278
-0.093 0.203 -0.241
-0.093 0.203 -0.204
-0.093 0.203 -0.167
-0.093 0.203 -0.130
-0.093 0.203 -0.093
-0.093 0.203 -0.056
-0.093 0.203 -0.019
-0.093 0.203 0.018
-0.093 0.203 0.055
-0.093 0.203 0.092
-0.093 0.203 0.129
-0.093 0.203 0.166
-0.093 0.203 0.203
-0.093 0.203 0.240
-0.093 0.203 0.277
-0.093 0.203 0.314
-0.093 0.203 0.351
-0.093 0.203 0.388
-0.093 0.203 0.425
-0.093 0.203 0.462
-0.093 0.203 0.499
-0.093 0.240 -0.500
-0.093 0.240 -0.463
-0.093 0.240 -0.426
-0.093 0.240 -0.389
-0.093 0.240 -0.352
-0.093 0.240 -0.315
-0.093 0.240 -0.278
-0.093 0.240 -0.241
-0.093 0.240 -0.204
-0.093 0.240 -0.167
-0.093 0.240 -0.130
-0.093 0.240 -0.093
-0.093 0.240 -0.056
-0.093 0.240 -0.019
-0.093 0.240 0.018
-0.093 0.240 0.055
-0.093 0.240 0.092
-0.093 0.240 0.129
-0.093 0.240 0.166
-0.093 0.240 0.203
-0.093 0.240 0.240
-0.093 0.240 0.277
-0.093 0.240 0.314
-0.093 0.240 0.351
-0.093 0.240 0.388
-0.093 0.240 0.425
-0.093 0.240 0.462
-0.093 0.240 0.499
-0.093 0.277 -0.500
-0.093 0.277 -0.463
-0.093 0.277 -0.426
-0.093 0.277 -0.389
-0.093 0.277 -0.352
-0.093 0.277 -0.315
-0.093 0.277 -0.278
-0.093 0.277 -0.241
-0.093 0.277 -0.204
-0.093 0.277 -0.167
-0.093 0.277 -0.130
-0.093 0.277 -0.093
-0.093 0.277 -0.056
-0.093 0.277 -0.019
-0.093 0.277 0.018
-0.093 0.277 0.055
-0.093 0.277 0.092
-0.093 0.277 0.129
-0.093 0.277 0.166
-0.093 0.277 0.203
-0.093 0.277 0.240
-0.093 0.277 0.277
-0.093 0.277 0.314
-0.093 0.277 0.351
-0.093 0.277 0.388
-0.093 0.277 0.425
-0.093 0.277 0.462
-0.093 0.277 0.499
-0.093 0.314 -0.500
-0.093 0.314 -0.463
-0.093 0.314 -0.426
-0.093 0.314 -0.389
-0.093 0.314 -0.352
-0.093 0.314 -0.315
-0.093 0.314 -0.278
-0.093 0.314 -0.241
-0.093 0.314 -0.204
-0.093 0.314 -0.167
-0.093 0.314 -0.130
-0.093 0.314 -0.093
-0.093 0.314 -0.056
-0.093 0.314 -0.019
-0.093 0.314 0.018
-0.093 0.314 0.055
-0.093 0.314 0.092
-0.093 0.314 0.129
-0.093 0.314 0.166
-0.093 0.314 0.203
-0.093 0.314 0.240
-0.093 0.314 0.277
-0.093 0.314 0.314
-0.093 0.314 0.351
-0.093 0.314 0.388
-0.093 0.314 0.425
-0.093 0.314 0.462
-0.093 0.314 0.499
-0.093 0.351 -0.500
-0.093 0.351 -0.463
-0.093 0.351 -0.426
-0.093 0.351 -0.389
-0.093 0.351 -0.352
-0.093 0.351 -0.315
-0.093 0.351 -0.278
-0.093 0.351 -0.241
-0.093 0.351 -0.204
-0.093 0.351 -0.167
-0.093 0.351 -0.130
-0.093 0.351 -0.093
-0.093 0.351 -0.056
-0.093 0.351 -0.019
-0.093 0.351 0.018
-0.093 0.351 0.055
-0.093 0.351 0.092
-0.093 0.351 0.129
-0.093 0.351 0.166
-0.093 0.351 0.203
-0.093 0.351 0.240
-0.093 0.351 0.277
-0.093 0.351 0.314
-0.093 0.351 0.351
-0.093 0.351 0.388
-0.093 0.351 0.425
-0.093 0.351 0.462
-0.093 0.351 0.499
-0.093 0.388 -0.500
-0.093 0.388 -0.463
-0.093 0.388 -0.426
-0.093 0.388 -0.389
-0.093 0.388 -0.352
-0.093 0.388 -0.315
-0.093 0.388 -0.278
-0.093 0.388 -0.241
-0.093 0.388 -0.204
-0.093 0.388 -0.167
-0.093 0.388 -0.130
-0.093 0.388 -0.093
-0.093 0.388 -0.056
-0.093 0.388 -0.019
-0.093 0.388 0.018
-0.093 0.388 0.055
-0.093 0.388 0.092
-0.093 0.388 0.129
-0.093 0.388 0.166
-0.093 0.388 0.203
-0.093 0.388 0.240
-0.093 0.388 0.277
-0.093 0.388 0.314
-0.093 0.388 0.351
-0.093 0.388 0.388
-0.093 0.388 0.425
-0.093 0.388 0.462
-0.093 0.388 0.499
-0.093 0.425 -0.500
-0.093 0.425 -0.463
-0.093 0.425 -0.426
-0.093 0.425 -0.389
-0.093 0.425 -0.352
-0.093 0.425 -0.315
-0.093 0.425 -0.278
-0.093 0.425 -0.241
-0.093 0.425 -0.204
-0.093 0.425 -0.167
-0.093 0.425 -0.130
-0.093 0.425 -0.093
-0.093 0.425 -0.056
-0.093 0.425 -0.019
-0.093 0.425 0.018
-0.093 0.425 0.055
-0.093 0.425 0.092
-0.093 0.425 0.129
-0.093 0.425 0.166
-0.093 0.425 0.203
-0.093 0.425 0.240
-0.093 0.425 0.277
-0.093 0.425 0.314
-0.093 0.425 0.351
-0.093 0.425 0.388
-0.093 0.425 0.425
-0.093 0.425 0.462
-0.093 0.425 0.499
-0.093 0.462 -0.500
-0.093 0.462 -0.463
-0.093 0.462 -0.426
-0.093 0.462 -0.389
-0.093 0.462 -0.352
-0.093 0.462 -0.315
-0.093 0.462 -0.278
-0.093 0.462 -0.241
-0.093 0.462 -0.204
-0.093 0.462 -0.167
-0.093 0.462 -0.130
-0.093 0.462 -0.093
-0.093 0.462 -0.056
-0.093 0.462 -0.019
-0.093 0.462 0.018
-0.093 0.462 0.055
-0.093 0.462 0.092
-0.093 0.462 0.129
-0.093 0.462 0.166
-0.093 0.462 0.203
-0.093 0.462 0.240
-0.093 0.462 0.277
-0.093 0.462 0.314
-0.093 0.462 0.351
-0.093 0.462 0.388
-0.093 0.462 0.425
-0.093 0.462 0.462
-0.093 0.462 0.499
-0.093 0.499 -0.500
-0.093 0.499 -0.463
-0.093 0.499 -0.426
-0.093 0.499 -0.389
-0.093 0.499 -0.352
-0.093 0.499 -0.315
-0.093 0.499 -0.278
-0.093 0.499 -0.241
-0.093 0.499 -0.204
-0.093 0.499 -0.167
-0.093 0.499 -0.130
-0.093 0.499 -0.093
-0.093 0.499 -0.056
-0.093 0.499 -0.019
-0.093 0.499 0.018
-0.093 0.499 0.055
-0.093 0.499 0.092
-0.093 0.499 0.129
-0.093 0.499 0.166
-0.093 0.499 0.203
-0.093 0.499 0.240
-0.093 0.499 0.277
-0.093 0.499 0.314
-0.093 0.499 0.351
-0.093 0.499 0.388
-0.093 0.499 0.425
-0.093 0.499 0.462
-0.093 0.499 0.499
-0.056 -0.500 -0.500
-0.056 -0.500 -0.463
-0.056 -0.500 -0.426
-0.056 -0.500 -0.389
-0.056 -0.500 -0.352
-0.056 -0.500 -0.315
-0.056 -0.500 -0.278
-0.056 -0.500 -0.241
-0.056 -0.500 -0.204
-0.056 -0.500 -0.167
-0.056 -0.500 -0.130
-0.056 -0.500 -0.093
-0.056 -0.500 -0.056
-0.056 -0.500 -0.019
-0.056 -0.500 0.018
-0.056 -0.500 0.055
-0.056 -0.500 0.092
-0.056 -0.500 0.129
-0.056 -0.500 0.166
-0.056 -0.500 0.203
-0.056 -0.500 0.240
-0.056 -0.500 0.277
-0.056 -0.500 0.314
-0.056 -0.500 0.351
-0.056 -0.500 0.388
-0.056 -0.500 0.425
-0.056 -0.500 0.462
-0.056 -0.500 0.499
-0.056 -0.463 -0.500
-0.056 -0.463 -0.463
-0.056 -0.463 -0.426
-0.056 -0.463 -0.389
-0.056 -0.463 -0.352
-0.056 -0.463 -0.315
-0.056 -0.463 -0.278
-0.056 -0.463 -0.241
-0.056 -0.463 -0.204
-0.056 -0.463 -0.167
-0.056 -0.463 -0.130
-0.056 -0.463 -0.093
-0.056 -0.463 -0.056
-0.056 -0.463 -0.019
-0.056 -0.463 0.018
-0.056 -0.463 0.055
-0.056 -0.463 0.092
-0.056 -0.463 0.129
-0.056 -0.463 0.166
-0.056 -0.463 0.203
-0.056 -0.463 0.240
-0.056 -0.463 0.277
-0.056 -0.463 0.314
-0.056 -0.463 0.351
-0.056 -0.463 0.388
-0.056 -0.463 0.425
-0.056 -0.463 0.462
-0.056 -0.463 0.499
-0.056 -0.426 -0.500
-0.056 -0.426 -0.463
-0.056 -0.426 -0.426
-0.056 -0.426 -0.389
-0.056 -0.426 -0.352
-0.056 -0.426 -0.315
-0.056 -0.426 -0.278
-0.056 -0.426 -0.241
-0.056 -0.426 -0.204
-0.056 -0.426 -0.167
-0.056 -0.426 -0.130
-0.056 -0.426 -0.093
-0.056 -0.426 -0.056
-0.056 -0.426 -0.019
-0.056 -0.426 0.018
-0.056 -0.426 0.055
-0.056 -0.426 0.092
-0.056 -0.426 0.129
-0.056 -0.426 0.166
-0.056 -0.426 0.203
-0.056 -0.426 0.240
-0.056 -0.426 0.277
-0.056 -0.426 0.314
-0.056 -0.426 0.351
-0.056 -0.426 0.388
-0.056 -0.426 0.425
-0.056 -0.426 0.462
-0.056 -0.426 0.499
-0.056 -0.389 -0.500
-0.056 -0.389 -0.463
-0.056 -0.389 -0.426
-0.056 -0.389 -0.389
-0.056 -0.389 -0.352
-0.056 -0.389 -0.315
-0.056 -0.389 -0.278
-0.056 -0.389 -0.241
-0.056 -0.389 -0.204
-0.056 -0.389 -0.167
-0.056 -0.389 -0.130
-0.056 -0.389 -0.093
-0.056 -0.389 -0.056
-0.056 -0.389 -0.019
-0.056 -0.389 0.018
-0.056 -0.389 0.055
-0.056 -0.389 0.092
-0.056 -0.389 0.129
-0.056 -0.389 0.166
-0.056 -0.389 0.203
-0.056 -0.389 0.240
-0.056 -0.389 0.277
-0.056 -0.389 0.314
-0.056 -0.389 0.351
-0.056 -0.389 0.388
-0.056 -0.389 0.425
-0.056 -0.389 0.462
-0.056 -0.389 0.499
-0.056 -0.352 -0.500
-0.056 -0.352 -0.463
-0.056 -0.352 -0.426
-0.056 -0.352 -0.389
-0.056 -0.352 -0.352
-0.056 -0.352 -0.315
-0.056 -0.352 -0.278
-0.056 -0.352 -0.241
-0.056 -0.352 -0.204
-0.056 -0.352 -0.167
-0.056 -0.352 -0.130
-0.056 -0.352 -0.093
-0.056 -0.352 -0.056
-0.056 -0.352 -0.019
-0.056 -0.352 0.018
-0.056 -0.352 0.055
-0.056 -0.352 0.092
-0.056 -0.352 0.129
-0.056 -0.352 0.166
-0.056 -0.352 0.203
-0.056 -0.352 0.240
-0.056 -0.352 0.277
-0.056 -0.352 0.314
-0.056 -0.352 0.351
-0.056 -0.352 0.388
-0.056 -0.352 0.425
-0.056 -0.352 0.462
-0.056 -0.352 0.499
-0.056 -0.315 -0.500
-0.056 -0.315 -0.463
-0.056 -0.315 -0.426
-0.056 -0.315 -0.389
-0.056 -0.315 -0.352
-0.056 -0.315 -0.315
-0.056 -0.315 -0.278
-0.056 -0.315 -0.241
-0.056 -0.315 -0.204
-0.056 -0.315 -0.167
-0.056 -0.315 -0.130
-0.056 -0.315 -0.093
-0.056 -0.315 -0.056
-0.056 -0.315 -0.019
-0.056 -0.315 0.018
-0.056 -0.315 0.055
-0.056 -0.315 0.092
-0.056 -0.315 0.129
-0.056 -0.315 0.166
-0.056 -0.315 0.203
-0.056 -0.315 0.240
-0.056 -0.315 0.277
-0.056 -0.315 0.314
-0.056 -0.315 0.351
-0.056 -0.315 0.388
-0.056 -0.315 0.425
-0.056 -0.315 0.462
-0.056 -0.315 0.499
-0.056 -0.278 -0.500
-0.056 -0.278 -0.463
-0.056 -0.278 -0.426
-0.056 -0.278 -0.389
-0.056 -0.278 -0.352
-0.056 -0.278 -0.315
-0.056 -0.278 -0.278
-0.056 -0.278 -0.241
-0.056 -0.278 -0.204
-0.056 -0.278 -0.167
-0.056 -0.278 -0.130
-0.056 -0.278 -0.093
-0.056 -0.278 -0.056
-0.056 -0.278 -0.019
-0.056 -0.278 0.018
-0.056 -0.278 0.055
-0.056 -0.278 0.092
-0.056 -0.278 0.129
-0.056 -0.278 0.166
-0.056 -0.278 0.203
-0.056 -0.278 0.240
-0.056 -0.278 0.277
-0.056 -0.278 0.314
-0.056 -0.278 0.351
-0.056 -0.278 0.388
-0.056 -0.278 0.425
-0.056 -0.278 0.462
-0.056 -0.278 0.499
-0.056 -0.241 -0.500
-0.056 -0.241 -0.463
-0.056 -0.241 -0.426
-0.056 -0.241 -0.389
-0.056 -0.241 -0.352
-0.056 -0.241 -0.315
-0.056 -0.241 -0.278
-0.056 -0.241 -0.241
-0.056 -0.241 -0.204
-0.056 -0.241 -0.167
-0.056 -0.241 -0.130
-0.056 -0.241 -0.093
-0.056 -0.241 -0.056
-0.056 -0.241 -0.019
-0.056 -0.241 0.018
-0.056 -0.241 0.055
-0.056 -0.241 0.092
-0.056 -0.241 0.129
-0.056 -0.241 0.166
-0.056 -0.241 0.203
-0.056 -0.241 0.240
-0.056 -0.241 0.277
-0.056 -0.241 0.314
-0.056 -0.241 0.351
-0.056 -0.241 0.388
-0.056 -0.241 0.425
-0.056 -0.241 0.462
-0.056 -0.241 0.499
-0.056 -0.204 -0.500
-0.056 -0.204 -0.463
-0.056 -0.204 -0.426
-0.056 -0.204 -0.389
-0.056 -0.204 -0.352
-0.056 -0.204 -0.315
-0.056 -0.204 -0.278
-0.056 -0.204 -0.241
-0.056 -0.204 -0.204
-0.056 -0.204 -0.167
-0.056 -0.204 -0.130
-0.056 -0.204 -0.093
-0.056 -0.204 -0.056
-0.056 -0.204 -0.019
-0.056 -0.204 0.018
-0.056 -0.204 0.055
-0.056 -0.204 0.092
-0.056 -0.204 0.129
-0.056 -0.204 0.166
-0.056 -0.204 0.203
-0.056 -0.204 0.240
-0.056 -0.204 0.277
-0.056 -0.204 0.314
-0.056 -0.204 0.351
-0.056 -0.204 0.388
-0.056 -0.204 0.425
-0.056 -0.204 0.462
-0.056 -0.204 0.499
-0.056 -0.167 -0.500
-0.056 -0.167 -0.463
-0.056 -0.167 -0.426
-0.056 -0.167 -0.389
-0.056 -0.167 -0.352
-0.056 -0.167 -0.315
-0.056 -0.167 -0.278
-0.056 -0.167 -0.241
-0.056 -0.167 -0.204
-0.056 -0.167 -0.167
-0.056 -0.167 -0.130
-0.056 -0.167 -0.093
-0.056 -0.167 -0.056
-0.056 -0.167 -0.019
-0.056 -0.167 0.018
-0.056 -0.167 0.055
-0.056 -0.167 0.092
-0.056 -0.167 0.129
-0.056 -0.167 0.166
-0.056 -0.167 0.203
-0.056 -0.167 0.240
-0.056 -0.167 0.277
-0.056 -0.167 0.314
-0.056 -0.167 0.351
-0.056 -0.167 0.388
-0.056 -0.167 0.425
-0.056 -0.167 0.462
-0.056 -0.167 0.499
-0.056 -0.130 -0.500
-0.056 -0.130 -0.463
-0.056 -0.130 -0.426
-0.056 -0.130 -0.389
-0.056 -0.130 -0.352
-0.056 -0.130 -0.315
-0.056 -0.130 -0.278
-0.056 -0.130 -0.241
-0.056 -0.130 -0.204
-0.056 -0.130 -0.167
-0.056 -0.130 -0.130
-0.056 -0.130 -0.093
-0.056 -0.130 -0.056
-0.056 -0.130 -0.019
-0.056 -0.130 0.018
-0.056 -0.130 0.055
-0.056 -0.130 0.092
-0.056 -0.130 0.129
-0.056 -0.130 0.166
-0.056 -0.130 0.203
-0.056 -0.130 0.240
-0.056 -0.130 0.277
-0.056 -0.130 0.314
-0.056 -0.130 0.351
-0.056 -0.130 0.388
-0.056 -0.130 0.425
-0.056 -0.130 0.462
-0.056 -0.130 0.499
-0.056 -0.093 -0.500
-0.056 -0.093 -0.463
-0.056 -0.093 -0.426
-0.056 -0.093 -0.389
-0.056 -0.093 -0.352
-0.056 -0.093 -0.315
-0.056 -0.093 -0.278
-0.056 -0.093 -0.241
-0.056 -0.093 -0.204
-0.056 -0.093 -0.167
-0.056 -0.093 -0.130
-0.056 -0.093 -0.093
-0.056 -0.093 -0.056
-0.056 -0.093 -0.019
-0.056 -0.093 0.018
-0.056 -0.093 0.055
-0.056 -0.093 0.092
-0.056 -0.093 0.129
-0.056 -0.093 0.166
-0.056 -0.093 0.203
-0.056 -0.093 0.240
-0.056 -0.093 0.277
-0.056 -0.093 0.314
-0.056 -0.093 0.351
-0.056 -0.093 0.388
-0.056 -0.093 0.425
-0.056 -0.093 0.462
-0.056 -0.093 0.499
-0.056 -0.056 -0.500
-0.056 -0.056 -0.463
-0.056 -0.056 -0.426
-0.056 -0.056 -0.389
-0.056 -0.056 -0.352
-0.056 -0.056 -0.315
-0.056 -0.056 -0.278
-0.056 -0.056 -0.241
-0.056 -0.056 -0.204
-0.056 -0.056 -0.167
-0.056 -0.056 -0.130
-0.056 -0.056 -0.093
-0.056 -0.056 -0.056
-0.056 -0.056 -0.019
-0.056 -0.056 0.018
-0.056 -0.056 0.055
-0.056 -0.056 0.092
-0.056 -0.056 0.129
-0.056 -0.056 0.166
-0.056 -0.056 0.203
-0.056 -0.056 0.240
-0.056 -0.056 0.277
-0.056 -0.056 0.314
-0.056 -0.056 0.351
-0.056 -0.056 0.388
-0.056 -0.056 0.425
-0.056 -0.056 0.462
-0.056 -0.056 0.499
-0.056 -0.019 -0.500
-0.056 -0.019 -0.463
-0.056 -0.019 -0.426
-0.056 -0.019 -0.389
-0.056 -0.019 -0.352
-0.056 -0.019 -0.315
-0.056 -0.019 -0.278
-0.056 -0.019 -0.241
-0.056 -0.019 -0.204
-0.056 -0.019 -0.167
-0.056 -0.019 -0.130
-0.056 -0.019 -0.093
-0.056 -0.019 -0.056
-0.056 -0.019 -0.019
-0.056 -0.019 0.018
-0.056 -0.019 0.055
-0.056 -0.019 0.092
-0.056 -0.019 0.129
-0.056 -0.019 0.166
-0.056 -0.019 0.203
-0.056 -0.019 0.240
-0.056 -0.019 0.277
-0.056 -0.019 0.314
-0.056 -0.019 0.351
-0.056 -0.019 0.388
-0.056 -0.019 0.425
-0.056 -0.019 0.462
-0.056 -0.019 0.499
-0.056 0.018 -0.500
-0.056 0.018 -0.463
-0.056 0.018 -0.426
-0.056 0.018 -0.389
-0.056 0.018 -0.352
-0.056 0.018 -0.315
-0.056 0.018 -0.278
-0.056 0.018 -0.241
-0.056 0.018 -0.204
-0.056 0.018 -0.167
-0.056 0.018 -0.130
-0.056 0.018 -0.093
-0.056 0.018 -0.056
-0.056 0.018 -0.019
-0.056 0.018 0.018
-0.056 0.018 0.055
-0.056 0.018 0.092
-0.056 0.018 0.129
-0.056 0.018 0.166
-0.056 0.018 0.203
-0.056 0.018 0.240
-0.056 0.018 0.277
-0.056 0.018 0.314
-0.056 0.018 0.351
-0.056 0.018 0.388
-0.056 0.018 0.425
-0.056 0.018 0.462
-0.056 0.018 0.499
-0.056 0.055 -0.500
-0.056 0.055 -0.463
-0.056 0.055 -0.426
-0.056 0.055 -0.389
-0.056 0.055 -0.352
-0.056 0.055 -0.315
-0.056 0.055 -0.278
-0.056 0.055 -0.241
-0.056 0.055 -0.204
-0.056 0.055 -0.167
-0.056 0.055 -0.130
-0.056 0.055 -0.093
-0.056 0.055 -0.056
-0.056 0.055 -0.019
-0.056 0.055 0.018
-0.056 0.055 0.055
-0.056 0.055 0.092
-0.056 0.055 0.129
-0.056 0.055 0.166
-0.056 0.055 0.203
-0.056 0.055 0.240
-0.056 0.055 0.277
-0.056 0.055 0.314
-0.056 0.055 0.351
-0.056 0.055 0.388
-0.056 0.055 0.425
-0.056 0.055 0.462
-0.056 0.055 0.499
-0.056 0.092 -0.500
-0.056 0.092 -0.463
-0.056 0.092 -0.426
-0.056 0.092 -0.389
-0.056 0.092 -0.352
-0.056 0.092 -0.315
-0.056 0.092 -0.278
-0.056 0.092 -0.241
-0.056 0.092 -0.204
-0.056 0.092 -0.167
-0.056 0.092 -0.130
-0.056 0.092 -0.093
-0.056 0.092 -0.056
-0.056 0.092 -0.019
-0.056 0.092 0.018
-0.056 0.092 0.055
-0.056 0.092 0.092
-0.056 0.092 0.129
-0.056 0.092 0.166
-0.056 0.092 0.203
-0.056 0.092 0.240
-0.056 0.092 0.277
-0.056 0.092 0.314
-0.056 0.092 0.351
-0.056 0.092 0.388
-0.056 0.092 0.425
-0.056 0.092 0.462
-0.056 0.092 0.499
-0.056 0.129 -0.500
-0.056 0.129 -0.463
-0.056 0.129 -0.426
-0.056 0.129 -0.389
-0.056 0.129 -0.352
-0.056 0.129 -0.315
-0.056 0.129 -0.278
-0.056 0.129 -0.241
-0.056 0.129 -0.204
-0.056 0.129 -0.167
-0.056 0.129 -0.130
-0.056 0.129 -0.093
-0.056 0.129 -0.056
-0.056 0.129 -0.019
-0.056 0.129 0.018
-0.056 0.129 0.055
-0.056 0.129 0.092
-0.056 0.129 0.129
-0.056 0.129 0.166
-0.056 0.129 0.203
-0.056 0.129 0.240
-0.056 0.129 0.277
-0.056 0.129 0.314
-0.056 0.129 0.351
-0.056 0.129 0.388
-0.056 0.129 0.425
-0.056 0.129 0.462
-0.056 0.129 0.499
-0.056 0.166 -0.500
-0.056 0.166 -0.463
-0.056 0.166 -0.426
-0.056 0.166 -0.389
-0.056 0.166 -0.352
-0.056 0.166 -0.315
-0.056 0.166 -0.278
-0.056 0.166 -0.241
-0.056 0.166 -0.204
-0.056 0.166 -0.167
-0.056 0.166 -0.130
-0.056 0.166 -0.093
-0.056 0.166 -0.056
-0.056 0.166 -0.019
-0.056 0.166 0.018
-0.056 0.166 0.055
-0.056 0.166 0.092
-0.056 0.166 0.129
-0.056 0.166 0.166
-0.056 0.166 0.203
-0.056 0.166 0.240
-0.056 0.166 0.277
-0.056 0.166 0.314
-0.056 0.166 0.351
-0.056 0.166 0.388
-0.056 0.166 0.425
-0.056 0.166 0.462
-0.056 0.166 0.499
-0.056 0.203 -0.500
-0.056 0.203 -0.463
-0.056 0.203 -0.426
-0.056 0.203 -0.389
-0.056 0.203 -0.352
-0.056 0.203 -0.315
-0.056 0.203 -0.278
-0.056 0.203 -0.241
-0.056 0.203 -0.204
-0.056 0.203 -0.167
-0.056 0.203 -0.130
-0.056 0.203 -0.093
-0.056 0.203 -0.056
-0.056 0.203 -0.019
-0.056 0.203 0.018
-0.056 0.203 0.055
-0.056 0.203 0.092
-0.056 0.203 0.129
-0.056 0.203 0.166
-0.056 0.203 0.203
-0.056 0.203 0.240
-0.056 0.203 0.277
-0.056 0.203 0.314
-0.056 0.203 0.351
-0.056 0.203 0.388
-0.056 0.203 0.425
-0.056 0.203 0.462
-0.056 0.203 0.499
-0.056 0.240 -0.500
-0.056 0.240 -0.463
-0.056 0.240 -0.426
-0.056 0.240 -0.389
-0.056 0.240 -0.352
-0.056 0.240 -0.315
-0.056 0.240 -0.278
-0.056 0.240 -0.241
-0.056 0.240 -0.204
-0.056 0.240 -0.167
-0.056 0.240 -0.130
-0.056 0.240 -0.093
-0.056 0.240 -0.056
-0.056 0.240 -0.019
-0.056 0.240 0.018
-0.056 0.240 0.055
-0.056 0.240 0.092
-0.056 0.240 0.129
-0.056 0.240 0.166
-0.056 0.240 0.203
-0.056 0.240 0.240
-0.056 0.240 0.277
-0.056 0.240 0.314
-0.056 0.240 0.351
-0.056 0.240 0.388
-0.056 0.240 0.425
-0.056 0.240 0.462
-0.056 0.240 0.499
-0.056 0.277 -0.500
-0.056 0.277 -0.463
-0.056 0.277 -0.426
-0.056 0.277 -0.389
-0.056 0.277 -0.352
-0.056 0.277 -0.315
-0.056 0.277 -0.278
-0.056 0.277 -0.241
-0.056 0.277 -0.204
-0.056 0.277 -0.167
-0.056 0.277 -0.130
-0.056 0.277 -0.093
-0.056 0.277 -0.056
-0.056 0.277 -0.019
-0.056 0.277 0.018
-0.056 0.277 0.055
-0.056 0.277 0.092
-0.056 0.277 0.129
-0.056 0.277 0.166
-0.056 0.277 0.203
-0.056 0.277 0.240
-0.056 0.277 0.277
-0.056 0.277 0.314
-0.056 0.277 0.351
-0.056 0.277 0.388
-0.056 0.277 0.425
-0.056 0.277 0.462
-0.056 0.277 0.499
-0.056 0.314 -0.500
-0.056 0.314 -0.463
-0.056 0.314 -0.426
-0.056 0.314 -0.389
-0.056 0.314 -0.352
-0.056 0.314 -0.315
-0.056 0.314 -0.278
-0.056 0.314 -0.241
-0.056 0.314 -0.204
-0.056 0.314 -0.167
-0.056 0.314 -0.130
-0.056 0.314 -0.093
-0.056 0.314 -0.056
-0.056 0.314 -0.019
-0.056 0.314 0.018
-0.056 0.314 0.055
-0.056 0.314 0.092
-0.056 0.314 0.129
-0.056 0.314 0.166
-0.056 0.314 0.203
-0.056 0.314 0.240
-0.056 0.314 0.277
-0.056 0.314 0.314
-0.056 0.314 0.351
-0.056 0.314 0.388
-0.056 0.314 0.425
-0.056 0.314 0.462
-0.056 0.314 0.499
-0.056 0.351 -0.500
-0.056 0.351 -0.463
-0.056 0.351 -0.426
-0.056 0.351 -0.389
-0.056 0.351 -0.352
-0.056 0.351 -0.315
-0.056 0.351 -0.278
-0.056 0.351 -0.241
-0.056 0.351 -0.204
-0.056 0.351 -0.167
-0.056 0.351 -0.130
-0.056 0.351 -0.093
-0.056 0.351 -0.056
-0.056 0.351 -0.019
-0.056 0.351 0.018
-0.056 0.351 0.055
-0.056 0.351 0.092
-0.056 0.351 0.129
-0.056 0.351 0.166
-0.056 0.351 0.203
-0.056 0.351 0.240
-0.056 0.351 0.277
-0.056 0.351 0.314
-0.056 0.351 0.351
-0.056 0.351 0.388
-0.056 0.351 0.425
-0.056 0.351 0.462
-0.056 0.351 0.499
-0.056 0.388 -0.500
-0.056 0.388 -0.463
-0.056 0.388 -0.426
-0.056 0.388 -0.389
-0.056 0.388 -0.352
-0.056 0.388 -0.315
-0.056 0.388 -0.278
-0.056 0.388 -0.241
-0.056 0.388 -0.204
-0.056 0.388 -0.167
-0.056 0.388 -0.130
-0.056 0.388 -0.093
-0.056 0.388 -0.056
-0.056 0.388 -0.019
-0.056 0.388 0.018
-0.056 0.388 0.055
-0.056 0.388 0.092
-0.056 0.388 0.129
-0.056 0.388 0.166
-0.056 0.388 0.203
-0.056 0.388 0.240
-0.056 0.388 0.277
-0.056 0.388 0.314
-0.056 0.388 0.351
-0.056 0.388 0.388
-0.056 0.388 0.425
-0.056 0.388 0.462
-0.056 0.388 0.499
-0.056 0.425 -0.500
-0.056 0.425 -0.463
-0.056 0.425 -0.426
-0.056 0.425 -0.389
-0.056 0.425 -0.352
-0.056 0.425 -0.315
-0.056 0.425 -0.278
-0.056 0.425 -0.241
-0.056 0.425 -0.204
-0.056 0.425 -0.167
-0.056 0.425 -0.130
-0.056 0.425 -0.093
-0.056 0.425 -0.056
-0.056 0.425 -0.019
-0.056 0.425 0.018
-0.056 0.425 0.055
-0.056 0.425 0.092
-0.056 0.425 0.129
-0.056 0.425 0.166
-0.056 0.425 0.203
-0.056 0.425 0.240
-0.056 0.425 0.277
-0.056 0.425 0.314
-0.056 0.425 0.351
-0.056 0.425 0.388
-0.056 0.425 0.425
-0.056 0.425 0.462
-0.056 0.425 0.499
-0.056 0.462 -0.500
-0.056 0.462 -0.463
-0.056 0.462 -0.426
-0.056 0.462 -0.389
-0.056 0.462 -0.352
-0.056 0.462 -0.315
-0.056 0.462 -0.278
-0.056 0.462 -0.241
-0.056 0.462 -0.204
-0.056 0.462 -0.167
-0.056 0.462 -0.130
-0.056 0.462 -0.093
-0.056 0.462 -0.056
-0.056 0.462 -0.019
-0.056 0.462 0.018
-0.056 0.462 0.055
-0.056 0.462 0.092
-0.056 0.462 0.129
-0.056 0.462 0.166
-0.056 0.462 0.203
-0.056 0.462 0.240
-0.056 0.462 0.277
-0.056 0.462 0.314
-0.056 0.462 0.351
-0.056 0.462 0.388
-0.056 0.462 0.425
-0.056 0.462 0.462
-0.056 0.462 0.499
-0.056 0.499 -0.500
-0.056 0.499 -0.463
-0.056 0.499 -0.426
-0.056 0.499 -0.389
-0.056 0.499 -0.352
-0.056 0.499 -0.315
-0.056 0.499 -0.278
-0.056 0.499 -0.241
-0.056 0.499 -0.204
-0.056 0.499 -0.167
-0.056 0.499 -0.130
-0.056 0.499 -0.093
-0.056 0.499 -0.056
-0.056 0.499 -0.019
-0.056 0.499 0.018
-0.056 0.499 0.055
-0.056 0.499 0.092
-0.056 0.499 0.129
-0.056 0.499 0.166
-0.056 0.499 0.203
-0.056 0.499 0.240
-0.056 0.499 0.277
-0.056 0.499 0.314
-0.056 0.499 0.351
-0.056 0.499 0.388
-0.056 0.499 0.425
-0.056 0.499 0.462
-0.056 0.499 0.499
-0.019 -0.500 -0.500
-0.019 -0.500 -0.463
-0.019 -0.500 -0.426
-0.019 -0.500 -0.389
-0.019 -0.500 -0.352
-0.019 -0.500 -0.315
-0.019 -0.500 -0.278
-0.019 -0.500 -0.241
-0.019 -0.500 -0.204
-0.019 -0.500 -0.167
-0.019 -0.500 -0.130
-0.019 -0.500 -0.093
-0.019 -0.500 -0.056
-0.019 -0.500 -0.019
-0.019 -0.500 0.018
-0.019 -0.500 0.055
-0.019 -0.500 0.092
-0.019 -0.500 0.129
-0.019 -0.500 0.166
-0.019 -0.500 0.203
-0.019 -0.500 0.240
-0.019 -0.500 0.277
-0.019 -0.500 0.314
-0.019 -0.500 0.351
-0.019 -0.500 0.388
-0.019 -0.500 0.425
-0.019 -0.500 0.462
-0.019 -0.500 0.499
-0.019 -0.463 -0.500
-0.019 -0.463 -0.463
-0.019 -0.463 -0.426
-0.019 -0.463 -0.389
-0.019 -0.463 -0.352
-0.019 -0.463 -0.315
-0.019 -0.463 -0.278
-0.019 -0.463 -0.241
-0.019 -0.463 -0.204
-0.019 -0.463 -0.167
-0.019 -0.463 -0.130
-0.019 -0.463 -0.093
-0.019 -0.463 -0.056
-0.019 -0.463 -0.019
-0.019 -0.463 0.018
-0.019 -0.463 0.055
-0.019 -0.463 0.092
-0.019 -0.463 0.129
-0.019 -0.463 0.166
-0.019 -0.463 0.203
-0.019 -0.463 0.240
-0.019 -0.463 0.277
-0.019 -0.463 0.314
-0.019 -0.463 0.351
-0.019 -0.463 0.388
-0.019 -0.463 0.425
-0.019 -0.463 0.462
-0.019 -0.463 0.499
-0.019 -0.426 -0.500
-0.019 -0.426 -0.463
-0.019 -0.426 -0.426
-0.019 -0.426 -0.389
-0.019 -0.426 -0.352
-0.019 -0.426 -0.315
-0.019 -0.426 -0.278
-0.019 -0.426 -0.241
-0.019 -0.426 -0.204
-0.019 -0.426 -0.167
-0.019 -0.426 -0.130
-0.019 -0.426 -0.093
-0.019 -0.426 -0.056
-0.019 -0.426 -0.019
-0.019 -0.426 0.018
-0.019 -0.426 0.055
-0.019 -0.426 0.092
-0.019 -0.426 0.129
-0.019 -0.426 0.166
-0.019 -0.426 0.203
-0.019 -0.426 0.240
-0.019 -0.426 0.277
-0.019 -0.426 0.314
-0.019 -0.426 0.351
-0.019 -0.426 0.388
-0.019 -0.426 0.425
-0.019 -0.426 0.462
-0.019 -0.426 0.499
-0.019 -0.389 -0.500
-0.019 -0.389 -0.463
-0.019 -0.389 -0.426
-0.019 -0.389 -0.389
-0.019 -0.389 -0.352
-0.019 -0.389 -0.315
-0.019 -0.389 -0.278
-0.019 -0.389 -0.241
-0.019 -0.389 -0.204
-0.019 -0.389 -0.167
-0.019 -0.389 -0.130
-0.019 -0.389 -0.093
-0.019 -0.389 -0.056
-0.019 -0.389 -0.019
-0.019 -0.389 0.018
-0.019 -0.389 0.055
-0.019 -0.389 0.092
-0.019 -0.389 0.129
-0.019 -0.389 0.166
-0.019 -0.389 0.203
-0.019 -0.389 0.240
-0.019 -0.389 0.277
-0.019 -0.389 0.314
-0.019 -0.389 0.351
-0.019 -0.389 0.388
-0.019 -0.389 0.425
-0.019 -0.389 0.462
-0.019 -0.389 0.499
-0.019 -0.352 -0.500
-0.019 -0.352 -0.463
-0.019 -0.352 -0.426
-0.019 -0.352 -0.389
-0.019 -0.352 -0.352
-0.019 -0.352 -0.315
-0.019 -0.352 -0.278
-0.019 -0.352 -0.241
-0.019 -0.352 -0.204
-0.019 -0.352 -0.167
-0.019 -0.352 -0.130
-0.019 -0.352 -0.093
-0.019 -0.352 -0.056
-0.019 -0.352 -0.019
-0.019 -0.352 0.018
-0.019 -0.352 0.055
-0.019 -0.352 0.092
-0.019 -0.352 0.129
-0.019 -0.352 0.166
-0.019 -0.352 0.203
-0.019 -0.352 0.240
-0.019 -0.352 0.277
-0.019 -0.352 0.314
-0.019 -0.352 0.351
-0.019 -0.352 0.388
-0.019 -0.352 0.425
-0.019 -0.352 0.462
-0.019 -0.352 0.499
-0.019 -0.315 -0.500
-0.019 -0.315 -0.463
-0.019 -0.315 -0.426
-0.019 -0.315 -0.389
-0.019 -0.315 -0.352
-0.019 -0.315 -0.315
-0.019 -0.315 -0.278
-0.019 -0.315 -0.241
-0.019 -0.315 -0.204
-0.019 -0.315 -0.167
-0.019 -0.315 -0.130
-0.019 -0.315 -0.093
-0.019 -0.315 -0.056
-0.019 -0.315 -0.019
-0.019 -0.315 0.018
-0.019 -0.315 0.055
-0.019 -0.315 0.092
-0.019 -0.315 0.129
-0.019 -0.315 0.166
-0.019 -0.315 0.203
-0.019 -0.315 0.240
-0.019 -0.315 0.277
-0.019 -0.315 0.314
-0.019 -0.315 0.351
-0.019 -0.315 0.388
-0.019 -0.315 0.425
-0.019 -0.315 0.462
-0.019 -0.315 0.499
-0.019 -0.278 -0.500
-0.019 -0.278 -0.463
-0.019 -0.278 -0.426
-0.019 -0.278 -0.389
-0.019 -0.278 -0.352
-0.019 -0.278 -0.315
-0.019 -0.278 -0.278
-0.019 -0.278 -0.241
-0.019 -0.278 -0.204
-0.019 -0.278 -0.167
-0.019 -0.278 -0.130
-0.019 -0.278 -0.093
-0.019 -0.278 -0.056
-0.019 -0.278 -0.019
-0.019 -0.278 0.018
-0.019 -0.278 0.055
-0.019 -0.278 0.092
-0.019 -0.278 0.129
-0.019 -0.278 0.166
-0.019 -0.278 0.203
-0.019 -0.278 0.240
-0.019 -0.278 0.277
-0.019 -0.278 0.314
-0.019 -0.278 0.351
-0.019 -0.278 0.388
-0.019 -0.278 0.425
-0.019 -0.278 0.462
-0.019 -0.278 0.499
-0.019 -0.241 -0.500
-0.019 -0.241 -0.463
-0.019 -0.241 -0.426
-0.019 -0.241 -0.389
-0.019 -0.241 -0.352
-0.019 -0.241 -0.315
-0.019 -0.241 -0.278
-0.019 -0.241 -0.241
-0.019 -0.241 -0.204
-0.019 -0.241 -0.167
-0.019 -0.241 -0.130
-0.019 -0.241 -0.093
-0.019 -0.241 -0.056
-0.019 -0.241 -0.019
-0.019 -0.241 0.018
-0.019 -0.241 0.055
-0.019 -0.241 0.092
-0.019 -0.241 0.129
-0.019 -0.241 0.166
-0.019 -0.241 0.203
-0.019 -0.241 0.240
-0.019 -0.241 0.277
-0.019 -0.241 0.314
-0.019 -0.241 0.351
-0.019 -0.241 0.388
-0.019 -0.241 0.425
-0.019 -0.241 0.462
-0.019 -0.241 0.499
-0.019 -0.204 -0.500
-0.019 -0.204 -0.463
-0.019 -0.204 -0.426
-0.019 -0.204 -0.389
-0.019 -0.204 -0.352
-0.019 -0.204 -0.315
-0.019 -0.204 -0.278
-0.019 -0.204 -0.241
-0.019 -0.204 -0.204
-0.019 -0.204 -0.167
-0.019 -0.204 -0.130
-0.019 -0.204 -0.093
-0.019 -0.204 -0.056
-0.019 -0.204 -0.019
-0.019 -0.204 0.018
-0.019 -0.204 0.055
-0.019 -0.204 0.092
-0.019 -0.204 0.129
-0.019 -0.204 0.166
-0.019 -0.204 0.203
-0.019 -0.204 0.240
-0.019 -0.204 0.277
-0.019 -0.204 0.314
-0.019 -0.204 0.351
-0.019 -0.204 0.388
-0.019 -0.204 0.425
-0.019 -0.204 0.462
-0.019 -0.204 0.499
-0.019 -0.167 -0.500
-0.019 -0.167 -0.463
-0.019 -0.167 -0.426
-0.019 -0.167 -0.389
-0.019 -0.167 -0.352
-0.019 -0.167 -0.315
-0.019 -0.167 -0.278
-0.019 -0.167 -0.241
-0.019 -0.167 -0.204
-0.019 -0.167 -0.167
-0.019 -0.167 -0.130
-0.019 -0.167 -0.093
-0.019 -0.167 -0.056
-0.019 -0.167 -0.019
-0.019 -0.167 0.018
-0.019 -0.167 0.055
-0.019 -0.167 0.092
-0.019 -0.167 0.129
-0.019 -0.167 0.166
-0.019 -0.167 0.203
-0.019 -0.167 0.240
-0.019 -0.167 0.277
-0.019 -0.167 0.314
-0.019 -0.167 0.351
-0.019 -0.167 0.388
-0.019 -0.167 0.425
-0.019 -0.167 0.462
-0.019 -0.167 0.499
-0.019 -0.130 -0.500
-0.019 -0.130 -0.463
-0.019 -0.130 -0.426
-0.019 -0.130 -0.389
-0.019 -0.130 -0.352
-0.019 -0.130 -0.315
-0.019 -0.130 -0.278
-0.019 -0.130 -0.241
-0.019 -0.130 -0.204
-0.019 -0.130 -0.167
-0.019 -0.130 -0.130
-0.019 -0.130 -0.093
-0.019 -0.130 -0.056
-0.019 -0.130 -0.019
-0.019 -0.130 0.018
-0.019 -0.130 0.055
-0.019 -0.130 0.092
-0.019 -0.130 0.129
-0.019 -0.130 0.166
-0.019 -0.130 0.203
-0.019 -0.130 0.240
-0.019 -0.130 0.277
-0.019 -0.130 0.314
-0.019 -0.130 0.351
-0.019 -0.130 0.388
-0.019 -0.130 0.425
-0.019 -0.130 0.462
-0.019 -0.130 0.499
-0.019 -0.093 -0.500
-0.019 -0.093 -0.463
-0.019 -0.093 -0.426
-0.019 -0.093 -0.389
-0.019 -0.093 -0.352
-0.019 -0.093 -0.315
-0.019 -0.093 -0.278
-0.019 -0.093 -0.241
-0.019 -0.093 -0.204
-0.019 -0.093 -0.167
-0.019 -0.093 -0.130
-0.019 -0.093 -0.093
-0.019 -0.093 -0.056
-0.019 -0.093 -0.019
-0.019 -0.093 0.018
-0.019 -0.093 0.055
-0.019 -0.093 0.092
-0.019 -0.093 0.129
-0.019 -0.093 0.166
-0.019 -0.093 0.203
-0.019 -0.093 0.240
-0.019 -0.093 0.277
-0.019 -0.093 0.314
-0.019 -0.093 0.351
-0.019 -0.093 0.388
-0.019 -0.093 0.425
-0.019 -0.093 0.462
-0.019 -0.093 0.499
-0.019 -0.056 -0.500
-0.019 -0.056 -0.463
-0.019 -0.056 -0.426
-0.019 -0.056 -0.389
-0.019 -0.056 -0.352
-0.019 -0.056 -0.315
-0.019 -0.056 -0.278
-0.019 -0.056 -0.241
-0.019 -0.056 -0.204
-0.019 -0.056 -0.167
-0.019 -0.056 -0.130
-0.019 -0.056 -0.093
-0.019 -0.056 -0.056
-0.019 -0.056 -0.019
-0.019 -0.056 0.018
-0.019 -0.056 0.055
-0.019 -0.056 0.092
-0.019 -0.056 0.129
-0.019 -0.056 0.166
-0.019 -0.056 0.203
-0.019 -0.056 0.240
-0.019 -0.056 0.277
-0.019 -0.056 0.314
-0.019 -0.056 0.351
-0.019 -0.056 0.388
-0.019 -0.056 0.425
-0.019 -0.056 0.462
-0.019 -0.056 0.499
-0.019 -0.019 -0.500
-0.019 -0.019 -0.463
-0.019 -0.019 -0.426
-0.019 -0.019 -0.389
-0.019 -0.019 -0.352
-0.019 -0.019 -0.315
-0.019 -0.019 -0.278
-0.019 -0.019 -0.241
-0.019 -0.019 -0.204
-0.019 -0.019 -0.167
-0.019 -0.019 -0.130
-0.019 -0.019 -0.093
-0.019 -0.019 -0.056
-0.019 -0.019 -0.019
-0.019 -0.019 0.018
-0.019 -0.019 0.055
-0.019 -0.019 0.092
-0.019 -0.019 0.129
-0.019 -0.019 0.166
-0.019 -0.019 0.203
-0.019 -0.019 0.240
-0.019 -0.019 0.277
-0.019 -0.019 0.314
-0.019 -0.019 0.351
-0.019 -0.019 0.388
-0.019 -0.019 0.425
-0.019 -0.019 0.462
-0.019 -0.019 0.499
-0.019 0.018 -0.500
-0.019 0.018 -0.463
-0.019 0.018 -0.426
-0.019 0.018 -0.389
-0.019 0.018 -0.352
-0.019 0.018 -0.315
-0.019 0.018 -0.278
-0.019 0.018 -0.241
-0.019 0.018 -0.204
-0.019 0.018 -0.167
-0.019 0.018 -0.130
-0.019 0.018 -0.093
-0.019 0.018 -0.056
-0.019 0.018 -0.019
-0.019 0.018 0.018
-0.019 0.018 0.055
-0.019 0.018 0.092
-0.019 0.018 0.129
-0.019 0.018 0.166
-0.019 0.018 0.203
-0.019 0.018 0.240
-0.019 0.018 0.277
-0.019 0.018 0.314
-0.019 0.018 0.351
-0.019 0.018 0.388
-0.019 0.018 0.425
-0.019 0.018 0.462
-0.019 0.018 0.499
-0.019 0.055 -0.500
-0.019 0.055 -0.463
-0.019 0.055 -0.426
-0.019 0.055 -0.389
-0.019 0.055 -0.352
-0.019 0.055 -0.315
-0.019 0.055 -0.278
-0.019 0.055 -0.241
-0.019 0.055 -0.204
-0.019 0.055 -0.167
-0.019 0.055 -0.130
-0.019 0.055 -0.093
-0.019 0.055 -0.056
-0.019 0.055 -0.019
-0.019 0.055 0.018
-0.019 0.055 0.055
-0.019 0.055 0.092
-0.019 0.055 0.129
-0.019 0.055 0.166
-0.019 0.055 0.203
-0.019 0.055 0.240
-0.019 0.055 0.277
-0.019 0.055 0.314
-0.019 0.055 0.351
-0.019 0.055 0.388
-0.019 0.055 0.425
-0.019 0.055 0.462
-0.019 0.055 0.499
-0.019 0.092 -0.500
-0.019 0.092 -0.463
-0.019 0.092 -0.426
-0.019 0.092 -0.389
-0.019 0.092 -0.352
-0.019 0.092 -0.315
-0.019 0.092 -0.278
-0.019 0.092 -0.241
-0.019 0.092 -0.204
-0.019 0.092 -0.167
-0.019 0.092 -0.130
-0.019 0.092 -0.093
-0.019 0.092 -0.056
-0.019 0.092 -0.019
-0.019 0.092 0.018
-0.019 0.092 0.055
-0.019 0.092 0.092
-0.019 0.092 0.129
-0.019 0.092 0.166
-0.019 0.092 0.203
-0.019 0.092 0.240
-0.019 0.092 0.277
-0.019 0.092 0.314
-0.019 0.092 0.351
-0.019 0.092 0.388
-0.019 0.092 0.425
-0.019 0.092 0.462
-0.019 0.092 0.499
-0.019 0.129 -0.500
-0.019 0.129 -0.463
-0.019 0.129 -0.426
-0.019 0.129 -0.389
-0.019 0.129 -0.352
-0.019 0.129 -0.315
-0.019 0.129 -0.278
-0.019 0.129 -0.241
-0.019 0.129 -0.204
-0.019 0.129 -0.167
-0.019 0.129 -0.130
-0.019 0.129 -0.093
-0.019 0.129 -0.056
-0.019 0.129 -0.019
-0.019 0.129 0.018
-0.019 0.129 0.055
-0.019 0.129 0.092
-0.019 0.129 0.129
-0.019 0.129 0.166
-0.019 0.129 0.203
-0.019 0.129 0.240
-0.019 0.129 0.277
-0.019 0.129 0.314
-0.019 0.129 0.351
-0.019 0.129 0.388
-0.019 0.129 0.425
-0.019 0.129 0.462
-0.019 0.129 0.499
-0.019 0.166 -0.500
-0.019 0.166 -0.463
-0.019 0.166 -0.426
-0.019 0.166 -0.389
-0.019 0.166 -0.352
-0.019 0.166 -0.315
-0.019 0.166 -0.278
-0.019 0.166 -0.241
-0.019 0.166 -0.204
-0.019 0.166 -0.167
-0.019 0.166 -0.130
-0.019 0.166 -0.093
-0.019 0.166 -0.056
-0.019 0.166 -0.019
-0.019 0.166 0.018
-0.019 0.166 0.055
-0.019 0.166 0.092
-0.019 0.166 0.129
-0.019 0.166 0.166
-0.019 0.166 0.203
-0.019 0.166 0.240
-0.019 0.166 0.277
-0.019 0.166 0.314
-0.019 0.166 0.351
-0.019 0.166 0.388
-0.019 0.166 0.425
-0.019 0.166 0.462
-0.019 0.166 0.499
-0.019 0.203 -0.500
-0.019 0.203 -0.463
-0.019 0.203 -0.426
-0.019 0.203 -0.389
-0.019 0.203 -0.352
-0.019 0.203 -0.315
-0.019 0.203 -0.278
-0.019 0.203 -0.241
-0.019 0.203 -0.204
-0.019 0.203 -0.167
-0.019 0.203 -0.130
-0.019 0.203 -0.093
-0.019 0.203 -0.056
-0.019 0.203 -0.019
-0.019 0.203 0.018
-0.019 0.203 0.055
-0.019 0.203 0.092
-0.019 0.203 0.129
-0.019 0.203 0.166
-0.019 0.203 0.203
-0.019 0.203 0.240
-0.019 0.203 0.277
-0.019 0.203 0.314
-0.019 0.203 0.351
-0.019 0.203 0.388
-0.019 0.203 0.425
-0.019 0.203 0.462
-0.019 0.203 0.499
-0.019 0.240 -0.500
-0.019 0.240 -0.463
-0.019 0.240 -0.426
-0.019 0.240 -0.389
-0.019 0.240 -0.352
-0.019 0.240 -0.315
-0.019 0.240 -0.278
-0.019 0.240 -0.241
-0.019 0.240 -0.204
-0.019 0.240 -0.167
-0.019 0.240 -0.130
-0.019 0.240 -0.093
-0.019 0.240 -0.056
-0.019 0.240 -0.019
-0.019 0.240 0.018
-0.019 0.240 0.055
-0.019 0.240 0.092
-0.019 0.240 0.129
-0.019 0.240 0.166
-0.019 0.240 0.203
-0.019 0.240 0.240
-0.019 0.240 0.277
-0.019 0.240 0.314
-0.019 0.240 0.351
-0.019 0.240 0.388
-0.019 0.240 0.425
-0.019 0.240 0.462
-0.019 0.240 0.499
-0.019 0.277 -0.500
-0.019 0.277 -0.463
-0.019 0.277 -0.426
-0.019 0.277 -0.389
-0.019 0.277 -0.352
-0.019 0.277 -0.315
-0.019 0.277 -0.278
-0.019 0.277 -0.241
-0.019 0.277 -0.204
-0.019 0.277 -0.167
-0.019 0.277 -0.130
-0.019 0.277 -0.093
-0.019 0.277 -0.056
-0.019 0.277 -0.019
-0.019 0.277 0.018
-0.019 0.277 0.055
-0.019 0.277 0.092
-0.019 0.277 0.129
-0.019 0.277 0.166
-0.019 0.277 0.203
-0.019 0.277 0.240
-0.019 0.277 0.277
-0.019 0.277 0.314
-0.019 0.277 0.351
-0.019 0.277 0.388
-0.019 0.277 0.425
-0.019 0.277 0.462
-0.019 0.277 0.499
-0.019 0.314 -0.500
-0.019 0.314 -0.463
-0.019 0.314 -0.426
-0.019 0.314 -0.389
-0.019 0.314 -0.352
-0.019 0.314 -0.315
-0.019 0.314 -0.278
-0.019 0.314 -0.241
-0.019 0.314 -0.204
-0.019 0.314 -0.167
-0.019 0.314 -0.130
-0.019 0.314 -0.093
-0.019 0.314 -0.056
-0.019 0.314 -0.019
-0.019 0.314 0.018
-0.019 0.314 0.055
-0.019 0.314 0.092
-0.019 0.314 0.129
-0.019 0.314 0.166
-0.019 0.314 0.203
-0.019 0.314 0.240
-0.019 0.314 0.277
-0.019 0.314 0.314
-0.019 0.314 0.351
-0.019 0.314 0.388
-0.019 0.314 0.425
-0.019 0.314 0.462
-0.019 0.314 0.499
-0.019 0.351 -0.500
-0.019 0.351 -0.463
-0.019 0.351 -0.426
-0.019 0.351 -0.389
-0.019 0.351 -0.352
-0.019 0.351 -0.315
-0.019 0.351 -0.278
-0.019 0.351 -0.241
-0.019 0.351 -0.204
-0.019 0.351 -0.167
-0.019 0.351 -0.130
-0.019 0.351 -0.093
-0.019 0.351 -0.056
-0.019 0.351 -0.019
-0.019 0.351 0.018
-0.019 0.351 0.055
-0.019 0.351 0.092
-0.019 0.351 0.129
-0.019 0.351 0.166
-0.019 0.351 0.203
-0.019 0.351 0.240
-0.019 0.351 0.277
-0.019 0.351 0.314
-0.019 0.351 0.351
-0.019 0.351 0.388
-0.019 0.351 0.425
-0.019 0.351 0.462
-0.019 0.351 0.499
-0.019 0.388 -0.500
-0.019 0.388 -0.463
-0.019 0.388 -0.426
-0.019 0.388 -0.389
-0.019 0.388 -0.352
-0.019 0.388 -0.315
-0.019 0.388 -0.278
-0.019 0.388 -0.241
-0.019 0.388 -0.204
-0.019 0.388 -0.167
-0.019 0.388 -0.130
-0.019 0.388 -0.093
-0.019 0.388 -0.056
-0.019 0.388 -0.019
-0.019 0.388 0.018
-0.019 0.388 0.055
-0.019 0.388 0.092
-0.019 0.388 0.129
-0.019 0.388 0.166
-0.019 0.388 0.203
-0.019 0.388 0.240
-0.019 0.388 0.277
-0.019 0.388 0.314
-0.019 0.388 0.351
-0.019 0.388 0.388
-0.019 0.388 0.425
-0.019 0.388 0.462
-0.019 0.388 0.499
-0.019 0.425 -0.500
-0.019 0.425 -0.463
-0.019 0.425 -0.426
-0.019 0.425 -0.389
-0.019 0.425 -0.352
-0.019 0.425 -0.315
-0.019 0.425 -0.278
-0.019 0.425 -0.241
-0.019 0.425 -0.204
-0.019 0.425 -0.167
-0.019 0.425 -0.130
-0.019 0.425 -0.093
-0.019 0.425 -0.056
-0.019 0.425 -0.019
-0.019 0.425 0.018
-0.019 0.425 0.055
-0.019 0.425 0.092
-0.019 0.425 0.129
-0.019 0.425 0.166
-0.019 0.425 0.203
-0.019 0.425 0.240
-0.019 0.425 0.277
-0.019 0.425 0.314
-0.019 0.425 0.351
-0.019 0.425 0.388
-0.019 0.425 0.425
-0.019 0.425 0.462
-0.019 0.425 0.499
-0.019 0.462 -0.500
-0.019 0.462 -0.463
-0.019 0.462 -0.426
-0.019 0.462 -0.389
-0.019 0.462 -0.352
-0.019 0.462 -0.315
-0.019 0.462 -0.278
-0.019 0.462 -0.241
-0.019 0.462 -0.204
-0.019 0.462 -0.167
-0.019 0.462 -0.130
-0.019 0.462 -0.093
-0.019 0.462 -0.056
-0.019 0.462 -0.019
-0.019 0.462 0.018
-0.019 0.462 0.055
-0.019 0.462 0.092
-0.019 0.462 0.129
-0.019 0.462 0.166
-0.019 0.462 0.203
-0.019 0.462 0.240
-0.019 0.462 0.277
-0.019 0.462 0.314
-0.019 0.462 0.351
-0.019 0.462 0.388
-0.019 0.462 0.425
-0.019 0.462 0.462
-0.019 0.462 0.499
-0.019 0.499 -0.500
-0.019 0.499 -0.463
-0.019 0.499 -0.426
-0.019 0.499 -0.389
-0.019 0.499 -0.352
-0.019 0.499 -0.315
-0.019 0.499 -0.278
-0.019 0.499 -0.241
-0.019 0.499 -0.204
-0.019 0.499 -0.167
-0.019 0.499 -0.130
-0.019 0.499 -0.093
-0.019 0.499 -0.056
-0.019 0.499 -0.019
-0.019 0.499 0.018
-0.019 0.499 0.055
-0.019 0.499 0.092
-0.019 0.499 0.129
-0.019 0.499 0.166
-0.019 0.499 0.203
-0.019 0.499 0.240
-0.019 0.499 0.277
-0.019 0.499 0.314
-0.019 0.499 0.351
-0.019 0.499 0.388
-0.019 0.499 0.425
-0.019 0.499 0.462
-0.019 0.499 0.499
0.018 -0.500 -0.500
0.018 -0.500 -0.463
0.018 -0.500 -0.426
0.018 -0.500 -0.389
0.018 -0.500 -0.352
0.018 -0.500 -0.315
0.018 -0.500 -0.278
0.018 -0.500 -0.241
0.018 -0.500 -0.204
0.018 -0.500 -0.167
0.018 -0.500 -0.130
0.018 -0.500 -0.093
0.018 -0.500 -0.056
0.018 -0.500 -0.019
0.018 -0.500 0.018
0.018 -0.500 0.055
0.018 -0.500 0.092
0.018 -0.500 0.129
0.018 -0.500 0.166
0.018 -0.500 0.203
0.018 -0.500 0.240
0.018 -0.500 0.277
0.018 -0.500 0.314
0.018 -0.500 0.351
0.018 -0.500 0.388
0.018 -0.500 0.425
0.018 -0.500 0.462
0.018 -0.500 0.499
0.018 -0.463 -0.500
0.018 -0.463 -0.463
0.018 -0.463 -0.426
0.018 -0.463 -0.389
0.018 -0.463 -0.352
0.018 -0.463 -0.315
0.018 -0.463 -0.278
0.018 -0.463 -0.241
0.018 -0.463 -0.204
0.018 -0.463 -0.167
0.018 -0.463 -0.130
0.018 -0.463 -0.093
0.018 -0.463 -0.056
0.018 -0.463 -0.019
0.018 -0.463 0.018
0.018 -0.463 0.055
0.018 -0.463 0.092
0.018 -0.463 0.129
0.018 -0.463 0.166
0.018 -0.463 0.203
0.018 -0.463 0.240
0.018 -0.463 0.277
0.018 -0.463 0.314
0.018 -0.463 0.351
0.018 -0.463 0.388
0.018 -0.463 0.425
0.018 -0.463 0.462
0.018 -0.463 0.499
0.018 -0.426 -0.500
0.018 -0.426 -0.463
0.018 -0.426 -0.426
0.018 -0.426 -0.389
0.018 -0.426 -0.352
0.018 -0.426 -0.315
0.018 -0.426 -0.278
0.018 -0.426 -0.241
0.018 -0.426 -0.204
0.018 -0.426 -0.167
0.018 -0.426 -0.130
0.018 -0.426 -0.093
0.018 -0.426 -0.056
0.018 -0.426 -0.019
0.018 -0.426 0.018
0.018 -0.426 0.055
0.018 -0.426 0.092
0.018 -0.426 0.129
0.018 -0.426 0.166
0.018 -0.426 0.203
0.018 -0.426 0.240
0.018 -0.426 0.277
0.018 -0.426 0.314
0.018 -0.426 0.351
0.018 -0.426 0.388
0.018 -0.426 0.425
0.018 -0.426 0.462
0.018 -0.426 0.499
0.018 -0.389 -0.500
0.018 -0.389 -0.463
0.018 -0.389 -0.426
0.018 -0.389 -0.389
0.018 -0.389 -0.352
0.018 -0.389 -0.315
0.018 -0.389 -0.278
0.018 -0.389 -0.241
0.018 -0.389 -0.204
0.018 -0.389 -0.167
0.018 -0.389 -0.130
0.018 -0.389 -0.093
0.018 -0.389 -0.056
0.018 -0.389 -0.019
0.018 -0.389 0.018
0.018 -0.389 0.055
0.018 -0.389 0.092
0.018 -0.389 0.129
0.018 -0.389 0.166
0.018 -0.389 0.203
0.018 -0.389 0.240
0.018 -0.389 0.277
0.018 -0.389 0.314
0.018 -0.389 0.351
0.018 -0.389 0.388
0.018 -0.389 0.425
0.018 -0.389 0.462
0.018 -0.389 0.499
0.018 -0.352 -0.500
0.018 -0.352 -0.463
0.018 -0.352 -0.426
0.018 -0.352 -0.389
0.018 -0.352 -0.352
0.018 -0.352 -0.315
0.018 -0.352 -0.278
0.018 -0.352 -0.241
0.018 -0.352 -0.204
0.018 -0.352 -0.167
0.018 -0.352 -0.130
0.018 -0.352 -0.093
0.018 -0.352 -0.056
0.018 -0.352 -0.019
0.018 -0.352 0.018
0.018 -0.352 0.055
0.018 -0.352 0.092
0.018 -0.352 0.129
0.018 -0.352 0.166
0.018 -0.352 0.203
0.018 -0.352 0.240
0.018 -0.352 0.277
0.018 -0.352 0.314
0.018 -0.352 0.351
0.018 -0.352 0.388
0.018 -0.352 0.425
0.018 -0.352 0.462
0.018 -0.352 0.499
0.018 -0.315 -0.500
0.018 -0.315 -0.463
0.018 -0.315 -0.426
0.018 -0.315 -0.389
0.018 -0.315 -0.352
0.018 -0.315 -0.315
0.018 -0.315 -0.278
0.018 -0.315 -0.241
0.018 -0.315 -0.204
0.018 -0.315 -0.167
0.018 -0.315 -0.130
0.018 -0.315 -0.093
0.018 -0.315 -0.056
0.018 -0.315 -0.019
0.018 -0.315 0.018
0.018 -0.315 0.055
0.018 -0.315 0.092
0.018 -0.315 0.129
0.018 -0.315 0.166
0.018 -0.315 0.203
0.018 -0.315 0.240
0.018 -0.315 0.277
0.018 -0.315 0.314
0.018 -0.315 0.351
0.018 -0.315 0.388
0.018 -0.315 0.425
0.018 -0.315 0.462
0.018 -0.315 0.499
0.018 -0.278 -0.500
0.018 -0.278 -0.463
0.018 -0.278 -0.426
0.018 -0.278 -0.389
0.018 -0.278 -0.352
0.018 -0.278 -0.315
0.018 -0.278 -0.278
0.018 -0.278 -0.241
0.018 -0.278 -0.204
0.018 -0.278 -0.167
0.018 -0.278 -0.130
0.018 -0.278 -0.093
0.018 -0.278 -0.056
0.018 -0.278 -0.019
0.018 -0.278 0.018
0.018 -0.278 0.055
0.018 -0.278 0.092
0.018 -0.278 0.129
0.018 -0.278 0.166
0.018 -0.278 0.203
0.018 -0.278 0.240
0.018 -0.278 0.277
0.018 -0.278 0.314
0.018 -0.278 0.351
0.018 -0.278 0.388
0.018 -0.278 0.425
0.018 -0.278 0.462
0.018 -0.278 0.499
0.018 -0.241 -0.500
0.018 -0.241 -0.463
0.018 -0.241 -0.426
0.018 -0.241 -0.389
0.018 -0.241 -0.352
0.018 -0.241 -0.315
0.018 -0.241 -0.278
0.018 -0.241 -0.241
0.018 -0.241 -0.204
0.018 -0.241 -0.167
0.018 -0.241 -0.130
0.018 -0.241 -0.093
0.018 -0.241 -0.056
0.018 -0.241 -0.019
0.018 -0.241 0.018
0.018 -0.241 0.055
0.018 -0.241 0.092
0.018 -0.241 0.129
0.018 -0.241 0.166
0.018 -0.241 0.203
0.018 -0.241 0.240
0.018 -0.241 0.277
0.018 -0.241 0.314
0.018 -0.241 0.351
0.018 -0.241 0.388
0.018 -0.241 0.425
0.018 -0.241 0.462
0.018 -0.241 0.499
0.018 -0.204 -0.500
0.018 -0.204 -0.463
0.018 -0.204 -0.426
0.018 -0.204 -0.389
0.018 -0.204 -0.352
0.018 -0.204 -0.315
0.018 -0.204 -0.278
0.018 -0.204 -0.241
0.018 -0.204 -0.204
0.018 -0.204 -0.167
0.018 -0.204 -0.130
0.018 -0.204 -0.093
0.018 -0.204 -0.056
0.018 -0.204 -0.019
0.018 -0.204 0.018
0.018 -0.204 0.055
0.018 -0.204 0.092
0.018 -0.204 0.129
0.018 -0.204 0.166
0.018 -0.204 0.203
0.018 -0.204 0.240
0.018 -0.204 0.277
0.018 -0.204 0.314
0.018 -0.204 0.351
0.018 -0.204 0.388
0.018 -0.204 0.425
0.018 -0.204 0.462
0.018 -0.204 0.499
0.018 -0.167 -0.500
0.018 -0.167 -0.463
0.018 -0.167 -0.426
0.018 -0.167 -0.389
0.018 -0.167 -0.352
0.018 -0.167 -0.315
0.018 -0.167 -0.278
0.018 -0.167 -0.241
0.018 -0.167 -0.204
0.018 -0.167 -0.167
0.018 -0.167 -0.130
0.018 -0.167 -0.093
0.018 -0.167 -0.056
0.018 -0.167 -0.019
0.018 -0.167 0.018
0.018 -0.167 0.055
0.018 -0.167 0.092
0.018 -0.167 0.129
0.018 -0.167 0.166
0.018 -0.167 0.203
0.018 -0.167 0.240
0.018 -0.167 0.277
0.018 -0.167 0.314
0.018 -0.167 0.351
0.018 -0.167 0.388
0.018 -0.167 0.425
0.018 -0.167 0.462
0.018 -0.167 0.499
0.018 -0.130 -0.500
0.018 -0.130 -0.463
0.018 -0.130 -0.426
0.018 -0.130 -0.389
0.018 -0.130 -0.352
0.018 -0.130 -0.315
0.018 -0.130 -0.278
0.018 -0.130 -0.241
0.018 -0.130 -0.204
0.018 -0.130 -0.167
0.018 -0.130 -0.130
0.018 -0.130 -0.093
0.018 -0.130 -0.056
0.018 -0.130 -0.019
0.018 -0.130 0.018
0.018 -0.130 0.055
0.018 -0.130 0.092
0.018 -0.130 0.129
0.018 -0.130 0.166
0.018 -0.130 0.203
0.018 -0.130 0.240
0.018 -0.130 0.277
0.018 -0.130 0.314
0.018 -0.130 0.351
0.018 -0.130 0.388
0.018 -0.130 0.425
0.018 -0.130 0.462
0.018 -0.130 0.499
0.018 -0.093 -0.500
0.018 -0.093 -0.463
0.018 -0.093 -0.426
0.018 -0.093 -0.389
0.018 -0.093 -0.352
0.018 -0.093 -0.315
0.018 -0.093 -0.278
0.018 -0.093 -0.241
0.018 -0.093 -0.204
0.018 -0.093 -0.167
0.018 -0.093 -0.130
0.018 -0.093 -0.093
0.018 -0.093 -0.056
0.018 -0.093 -0.019
0.018 -0.093 0.018
0.018 -0.093 0.055
0.018 -0.093 0.092
0.018 -0.093 0.129
0.018 -0.093 0.166
0.018 -0.093 0.203
0.018 -0.093 0.240
0.018 -0.093 0.277
0.018 -0.093 0.314
0.018 -0.093 0.351
0.018 -0.093 0.388
0.018 -0.093 0.425
0.018 -0.093 0.462
0.018 -0.093 0.499
0.018 -0.056 -0.500
0.018 -0.056 -0.463
0.018 -0.056 -0.426
0.018 -0.056 -0.389
0.018 -0.056 -0.352
0.018 -0.056 -0.315
0.018 -0.056 -0.278
0.018 -0.056 -0.241
0.018 -0.056 -0.204
0.018 -0.056 -0.167
0.018 -0.056 -0.130
0.018 -0.056 -0.093
0.018 -0.056 -0.056
0.018 -0.056 -0.019
0.018 -0.056 0.018
0.018 -0.056 0.055
0.018 -0.056 0.092
0.018 -0.056 0.129
0.018 -0.056 0.166
0.018 -0.056 0.203
0.018 -0.056 0.240
0.018 -0.056 0.277
0.018 -0.056 0.314
0.018 -0.056 0.351
0.018 -0.056 0.388
0.018 -0.056 0.425
0.018 -0.056 0.462
0.018 -0.056 0.499
0.018 -0.019 -0.500
0.018 -0.019 -0.463
0.018 -0.019 -0.426
0.018 -0.019 -0.389
0.018 -0.019 -0.352
0.018 -0.019 -0.315
0.018 -0.019 -0.278
0.018 -0.019 -0.241
0.018 -0.019 -0.204
0.018 -0.019 -0.167
0.018 -0.019 -0.130
0.018 -0.019 -0.093
0.018 -0.019 -0.056
0.018 -0.019 -0.019
0.018 -0.019 0.018
0.018 -0.019 0.055
0.018 -0.019 0.092
0.018 -0.019 0.129
0.018 -0.019 0.166
0.018 -0.019 0.203
0.018 -0.019 0.240
0.018 -0.019 0.277
0.018 -0.019 0.314
0.018 -0.019 0.351
0.018 -0.019 0.388
0.018 -0.019 0.425
0.018 -0.019 0.462
0.018 -0.019 0.499
0.018 0.018 -0.500
0.018 0.018 -0.463
0.018 0.018 -0.426
0.018 0.018 -0.389
0.018 0.018 -0.352
0.018 0.018 -0.315
0.018 0.018 -0.278
0.018 0.018 -0.241
0.018 0.018 -0.204
0.018 0.018 -0.167
0.018 0.018 -0.130
0.018 0.018 -0.093
0.018 0.018 -0.056
0.018 0.018 -0.019
0.018 0.018 0.018
0.018 0.018 0.055
0.018 0.018 0.092
0.018 0.018 0.129
0.018 0.018 0.166
0.018 0.018 0.203
0.018 0.018 0.240
0.018 0.018 0.277
0.018 0.018 0.314
0.018 0.018 0.351
0.018 0.018 0.388
0.018 0.018 0.425
0.018 0.018 0.462
0.018 0.018 0.499
0.018 0.055 -0.500
0.018 0.055 -0.463
0.018 0.055 -0.426
0.018 0.055 -0.389
0.018 0.055 -0.352
0.018 0.055 -0.315
0.018 0.055 -0.278
0.018 0.055 -0.241
0.018 0.055 -0.204
0.018 0.055 -0.167
0.018 0.055 -0.130
0.018 0.055 -0.093
0.018 0.055 -0.056
0.018 0.055 -0.019
0.018 0.055 0.018
0.018 0.055 0.055
0.018 0.055 0.092
0.018 0.055 0.129
0.018 0.055 0.166
0.018 0.055 0.203
0.018 0.055 0.240
0.018 0.055 0.277
0.018 0.055 0.314
0.018 0.055 0.351
0.018 0.055 0.388
0.018 0.055 0.425
0.018 0.055 0.462
0.018 0.055 0.499
0.018 0.092 -0.500
0.018 0.092 -0.463
0.018 0.092 -0.426
0.018 0.092 -0.389
0.018 0.092 -0.352
0.018 0.092 -0.315
0.018 0.092 -0.278
0.018 0.092 -0.241
0.018 0.092 -0.204
0.018 0.092 -0.167
0.018 0.092 -0.130
0.018 0.092 -0.093
0.018 0.092 -0.056
0.018 0.092 -0.019
0.018 0.092 0.018
0.018 0.092 0.055
0.018 0.092 0.092
0.018 0.092 0.129
0.018 0.092 0.166
0.018 0.092 0.203
0.018 0.092 0.240
0.018 0.092 0.277
0.018 0.092 0.314
0.018 0.092 0.351
0.018 0.092 0.388
0.018 0.092 0.425
0.018 0.092 0.462
0.018 0.092 0.499
0.018 0.129 -0.500
0.018 0.129 -0.463
0.018 0.129 -0.426
0.018 0.129 -0.389
0.018 0.129 -0.352
0.018 0.129 -0.315
0.018 0.129 -0.278
0.018 0.129 -0.241
0.018 0.129 -0.204
0.018 0.129 -0.167
0.018 0.129 -0.130
0.018 0.129 -0.093
0.018 0.129 -0.056
0.018 0.129 -0.019
0.018 0.129 0.018
0.018 0.129 0.055
0.018 0.129 0.092
0.018 0.129 0.129
0.018 0.129 0.166
0.018 0.129 0.203
0.018 0.129 0.240
0.018 0.129 0.277
0.018 0.129 0.314
0.018 0.129 0.351
0.018 0.129 0.388
0.018 0.129 0.425
0.018 0.129 0.462
0.018 0.129 0.499
0.018 0.166 -0.500
0.018 0.166 -0.463
0.018 0.166 -0.426
0.018 0.166 -0.389
0.018 0.166 -0.352
0.018 0.166 -0.315
0.018 0.166 -0.278
0.018 0.166 -0.241
0.018 0.166 -0.204
0.018 0.166 -0.167
0.018 0.166 -0.130
0.018 0.166 -0.093
0.018 0.166 -0.056
0.018 0.166 -0.019
0.018 0.166 0.018
0.018 0.166 0.055
0.018 0.166 0.092
0.018 0.166 0.129
0.018 0.166 0.166
0.018 0.166 0.203
0.018 0.166 0.240
0.018 0.166 0.277
0.018 0.166 0.314
0.018 0.166 0.351
0.018 0.166 0.388
0.018 0.166 0.425
0.018 0.166 0.462
0.018 0.166 0.499
0.018 0.203 -0.500
0.018 0.203 -0.463
0.018 0.203 -0.426
0.018 0.203 -0.389
0.018 0.203 -0.352
0.018 0.203 -0.315
0.018 0.203 -0.278
0.018 0.203 -0.241
0.018 0.203 -0.204
0.018 0.203 -0.167
0.018 0.203 -0.130
0.018 0.203 -0.093
0.018 0.203 -0.056
0.018 0.203 -0.019
0.018 0.203 0.018
0.018 0.203 0.055
0.018 0.203 0.092
0.018 0.203 0.129
0.018 0.203 0.166
0.018 0.203 0.203
0.018 0.203 0.240
0.018 0.203 0.277
0.018 0.203 0.314
0.018 0.203 0.351
0.018 0.203 0.388
0.018 0.203 0.425
0.018 0.203 0.462
0.018 0.203 0.499
0.018 0.240 -0.500
0.018 0.240 -0.463
0.018 0.240 -0.426
0.018 0.240 -0.389
0.018 0.240 -0.352
0.018 0.240 -0.315
0.018 0.240 -0.278
0.018 0.240 -0.241
0.018 0.240 -0.204
0.018 0.240 -0.167
0.018 0.240 -0.130
0.018 0.240 -0.093
0.018 0.240 -0.056
0.018 0.240 -0.019
0.018 0.240 0.018
0.018 0.240 0.055
0.018 0.240 0.092
0.018 0.240 0.129
0.018 0.240 0.166
0.018 0.240 0.203
0.018 0.240 0.240
0.018 0.240 0.277
0.018 0.240 0.314
0.018 0.240 0.351
0.018 0.240 0.388
0.018 0.240 0.425
0.018 0.240 0.462
0.018 0.240 0.499
0.018 0.277 -0.500
0.018 0.277 -0.463
0.018 0.277 -0.426
0.018 0.277 -0.389
0.018 0.277 -0.352
0.018 0.277 -0.315
0.018 0.277 -0.278
0.018 0.277 -0.241
0.018 0.277 -0.204
0.018 0.277 -0.167
0.018 0.277 -0.130
0.018 0.277 -0.093
0.018 0.277 -0.056
0.018 0.277 -0.019
0.018 0.277 0.018
0.018 0.277 0.055
0.018 0.277 0.092
0.018 0.277 0.129
0.018 0.277 0.166
0.018 0.277 0.203
0.018 0.277 0.240
0.018 0.277 0.277
0.018 0.277 0.314
0.018 0.277 0.351
0.018 0.277 0.388
0.018 0.277 0.425
0.018 0.277 0.462
0.018 0.277 0.499
0.018 0.314 -0.500
0.018 0.314 -0.463
0.018 0.314 -0.426
0.018 0.314 -0.389
0.018 0.314 -0.352
0.018 0.314 -0.315
0.018 0.314 -0.278
0.018 0.314 -0.241
0.018 0.314 -0.204
0.018 0.314 -0.167
0.018 0.314 -0.130
0.018 0.314 -0.093
0.018 0.314 -0.056
0.018 0.314 -0.019
0.018 0.314 0.018
0.018 0.314 0.055
0.018 0.314 0.092
0.018 0.314 0.129
0.018 0.314 0.166
0.018 0.314 0.203
0.018 0.314 0.240
0.018 0.314 0.277
0.018 0.314 0.314
0.018 0.314 0.351
0.018 0.314 0.388
0.018 0.314 0.425
0.018 0.314 0.462
0.018 0.314 0.499
0.018 0.351 -0.500
0.018 0.351 -0.463
0.018 0.351 -0.426
0.018 0.351 -0.389
0.018 0.351 -0.352
0.018 0.351 -0.315
0.018 0.351 -0.278
0.018 0.351 -0.241
0.018 0.351 -0.204
0.018 0.351 -0.167
0.018 0.351 -0.130
0.018 0.351 -0.093
0.018 0.351 -0.056
0.018 0.351 -0.019
0.018 0.351 0.018
0.018 0.351 0.055
0.018 0.351 0.092
0.018 0.351 0.129
0.018 0.351 0.166
0.018 0.351 0.203
0.018 0.351 0.240
0.018 0.351 0.277
0.018 0.351 0.314
0.018 0.351 0.351
0.018 0.351 0.388
0.018 0.351 0.425
0.018 0.351 0.462
0.018 0.351 0.499
0.018 0.388 -0.500
0.018 0.388 -0.463
0.018 0.388 -0.426
0.018 0.388 -0.389
0.018 0.388 -0.352
0.018 0.388 -0.315
0.018 0.388 -0.278
0.018 0.388 -0.241
0.018 0.388 -0.204
0.018 0.388 -0.167
0.018 0.388 -0.130
0.018 0.388 -0.093
0.018 0.388 -0.056
0.018 0.388 -0.019
0.018 0.388 0.018
0.018 0.388 0.055
0.018 0.388 0.092
0.018 0.388 0.129
0.018 0.388 0.166
0.018 0.388 0.203
0.018 0.388 0.240
0.018 0.388 0.277
0.018 0.388 0.314
0.018 0.388 0.351
0.018 0.388 0.388
0.018 0.388 0.425
0.018 0.388 0.462
0.018 0.388 0.499
0.018 0.425 -0.500
0.018 0.425 -0.463
0.018 0.425 -0.426
0.018 0.425 -0.389
0.018 0.425 -0.352
0.018 0.425 -0.315
0.018 0.425 -0.278
0.018 0.425 -0.241
0.018 0.425 -0.204
0.018 0.425 -0.167
0.018 0.425 -0.130
0.018 0.425 -0.093
0.018 0.425 -0.056
0.018 0.425 -0.019
0.018 0.425 0.018
0.018 0.425 0.055
0.018 0.425 0.092
0.018 0.425 0.129
0.018 0.425 0.166
0.018 0.425 0.203
0.018 0.425 0.240
0.018 0.425 0.277
0.018 0.425 0.314
0.018 0.425 0.351
0.018 0.425 0.388
0.018 0.425 0.425
0.018 0.425 0.462
0.018 0.425 0.499
0.018 0.462 -0.500
0.018 0.462 -0.463
0.018 0.462 -0.426
0.018 0.462 -0.389
0.018 0.462 -0.352
0.018 0.462 -0.315
0.018 0.462 -0.278
0.018 0.462 -0.241
0.018 0.462 -0.204
0.018 0.462 -0.167
0.018 0.462 -0.130
0.018 0.462 -0.093
0.018 0.462 -0.056
0.018 0.462 -0.019
0.018 0.462 0.018
0.018 0.462 0.055
0.018 0.462 0.092
0.018 0.462 0.129
0.018 0.462 0.166
0.018 0.462 0.203
0.018 0.462 0.240
0.018 0.462 0.277
0.018 0.462 0.314
0.018 0.462 0.351
0.018 0.462 0.388
0.018 0.462 0.425
0.018 0.462 0.462
0.018 0.462 0.499
0.018 0.499 -0.500
0.018 0.499 -0.463
0.018 0.499 -0.426
0.018 0.499 -0.389
0.018 0.499 -0.352
0.018 0.499 -0.315
0.018 0.499 -0.278
0.018 0.499 -0.241
0.018 0.499 -0.204
0.018 0.499 -0.167
0.018 0.499 -0.130
0.018 0.499 -0.093
0.018 0.499 -0.056
0.018 0.499 -0.019
0.018 0.499 0.018
0.018 0.499 0.055
0.018 0.499 0.092
0.018 0.499 0.129
0.018 0.499 0.166
0.018 0.499 0.203
0.018 0.499 0.240
0.018 0.499 0.277
0.018 0.499 0.314
0.018 0.499 0.351
0.018 0.499 0.388
0.018 0.499 0.425
0.018 0.499 0.462
0.018 0.499 0.499
0.055 -0.500 -0.500
0.055 -0.500 -0.463
0.055 -0.500 -0.426
0.055 -0.500 -0.389
0.055 -0.500 -0.352
0.055 -0.500 -0.315
0.055 -0.500 -0.278
0.055 -0.500 -0.241
0.055 -0.500 -0.204
0.055 -0.500 -0.167
0.055 -0.500 -0.130
0.055 -0.500 -0.093
0.055 -0.500 -0.056
0.055 -0.500 -0.019
0.055 -0.500 0.018
0.055 -0.500 0.055
0.055 -0.500 0.092
0.055 -0.500 0.129
0.055 -0.500 0.166
0.055 -0.500 0.203
0.055 -0.500 0.240
0.055 -0.500 0.277
0.055 -0.500 0.314
0.055 -0.500 0.351
0.055 -0.500 0.388
0.055 -0.500 0.425
0.055 -0.500 0.462
0.055 -0.500 0.499
0.055 -0.463 -0.500
0.055 -0.463 -0.463
0.055 -0.463 -0.426
0.055 -0.463 -0.389
0.055 -0.463 -0.352
0.055 -0.463 -0.315
0.055 -0.463 -0.278
0.055 -0.463 -0.241
0.055 -0.463 -0.204
0.055 -0.463 -0.167
0.055 -0.463 -0.130
0.055 -0.463 -0.093
0.055 -0.463 -0.056
0.055 -0.463 -0.019
0.055 -0.463 0.018
0.055 -0.463 0.055
0.055 -0.463 0.092
0.055 -0.463 0.129
0.055 -0.463 0.166
0.055 -0.463 0.203
0.055 -0.463 0.240
0.055 -0.463 0.277
0.055 -0.463 0.314
0.055 -0.463 0.351
0.055 -0.463 0.388
0.055 -0.463 0.425
0.055 -0.463 0.462
0.055 -0.463 0.499
0.055 -0.426 -0.500
0.055 -0.426 -0.463
0.055 -0.426 -0.426
0.055 -0.426 -0.389
0.055 -0.426 -0.352
0.055 -0.426 -0.315
0.055 -0.426 -0.278
0.055 -0.426 -0.241
0.055 -0.426 -0.204
0.055 -0.426 -0.167
0.055 -0.426 -0.130
0.055 -0.426 -0.093
0.055 -0.426 -0.056
0.055 -0.426 -0.019
0.055 -0.426 0.018
0.055 -0.426 0.055
0.055 -0.426 0.092
0.055 -0.426 0.129
0.055 -0.426 0.166
0.055 -0.426 0.203
0.055 -0.426 0.240
0.055 -0.426 0.277
0.055 -0.426 0.314
0.055 -0.426 0.351
0.055 -0.426 0.388
0.055 -0.426 0.425
0.055 -0.426 0.462
0.055 -0.426 0.499
0.055 -0.389 -0.500
0.055 -0.389 -0.463
0.055 -0.389 -0.426
0.055 -0.389 -0.389
0.055 -0.389 -0.352
0.055 -0.389 -0.315
0.055 -0.389 -0.278
0.055 -0.389 -0.241
0.055 -0.389 -0.204
0.055 -0.389 -0.167
0.055 -0.389 -0.130
0.055 -0.389 -0.093
0.055 -0.389 -0.056
0.055 -0.389 -0.019
0.055 -0.389 0.018
0.055 -0.389 0.055
0.055 -0.389 0.092
0.055 -0.389 0.129
0.055 -0.389 0.166
0.055 -0.389 0.203
0.055 -0.389 0.240
0.055 -0.389 0.277
0.055 -0.389 0.314
0.055 -0.389 0.351
0.055 -0.389 0.388
0.055 -0.389 0.425
0.055 -0.389 0.462
0.055 -0.389 0.499
0.055 -0.352 -0.500
0.055 -0.352 -0.463
0.055 -0.352 -0.426
0.055 -0.352 -0.389
0.055 -0.352 -0.352
0.055 -0.352 -0.315
0.055 -0.352 -0.278
0.055 -0.352 -0.241
0.055 -0.352 -0.204
0.055 -0.352 -0.167
0.055 -0.352 -0.130
0.055 -0.352 -0.093
0.055 -0.352 -0.056
0.055 -0.352 -0.019
0.055 -0.352 0.018
0.055 -0.352 0.055
0.055 -0.352 0.092
0.055 -0.352 0.129
0.055 -0.352 0.166
0.055 -0.352 0.203
0.055 -0.352 0.240
0.055 -0.352 0.277
0.055 -0.352 0.314
0.055 -0.352 0.351
0.055 -0.352 0.388
0.055 -0.352 0.425
0.055 -0.352 0.462
0.055 -0.352 0.499
0.055 -0.315 -0.500
0.055 -0.315 -0.463
0.055 -0.315 -0.426
0.055 -0.315 -0.389
0.055 -0.315 -0.352
0.055 -0.315 -0.315
0.055 -0.315 -0.278
0.055 -0.315 -0.241
0.055 -0.315 -0.204
0.055 -0.315 -0.167
0.055 -0.315 -0.130
0.055 -0.315 -0.093
0.055 -0.315 -0.056
0.055 -0.315 -0.019
0.055 -0.315 0.018
0.055 -0.315 0.055
0.055 -0.315 0.092
0.055 -0.315 0.129
0.055 -0.315 0.166
0.055 -0.315 0.203
0.055 -0.315 0.240
0.055 -0.315 0.277
0.055 -0.315 0.314
0.055 -0.315 0.351
0.055 -0.315 0.388
0.055 -0.315 0.425
0.055 -0.315 0.462
0.055 -0.315 0.499
0.055 -0.278 -0.500
0.055 -0.278 -0.463
0.055 -0.278 -0.426
0.055 -0.278 -0.389
0.055 -0.278 -0.352
0.055 -0.278 -0.315
0.055 -0.278 -0.278
0.055 -0.278 -0.241
0.055 -0.278 -0.204
0.055 -0.278 -0.167
0.055 -0.278 -0.130
0.055 -0.278 -0.093
0.055 -0.278 -0.056
0.055 -0.278 -0.019
0.055 -0.278 0.018
0.055 -0.278 0.055
0.055 -0.278 0.092
0.055 -0.278 0.129
0.055 -0.278 0.166
0.055 -0.278 0.203
0.055 -0.278 0.240
0.055 -0.278 0.277
0.055 -0.278 0.314
0.055 -0.278 0.351
0.055 -0.278 0.388
0.055 -0.278 0.425
0.055 -0.278 0.462
0.055 -0.278 0.499
0.055 -0.241 -0.500
0.055 -0.241 -0.463
0.055 -0.241 -0.426
0.055 -0.241 -0.389
0.055 -0.241 -0.352
0.055 -0.241 -0.315
0.055 -0.241 -0.278
0.055 -0.241 -0.241
0.055 -0.241 -0.204
0.055 -0.241 -0.167
0.055 -0.241 -0.130
0.055 -0.241 -0.093
0.055 -0.241 -0.056
0.055 -0.241 -0.019
0.055 -0.241 0.018
0.055 -0.241 0.055
0.055 -0.241 0.092
0.055 -0.241 0.129
0.055 -0.241 0.166
0.055 -0.241 0.203
0.055 -0.241 0.240
0.055 -0.241 0.277
0.055 -0.241 0.314
0.055 -0.241 0.351
0.055 -0.241 0.388
0.055 -0.241 0.425
0.055 -0.241 0.462
0.055 -0.241 0.499
0.055 -0.204 -0.500
0.055 -0.204 -0.463
0.055 -0.204 -0.426
0.055 -0.204 -0.389
0.055 -0.204 -0.352
0.055 -0.204 -0.315
0.055 -0.204 -0.278
0.055 -0.204 -0.241
0.055 -0.204 -0.204
0.055 -0.204 -0.167
0.055 -0.204 -0.130
0.055 -0.204 -0.093
0.055 -0.204 -0.056
0.055 -0.204 -0.019
0.055 -0.204 0.018
0.055 -0.204 0.055
0.055 -0.204 0.092
0.055 -0.204 0.129
0.055 -0.204 0.166
0.055 -0.204 0.203
0.055 -0.204 0.240
0.055 -0.204 0.277
0.055 -0.204 0.314
0.055 -0.204 0.351
0.055 -0.204 0.388
0.055 -0.204 0.425
0.055 -0.204 0.462
0.055 -0.204 0.499
0.055 -0.167 -0.500
0.055 -0.167 -0.463
0.055 -0.167 -0.426
0.055 -0.167 -0.389
0.055 -0.167 -0.352
0.055 -0.167 -0.315
0.055 -0.167 -0.278
0.055 -0.167 -0.241
0.055 -0.167 -0.204
0.055 -0.167 -0.167
0.055 -0.167 -0.130
0.055 -0.167 -0.093
0.055 -0.167 -0.056
0.055 -0.167 -0.019
0.055 -0.167 0.018
0.055 -0.167 0.055
0.055 -0.167 0.092
0.055 -0.167 0.129
0.055 -0.167 0.166
0.055 -0.167 0.203
0.055 -0.167 0.240
0.055 -0.167 0.277
0.055 -0.167 0.314
0.055 -0.167 0.351
0.055 -0.167 0.388
0.055 -0.167 0.425
0.055 -0.167 0.462
0.055 -0.167 0.499
0.055 -0.130 -0.500
0.055 -0.130 -0.463
0.055 -0.130 -0.426
0.055 -0.130 -0.389
0.055 -0.130 -0.352
0.055 -0.130 -0.315
0.055 -0.130 -0.278
0.055 -0.130 -0.241
0.055 -0.130 -0.204
0.055 -0.130 -0.167
0.055 -0.130 -0.130
0.055 -0.130 -0.093
0.055 -0.130 -0.056
0.055 -0.130 -0.019
0.055 -0.130 0.018
0.055 -0.130 0.055
0.055 -0.130 0.092
0.055 -0.130 0.129
0.055 -0.130 0.166
0.055 -0.130 0.203
0.055 -0.130 0.240
0.055 -0.130 0.277
0.055 -0.130 0.314
0.055 -0.130 0.351
0.055 -0.130 0.388
0.055 -0.130 0.425
0.055 -0.130 0.462
0.055 -0.130 0.499
0.055 -0.093 -0.500
0.055 -0.093 -0.463
0.055 -0.093 -0.426
0.055 -0.093 -0.389
0.055 -0.093 -0.352
0.055 -0.093 -0.315
0.055 -0.093 -0.278
0.055 -0.093 -0.241
0.055 -0.093 -0.204
0.055 -0.093 -0.167
0.055 -0.093 -0.130
0.055 -0.093 -0.093
0.055 -0.093 -0.056
0.055 -0.093 -0.019
0.055 -0.093 0.018
0.055 -0.093 0.055
0.055 -0.093 0.092
0.055 -0.093 0.129
0.055 -0.093 0.166
0.055 -0.093 0.203
0.055 -0.093 0.240
0.055 -0.093 0.277
0.055 -0.093 0.314
0.055 -0.093 0.351
0.055 -0.093 0.388
0.055 -0.093 0.425
0.055 -0.093 0.462
0.055 -0.093 0.499
0.055 -0.056 -0.500
0.055 -0.056 -0.463
0.055 -0.056 -0.426
0.055 -0.056 -0.389
0.055 -0.056 -0.352
0.055 -0.056 -0.315
0.055 -0.056 -0.278
0.055 -0.056 -0.241
0.055 -0.056 -0.204
0.055 -0.056 -0.167
0.055 -0.056 -0.130
0.055 -0.056 -0.093
0.055 -0.056 -0.056
0.055 -0.056 -0.019
0.055 -0.056 0.018
0.055 -0.056 0.055
0.055 -0.056 0.092
0.055 -0.056 0.129
0.055 -0.056 0.166
0.055 -0.056 0.203
0.055 -0.056 0.240
0.055 -0.056 0.277
0.055 -0.056 0.314
0.055 -0.056 0.351
0.055 -0.056 0.388
0.055 -0.056 0.425
0.055 -0.056 0.462
0.055 -0.056 0.499
0.055 -0.019 -0.500
0.055 -0.019 -0.463
0.055 -0.019 -0.426
0.055 -0.019 -0.389
0.055 -0.019 -0.352
0.055 -0.019 -0.315
0.055 -0.019 -0.278
0.055 -0.019 -0.241
0.055 -0.019 -0.204
0.055 -0.019 -0.167
0.055 -0.019 -0.130
0.055 -0.019 -0.093
0.055 -0.019 -0.056
0.055 -0.019 -0.019
0.055 -0.019 0.018
0.055 -0.019 0.055
0.055 -0.019 0.092
0.055 -0.019 0.129
0.055 -0.019 0.166
0.055 -0.019 0.203
0.055 -0.019 0.240
0.055 -0.019 0.277
0.055 -0.019 0.314
0.055 -0.019 0.351
0.055 -0.019 0.388
0.055 -0.019 0.425
0.055 -0.019 0.462
0.055 -0.019 0.499
0.055 0.018 -0.500
0.055 0.018 -0.463
0.055 0.018 -0.426
0.055 0.018 -0.389
0.055 0.018 -0.352
0.055 0.018 -0.315
0.055 0.018 -0.278
0.055 0.018 -0.241
0.055 0.018 -0.204
0.055 0.018 -0.167
0.055 0.018 -0.130
0.055 0.018 -0.093
0.055 0.018 -0.056
0.055 0.018 -0.019
0.055 0.018 0.018
0.055 0.018 0.055
0.055 0.018 0.092
0.055 0.018 0.129
0.055 0.018 0.166
0.055 0.018 0.203
0.055 0.018 0.240
0.055 0.018 0.277
0.055 0.018 0.314
0.055 0.018 0.351
0.055 0.018 0.388
0.055 0.018 0.425
0.055 0.018 0.462
0.055 0.018 0.499
0.055 0.055 -0.500
0.055 0.055 -0.463
0.055 0.055 -0.426
0.055 0.055 -0.389
0.055 0.055 -0.352
0.055 0.055 -0.315
0.055 0.055 -0.278
0.055 0.055 -0.241
0.055 0.055 -0.204
0.055 0.055 -0.167
0.055 0.055 -0.130
0.055 0.055 -0.093
0.055 0.055 -0.056
0.055 0.055 -0.019
0.055 0.055 0.018
0.055 0.055 0.055
0.055 0.055 0.092
0.055 0.055 0.129
0.055 0.055 0.166
0.055 0.055 0.203
0.055 0.055 0.240
0.055 0.055 0.277
0.055 0.055 0.314
0.055 0.055 0.351
0.055 0.055 0.388
0.055 0.055 0.425
0.055 0.055 0.462
0.055 0.055 0.499
0.055 0.092 -0.500
0.055 0.092 -0.463
0.055 0.092 -0.426
0.055 0.092 -0.389
0.055 0.092 -0.352
0.055 0.092 -0.315
0.055 0.092 -0.278
0.055 0.092 -0.241
0.055 0.092 -0.204
0.055 0.092 -0.167
0.055 0.092 -0.130
0.055 0.092 -0.093
0.055 0.092 -0.056
0.055 0.092 -0.019
0.055 0.092 0.018
0.055 0.092 0.055
0.055 0.092 0.092
0.055 0.092 0.129
0.055 0.092 0.166
0.055 0.092 0.203
0.055 0.092 0.240
0.055 0.092 0.277
0.055 0.092 0.314
0.055 0.092 0.351
0.055 0.092 0.388
0.055 0.092 0.425
0.055 0.092 0.462
0.055 0.092 0.499
0.055 0.129 -0.500
0.055 0.129 -0.463
0.055 0.129 -0.426
0.055 0.129 -0.389
0.055 0.129 -0.352
0.055 0.129 -0.315
0.055 0.129 -0.278
0.055 0.129 -0.241
0.055 0.129 -0.204
0.055 0.129 -0.167
0.055 0.129 -0.130
0.055 0.129 -0.093
0.055 0.129 -0.056
0.055 0.129 -0.019
0.055 0.129 0.018
0.055 0.129 0.055
0.055 0.129 0.092
0.055 0.129 0.129
0.055 0.129 0.166
0.055 0.129 0.203
0.055 0.129 0.240
0.055 0.129 0.277
0.055 0.129 0.314
0.055 0.129 0.351
0.055 0.129 0.388
0.055 0.129 0.425
0.055 0.129 0.462
0.055 0.129 0.499
0.055 0.166 -0.500
0.055 0.166 -0.463
0.055 0.166 -0.426
0.055 0.166 -0.389
0.055 0.166 -0.352
0.055 0.166 -0.315
0.055 0.166 -0.278
0.055 0.166 -0.241
0.055 0.166 -0.204
0.055 0.166 -0.167
0.055 0.166 -0.130
0.055 0.166 -0.093
0.055 0.166 -0.056
0.055 0.166 -0.019
0.055 0.166 0.018
0.055 0.166 0.055
0.055 0.166 0.092
0.055 0.166 0.129
0.055 0.166 0.166
0.055 0.166 0.203
0.055 0.166 0.240
0.055 0.166 0.277
0.055 0.166 0.314
0.055 0.166 0.351
0.055 0.166 0.388
0.055 0.166 0.425
0.055 0.166 0.462
0.055 0.166 0.499
0.055 0.203 -0.500
0.055 0.203 -0.463
0.055 0.203 -0.426
0.055 0.203 -0.389
0.055 0.203 -0.352
0.055 0.203 -0.315
0.055 0.203 -0.278
0.055 0.203 -0.241
0.055 0.203 -0.204
0.055 0.203 -0.167
0.055 0.203 -0.130
0.055 0.203 -0.093
0.055 0.203 -0.056
0.055 0.203 -0.019
0.055 0.203 0.018
0.055 0.203 0.055
0.055 0.203 0.092
0.055 0.203 0.129
0.055 0.203 0.166
0.055 0.203 0.203
0.055 0.203 0.240
0.055 0.203 0.277
0.055 0.203 0.314
0.055 0.203 0.351
0.055 0.203 0.388
0.055 0.203 0.425
0.055 0.203 0.462
0.055 0.203 0.499
0.055 0.240 -0.500
0.055 0.240 -0.463
0.055 0.240 -0.426
0.055 0.240 -0.389
0.055 0.240 -0.352
0.055 0.240 -0.315
0.055 0.240 -0.278
0.055 0.240 -0.241
0.055 0.240 -0.204
0.055 0.240 -0.167
0.055 0.240 -0.130
0.055 0.240 -0.093
0.055 0.240 -0.056
0.055 0.240 -0.019
0.055 0.240 0.018
0.055 0.240 0.055
0.055 0.240 0.092
0.055 0.240 0.129
0.055 0.240 0.166
0.055 0.240 0.203
0.055 0.240 0.240
0.055 0.240 0.277
0.055 0.240 0.314
0.055 0.240 0.351
0.055 0.240 0.388
0.055 0.240 0.425
0.055 0.240 0.462
0.055 0.240 0.499
0.055 0.277 -0.500
0.055 0.277 -0.463
0.055 0.277 -0.426
0.055 0.277 -0.389
0.055 0.277 -0.352
0.055 0.277 -0.315
0.055 0.277 -0.278
0.055 0.277 -0.241
0.055 0.277 -0.204
0.055 0.277 -0.167
0.055 0.277 -0.130
0.055 0.277 -0.093
0.055 0.277 -0.056
0.055 0.277 -0.019
0.055 0.277 0.018
0.055 0.277 0.055
0.055 0.277 0.092
0.055 0.277 0.129
0.055 0.277 0.166
0.055 0.277 0.203
0.055 0.277 0.240
0.055 0.277 0.277
0.055 0.277 0.314
0.055 0.277 0.351
0.055 0.277 0.388
0.055 0.277 0.425
0.055 0.277 0.462
0.055 0.277 0.499
0.055 0.314 -0.500
0.055 0.314 -0.463
0.055 0.314 -0.426
0.055 0.314 -0.389
0.055 0.314 -0.352
0.055 0.314 -0.315
0.055 0.314 -0.278
0.055 0.314 -0.241
0.055 0.314 -0.204
0.055 0.314 -0.167
0.055 0.314 -0.130
0.055 0.314 -0.093
0.055 0.314 -0.056
0.055 0.314 -0.019
0.055 0.314 0.018
0.055 0.314 0.055
0.055 0.314 0.092
0.055 0.314 0.129
0.055 0.314 0.166
0.055 0.314 0.203
0.055 0.314 0.240
0.055 0.314 0.277
0.055 0.314 0.314
0.055 0.314 0.351
0.055 0.314 0.388
0.055 0.314 0.425
0.055 0.314 0.462
0.055 0.314 0.499
0.055 0.351 -0.500
0.055 0.351 -0.463
0.055 0.351 -0.426
0.055 0.351 -0.389
0.055 0.351 -0.352
0.055 0.351 -0.315
0.055 0.351 -0.278
0.055 0.351 -0.241
0.055 0.351 -0.204
0.055 0.351 -0.167
0.055 0.351 -0.130
0.055 0.351 -0.093
0.055 0.351 -0.056
0.055 0.351 -0.019
0.055 0.351 0.018
0.055 0.351 0.055
0.055 0.351 0.092
0.055 0.351 0.129
0.055 0.351 0.166
0.055 0.351 0.203
0.055 0.351 0.240
0.055 0.351 0.277
0.055 0.351 0.314
0.055 0.351 0.351
0.055 0.351 0.388
0.055 0.351 0.425
0.055 0.351 0.462
0.055 0.351 0.499
0.055 0.388 -0.500
0.055 0.388 -0.463
0.055 0.388 -0.426
0.055 0.388 -0.389
0.055 0.388 -0.352
0.055 0.388 -0.315
0.055 0.388 -0.278
0.055 0.388 -0.241
0.055 0.388 -0.204
0.055 0.388 -0.167
0.055 0.388 -0.130
0.055 0.388 -0.093
0.055 0.388 -0.056
0.055 0.388 -0.019
0.055 0.388 0.018
0.055 0.388 0.055
0.055 0.388 0.092
0.055 0.388 0.129
0.055 0.388 0.166
0.055 0.388 0.203
0.055 0.388 0.240
0.055 0.388 0.277
0.055 0.388 0.314
0.055 0.388 0.351
0.055 0.388 0.388
0.055 0.388 0.425
0.055 0.388 0.462
0.055 0.388 0.499
0.055 0.425 -0.500
0.055 0.425 -0.463
0.055 0.425 -0.426
0.055 0.425 -0.389
0.055 0.425 -0.352
0.055 0.425 -0.315
0.055 0.425 -0.278
0.055 0.425 -0.241
0.055 0.425 -0.204
0.055 0.425 -0.167
0.055 0.425 -0.130
0.055 0.425 -0.093
0.055 0.425 -0.056
0.055 0.425 -0.019
0.055 0.425 0.018
0.055 0.425 0.055
0.055 0.425 0.092
0.055 0.425 0.129
0.055 0.425 0.166
0.055 0.425 0.203
0.055 0.425 0.240
0.055 0.425 0.277
0.055 0.425 0.314
0.055 0.425 0.351
0.055 0.425 0.388
0.055 0.425 0.425
0.055 0.425 0.462
0.055 0.425 0.499
0.055 0.462 -0.500
0.055 0.462 -0.463
0.055 0.462 -0.426
0.055 0.462 -0.389
0.055 0.462 -0.352
0.055 0.462 -0.315
0.055 0.462 -0.278
0.055 0.462 -0.241
0.055 0.462 -0.204
0.055 0.462 -0.167
0.055 0.462 -0.130
0.055 0.462 -0.093
0.055 0.462 -0.056
0.055 0.462 -0.019
0.055 0.462 0.018
0.055 0.462 0.055
0.055 0.462 0.092
0.055 0.462 0.129
0.055 0.462 0.166
0.055 0.462 0.203
0.055 0.462 0.240
0.055 0.462 0.277
0.055 0.462 0.314
0.055 0.462 0.351
0.055 0.462 0.388
0.055 0.462 0.425
0.055 0.462 0.462
0.055 0.462 0.499
0.055 0.499 -0.500
0.055 0.499 -0.463
0.055 0.499 -0.426
0.055 0.499 -0.389
0.055 0.499 -0.352
0.055 0.499 -0.315
0.055 0.499 -0.278
0.055 0.499 -0.241
0.055 0.499 -0.204
0.055 0.499 -0.167
0.055 0.499 -0.130
0.055 0.499 -0.093
0.055 0.499 -0.056
0.055 0.499 -0.019
0.055 0.499 0.018
0.055 0.499 0.055
0.055 0.499 0.092
0.055 0.499 0.129
0.055 0.499 0.166
0.055 0.499 0.203
0.055 0.499 0.240
0.055 0.499 0.277
0.055 0.499 0.314
0.055 0.499 0.351
0.055 0.499 0.388
0.055 0.499 0.425
0.055 0.499 0.462
0.055 0.499 0.499
0.092 -0.500 -0.500
0.092 -0.500 -0.463
0.092 -0.500 -0.426
0.092 -0.500 -0.389
0.092 -0.500 -0.352
0.092 -0.500 -0.315
0.092 -0.500 -0.278
0.092 -0.500 -0.241
0.092 -0.500 -0.204
0.092 -0.500 -0.167
0.092 -0.500 -0.130
0.092 -0.500 -0.093
0.092 -0.500 -0.056
0.092 -0.500 -0.019
0.092 -0.500 0.018
0.092 -0.500 0.055
0.092 -0.500 0.092
0.092 -0.500 0.129
0.092 -0.500 0.166
0.092 -0.500 0.203
0.092 -0.500 0.240
0.092 -0.500 0.277
0.092 -0.500 0.314
0.092 -0.500 0.351
0.092 -0.500 0.388
0.092 -0.500 0.425
0.092 -0.500 0.462
0.092 -0.500 0.499
0.092 -0.463 -0.500
0.092 -0.463 -0.463
0.092 -0.463 -0.426
0.092 -0.463 -0.389
0.092 -0.463 -0.352
0.092 -0.463 -0.315
0.092 -0.463 -0.278
0.092 -0.463 -0.241
0.092 -0.463 -0.204
0.092 -0.463 -0.167
0.092 -0.463 -0.130
0.092 -0.463 -0.093
0.092 -0.463 -0.056
0.092 -0.463 -0.019
0.092 -0.463 0.018
0.092 -0.463 0.055
0.092 -0.463 0.092
0.092 -0.463 0.129
0.092 -0.463 0.166
0.092 -0.463 0.203
0.092 -0.463 0.240
0.092 -0.463 0.277
0.092 -0.463 0.314
0.092 -0.463 0.351
0.092 -0.463 0.388
0.092 -0.463 0.425
0.092 -0.463 0.462
0.092 -0.463 0.499
0.092 -0.426 -0.500
0.092 -0.426 -0.463
0.092 -0.426 -0.426
0.092 -0.426 -0.389
0.092 -0.426 -0.352
0.092 -0.426 -0.315
0.092 -0.426 -0.278
0.092 -0.426 -0.241
0.092 -0.426 -0.204
0.092 -0.426 -0.167
0.092 -0.426 -0.130
0.092 -0.426 -0.093
0.092 -0.426 -0.056
0.092 -0.426 -0.019
0.092 -0.426 0.018
0.092 -0.426 0.055
0.092 -0.426 0.092
0.092 -0.426 0.129
0.092 -0.426 0.166
0.092 -0.426 0.203
0.092 -0.426 0.240
0.092 -0.426 0.277
0.092 -0.426 0.314
0.092 -0.426 0.351
0.092 -0.426 0.388
0.092 -0.426 0.425
0.092 -0.426 0.462
0.092 -0.426 0.499
0.092 -0.389 -0.500
0.092 -0.389 -0.463
0.092 -0.389 -0.426
0.092 -0.389 -0.389
0.092 -0.389 -0.352
0.092 -0.389 -0.315
0.092 -0.389 -0.278
0.092 -0.389 -0.241
0.092 -0.389 -0.204
0.092 -0.389 -0.167
0.092 -0.389 -0.130
0.092 -0.389 -0.093
0.092 -0.389 -0.056
0.092 -0.389 -0.019
0.092 -0.389 0.018
0.092 -0.389 0.055
0.092 -0.389 0.092
0.092 -0.389 0.129
0.092 -0.389 0.166
0.092 -0.389 0.203
0.092 -0.389 0.240
0.092 -0.389 0.277
0.092 -0.389 0.314
0.092 -0.389 0.351
0.092 -0.389 0.388
0.092 -0.389 0.425
0.092 -0.389 0.462
0.092 -0.389 0.499
0.092 -0.352 -0.500
0.092 -0.352 -0.463
0.092 -0.352 -0.426
0.092 -0.352 -0.389
0.092 -0.352 -0.352
0.092 -0.352 -0.315
0.092 -0.352 -0.278
0.092 -0.352 -0.241
0.092 -0.352 -0.204
0.092 -0.352 -0.167
0.092 -0.352 -0.130
0.092 -0.352 -0.093
0.092 -0.352 -0.056
0.092 -0.352 -0.019
0.092 -0.352 0.018
0.092 -0.352 0.055
0.092 -0.352 0.092
0.092 -0.352 0.129
0.092 -0.352 0.166
0.092 -0.352 0.203
0.092 -0.352 0.240
0.092 -0.352 0.277
0.092 -0.352 0.314
0.092 -0.352 0.351
0.092 -0.352 0.388
0.092 -0.352 0.425
0.092 -0.352 0.462
0.092 -0.352 0.499
0.092 -0.315 -0.500
0.092 -0.315 -0.463
0.092 -0.315 -0.426
0.092 -0.315 -0.389
0.092 -0.315 -0.352
0.092 -0.315 -0.315
0.092 -0.315 -0.278
0.092 -0.315 -0.241
0.092 -0.315 -0.204
0.092 -0.315 -0.167
0.092 -0.315 -0.130
0.092 -0.315 -0.093
0.092 -0.315 -0.056
0.092 -0.315 -0.019
0.092 -0.315 0.018
0.092 -0.315 0.055
0.092 -0.315 0.092
0.092 -0.315 0.129
0.092 -0.315 0.166
0.092 -0.315 0.203
0.092 -0.315 0.240
0.092 -0.315 0.277
0.092 -0.315 0.314
0.092 -0.315 0.351
0.092 -0.315 0.388
0.092 -0.315 0.425
0.092 -0.315 0.462
0.092 -0.315 0.499
0.092 -0.278 -0.500
0.092 -0.278 -0.463
0.092 -0.278 -0.426
0.092 -0.278 -0.389
0.092 -0.278 -0.352
0.092 -0.278 -0.315
0.092 -0.278 -0.278
0.092 -0.278 -0.241
0.092 -0.278 -0.204
0.092 -0.278 -0.167
0.092 -0.278 -0.130
0.092 -0.278 -0.093
0.092 -0.278 -0.056
0.092 -0.278 -0.019
0.092 -0.278 0.018
0.092 -0.278 0.055
0.092 -0.278 0.092
0.092 -0.278 0.129
0.092 -0.278 0.166
0.092 -0.278 0.203
0.092 -0.278 0.240
0.092 -0.278 0.277
0.092 -0.278 0.314
0.092 -0.278 0.351
0.092 -0.278 0.388
0.092 -0.278 0.425
0.092 -0.278 0.462
0.092 -0.278 0.499
0.092 -0.241 -0.500
0.092 -0.241 -0.463
0.092 -0.241 -0.426
0.092 -0.241 -0.389
0.092 -0.241 -0.352
0.092 -0.241 -0.315
0.092 -0.241 -0.278
0.092 -0.241 -0.241
0.092 -0.241 -0.204
0.092 -0.241 -0.167
0.092 -0.241 -0.130
0.092 -0.241 -0.093
0.092 -0.241 -0.056
0.092 -0.241 -0.019
0.092 -0.241 0.018
0.092 -0.241 0.055
0.092 -0.241 0.092
0.092 -0.241 0.129
0.092 -0.241 0.166
0.092 -0.241 0.203
0.092 -0.241 0.240
0.092 -0.241 0.277
0.092 -0.241 0.314
0.092 -0.241 0.351
0.092 -0.241 0.388
0.092 -0.241 0.425
0.092 -0.241 0.462
0.092 -0.241 0.499
0.092 -0.204 -0.500
0.092 -0.204 -0.463
0.092 -0.204 -0.426
0.092 -0.204 -0.389
0.092 -0.204 -0.352
0.092 -0.204 -0.315
0.092 -0.204 -0.278
0.092 -0.204 -0.241
0.092 -0.204 -0.204
0.092 -0.204 -0.167
0.092 -0.204 -0.130
0.092 -0.204 -0.093
0.092 -0.204 -0.056
0.092 -0.204 -0.019
0.092 -0.204 0.018
0.092 -0.204 0.055
0.092 -0.204 0.092
0.092 -0.204 0.129
0.092 -0.204 0.166
0.092 -0.204 0.203
0.092 -0.204 0.240
0.092 -0.204 0.277
0.092 -0.204 0.314
0.092 -0.204 0.351
0.092 -0.204 0.388
0.092 -0.204 0.425
0.092 -0.204 0.462
0.092 -0.204 0.499
0.092 -0.167 -0.500
0.092 -0.167 -0.463
0.092 -0.167 -0.426
0.092 -0.167 -0.389
0.092 -0.167 -0.352
0.092 -0.167 -0.315
0.092 -0.167 -0.278
0.092 -0.167 -0.241
0.092 -0.167 -0.204
0.092 -0.167 -0.167
0.092 -0.167 -0.130
0.092 -0.167 -0.093
0.092 -0.167 -0.056
0.092 -0.167 -0.019
0.092 -0.167 0.018
0.092 -0.167 0.055
0.092 -0.167 0.092
0.092 -0.167 0.129
0.092 -0.167 0.166
0.092 -0.167 0.203
0.092 -0.167 0.240
0.092 -0.167 0.277
0.092 -0.167 0.314
0.092 -0.167 0.351
0.092 -0.167 0.388
0.092 -0.167 0.425
0.092 -0.167 0.462
0.092 -0.167 0.499
0.092 -0.130 -0.500
0.092 -0.130 -0.463
0.092 -0.130 -0.426
0.092 -0.130 -0.389
0.092 -0.130 -0.352
0.092 -0.130 -0.315
0.092 -0.130 -0.278
0.092 -0.130 -0.241
0.092 -0.130 -0.204
0.092 -0.130 -0.167
0.092 -0.130 -0.130
0.092 -0.130 -0.093
0.092 -0.130 -0.056
0.092 -0.130 -0.019
0.092 -0.130 0.018
0.092 -0.130 0.055
0.092 -0.130 0.092
0.092 -0.130 0.129
0.092 -0.130 0.166
0.092 -0.130 0.203
0.092 -0.130 0.240
0.092 -0.130 0.277
0.092 -0.130 0.314
0.092 -0.130 0.351
0.092 -0.130 0.388
0.092 -0.130 0.425
0.092 -0.130 0.462
0.092 -0.130 0.499
0.092 -0.093 -0.500
0.092 -0.093 -0.463
0.092 -0.093 -0.426
0.092 -0.093 -0.389
0.092 -0.093 -0.352
0.092 -0.093 -0.315
0.092 -0.093 -0.278
0.092 -0.093 -0.241
0.092 -0.093 -0.204
0.092 -0.093 -0.167
0.092 -0.093 -0.130
0.092 -0.093 -0.093
0.092 -0.093 -0.056
0.092 -0.093 -0.019
0.092 -0.093 0.018
0.092 -0.093 0.055
0.092 -0.093 0.092
0.092 -0.093 0.129
0.092 -0.093 0.166
0.092 -0.093 0.203
0.092 -0.093 0.240
0.092 -0.093 0.277
0.092 -0.093 0.314
0.092 -0.093 0.351
0.092 -0.093 0.388
0.092 -0.093 0.425
0.092 -0.093 0.462
0.092 -0.093 0.499
0.092 -0.056 -0.500
0.092 -0.056 -0.463
0.092 -0.056 -0.426
0.092 -0.056 -0.389
0.092 -0.056 -0.352
0.092 -0.056 -0.315
0.092 -0.056 -0.278
0.092 -0.056 -0.241
0.092 -0.056 -0.204
0.092 -0.056 -0.167
0.092 -0.056 -0.130
0.092 -0.056 -0.093
0.092 -0.056 -0.056
0.092 -0.056 -0.019
0.092 -0.056 0.018
0.092 -0.056 0.055
0.092 -0.056 0.092
0.092 -0.056 0.129
0.092 -0.056 0.166
0.092 -0.056 0.203
0.092 -0.056 0.240
0.092 -0.056 0.277
0.092 -0.056 0.314
0.092 -0.056 0.351
0.092 -0.056 0.388
0.092 -0.056 0.425
0.092 -0.056 0.462
0.092 -0.056 0.499
0.092 -0.019 -0.500
0.092 -0.019 -0.463
0.092 -0.019 -0.426
0.092 -0.019 -0.389
0.092 -0.019 -0.352
0.092 -0.019 -0.315
0.092 -0.019 -0.278
0.092 -0.019 -0.241
0.092 -0.019 -0.204
0.092 -0.019 -0.167
0.092 -0.019 -0.130
0.092 -0.019 -0.093
0.092 -0.019 -0.056
0.092 -0.019 -0.019
0.092 -0.019 0.018
0.092 -0.019 0.055
0.092 -0.019 0.092
0.092 -0.019 0.129
0.092 -0.019 0.166
0.092 -0.019 0.203
0.092 -0.019 0.240
0.092 -0.019 0.277
0.092 -0.019 0.314
0.092 -0.019 0.351
0.092 -0.019 0.388
0.092 -0.019 0.425
0.092 -0.019 0.462
0.092 -0.019 0.499
0.092 0.018 -0.500
0.092 0.018 -0.463
0.092 0.018 -0.426
0.092 0.018 -0.389
0.092 0.018 -0.352
0.092 0.018 -0.315
0.092 0.018 -0.278
0.092 0.018 -0.241
0.092 0.018 -0.204
0.092 0.018 -0.167
0.092 0.018 -0.130
0.092 0.018 -0.093
0.092 0.018 -0.056
0.092 0.018 -0.019
0.092 0.018 0.018
0.092 0.018 0.055
0.092 0.018 0.092
0.092 0.018 0.129
0.092 0.018 0.166
0.092 0.018 0.203
0.092 0.018 0.240
0.092 0.018 0.277
0.092 0.018 0.314
0.092 0.018 0.351
0.092 0.018 0.388
0.092 0.018 0.425
0.092 0.018 0.462
0.092 0.018 0.499
0.092 0.055 -0.500
0.092 0.055 -0.463
0.092 0.055 -0.426
0.092 0.055 -0.389
0.092 0.055 -0.352
0.092 0.055 -0.315
0.092 0.055 -0.278
0.092 0.055 -0.241
0.092 0.055 -0.204
0.092 0.055 -0.167
0.092 0.055 -0.130
0.092 0.055 -0.093
0.092 0.055 -0.056
0.092 0.055 -0.019
0.092 0.055 0.018
0.092 0.055 0.055
0.092 0.055 0.092
0.092 0.055 0.129
0.092 0.055 0.166
0.092 0.055 0.203
0.092 0.055 0.240
0.092 0.055 0.277
0.092 0.055 0.314
0.092 0.055 0.351
0.092 0.055 0.388
0.092 0.055 0.425
0.092 0.055 0.462
0.092 0.055 0.499
0.092 0.092 -0.500
0.092 0.092 -0.463
0.092 0.092 -0.426
0.092 0.092 -0.389
0.092 0.092 -0.352
0.092 0.092 -0.315
0.092 0.092 -0.278
0.092 0.092 -0.241
0.092 0.092 -0.204
0.092 0.092 -0.167
0.092 0.092 -0.130
0.092 0.092 -0.093
0.092 0.092 -0.056
0.092 0.092 -0.019
0.092 0.092 0.018
0.092 0.092 0.055
0.092 0.092 0.092
0.092 0.092 0.129
0.092 0.092 0.166
0.092 0.092 0.203
0.092 0.092 0.240
0.092 0.092 0.277
0.092 0.092 0.314
0.092 0.092 0.351
0.092 0.092 0.388
0.092 0.092 0.425
0.092 0.092 0.462
0.092 0.092 0.499
0.092 0.129 -0.500
0.092 0.129 -0.463
0.092 0.129 -0.426
0.092 0.129 -0.389
0.092 0.129 -0.352
0.092 0.129 -0.315
0.092 0.129 -0.278
0.092 0.129 -0.241
0.092 0.129 -0.204
0.092 0.129 -0.167
0.092 0.129 -0.130
0.092 0.129 -0.093
0.092 0.129 -0.056
0.092 0.129 -0.019
0.092 0.129 0.018
0.092 0.129 0.055
0.092 0.129 0.092
0.092 0.129 0.129
0.092 0.129 0.166
0.092 0.129 0.203
0.092 0.129 0.240
0.092 0.129 0.277
0.092 0.129 0.314
0.092 0.129 0.351
0.092 0.129 0.388
0.092 0.129 0.425
0.092 0.129 0.462
0.092 0.129 0.499
0.092 0.166 -0.500
0.092 0.166 -0.463
0.092 0.166 -0.426
0.092 0.166 -0.389
0.092 0.166 -0.352
0.092 0.166 -0.315
0.092 0.166 -0.278
0.092 0.166 -0.241
0.092 0.166 -0.204
0.092 0.166 -0.167
0.092 0.166 -0.130
0.092 0.166 -0.093
0.092 0.166 -0.056
0.092 0.166 -0.019
0.092 0.166 0.018
0.092 0.166 0.055
0.092 0.166 0.092
0.092 0.166 0.129
0.092 0.166 0.166
0.092 0.166 0.203
0.092 0.166 0.240
0.092 0.166 0.277
0.092 0.166 0.314
0.092 0.166 0.351
0.092 0.166 0.388
0.092 0.166 0.425
0.092 0.166 0.462
0.092 0.166 0.499
0.092 0.203 -0.500
0.092 0.203 -0.463
0.092 0.203 -0.426
0.092 0.203 -0.389
0.092 0.203 -0.352
0.092 0.203 -0.315
0.092 0.203 -0.278
0.092 0.203 -0.241
0.092 0.203 -0.204
0.092 0.203 -0.167
0.092 0.203 -0.130
0.092 0.203 -0.093
0.092 0.203 -0.056
0.092 0.203 -0.019
0.092 0.203 0.018
0.092 0.203 0.055
0.092 0.203 0.092
0.092 0.203 0.129
0.092 0.203 0.166
0.092 0.203 0.203
0.092 0.203 0.240
0.092 0.203 0.277
0.092 0.203 0.314
0.092 0.203 0.351
0.092 0.203 0.388
0.092 0.203 0.425
0.092 0.203 0.462
0.092 0.203 0.499
0.092 0.240 -0.500
0.092 0.240 -0.463
0.092 0.240 -0.426
0.092 0.240 -0.389
0.092 0.240 -0.352
0.092 0.240 -0.315
0.092 0.240 -0.278
0.092 0.240 -0.241
0.092 0.240 -0.204
0.092 0.240 -0.167
0.092 0.240 -0.130
0.092 0.240 -0.093
0.092 0.240 -0.056
0.092 0.240 -0.019
0.092 0.240 0.018
0.092 0.240 0.055
0.092 0.240 0.092
0.092 0.240 0.129
0.092 0.240 0.166
0.092 0.240 0.203
0.092 0.240 0.240
0.092 0.240 0.277
0.092 0.240 0.314
0.092 0.240 0.351
0.092 0.240 0.388
0.092 0.240 0.425
0.092 0.240 0.462
0.092 0.240 0.499
0.092 0.277 -0.500
0.092 0.277 -0.463
0.092 0.277 -0.426
0.092 0.277 -0.389
0.092 0.277 -0.352
0.092 0.277 -0.315
0.092 0.277 -0.278
0.092 0.277 -0.241
0.092 0.277 -0.204
0.092 0.277 -0.167
0.092 0.277 -0.130
0.092 0.277 -0.093
0.092 0.277 -0.056
0.092 0.277 -0.019
0.092 0.277 0.018
0.092 0.277 0.055
0.092 0.277 0.092
0.092 0.277 0.129
0.092 0.277 0.166
0.092 0.277 0.203
0.092 0.277 0.240
0.092 0.277 0.277
0.092 0.277 0.314
0.092 0.277 0.351
0.092 0.277 0.388
0.092 0.277 0.425
0.092 0.277 0.462
0.092 0.277 0.499
0.092 0.314 -0.500
0.092 0.314 -0.463
0.092 0.314 -0.426
0.092 0.314 -0.389
0.092 0.314 -0.352
0.092 0.314 -0.315
0.092 0.314 -0.278
0.092 0.314 -0.241
0.092 0.314 -0.204
0.092 0.314 -0.167
0.092 0.314 -0.130
0.092 0.314 -0.093
0.092 0.314 -0.056
0.092 0.314 -0.019
0.092 0.314 0.018
0.092 0.314 0.055
0.092 0.314 0.092
0.092 0.314 0.129
0.092 0.314 0.166
0.092 0.314 0.203
0.092 0.314 0.240
0.092 0.314 0.277
0.092 0.314 0.314
0.092 0.314 0.351
0.092 0.314 0.388
0.092 0.314 0.425
0.092 0.314 0.462
0.092 0.314 0.499
0.092 0.351 -0.500
0.092 0.351 -0.463
0.092 0.351 -0.426
0.092 0.351 -0.389
0.092 0.351 -0.352
0.092 0.351 -0.315
0.092 0.351 -0.278
0.092 0.351 -0.241
0.092 0.351 -0.204
0.092 0.351 -0.167
0.092 0.351 -0.130
0.092 0.351 -0.093
0.092 0.351 -0.056
0.092 0.351 -0.019
0.092 0.351 0.018
0.092 0.351 0.055
0.092 0.351 0.092
0.092 0.351 0.129
0.092 0.351 0.166
0.092 0.351 0.203
0.092 0.351 0.240
0.092 0.351 0.277
0.092 0.351 0.314
0.092 0.351 0.351
0.092 0.351 0.388
0.092 0.351 0.425
0.092 0.351 0.462
0.092 0.351 0.499
0.092 0.388 -0.500
0.092 0.388 -0.463
0.092 0.388 -0.426
0.092 0.388 -0.389
0.092 0.388 -0.352
0.092 0.388 -0.315
0.092 0.388 -0.278
0.092 0.388 -0.241
0.092 0.388 -0.204
0.092 0.388 -0.167
0.092 0.388 -0.130
0.092 0.388 -0.093
0.092 0.388 -0.056
0.092 0.388 -0.019
0.092 0.388 0.018
0.092 0.388 0.055
0.092 0.388 0.092
0.092 0.388 0.129
0.092 0.388 0.166
0.092 0.388 0.203
0.092 0.388 0.240
0.092 0.388 0.277
0.092 0.388 0.314
0.092 0.388 0.351
0.092 0.388 0.388
0.092 0.388 0.425
0.092 0.388 0.462
0.092 0.388 0.499
0.092 0.425 -0.500
0.092 0.425 -0.463
0.092 0.425 -0.426
0.092 0.425 -0.389
0.092 0.425 -0.352
0.092 0.425 -0.315
0.092 0.425 -0.278
0.092 0.425 -0.241
0.092 0.425 -0.204
0.092 0.425 -0.167
0.092 0.425 -0.130
0.092 0.425 -0.093
0.092 0.425 -0.056
0.092 0.425 -0.019
0.092 0.425 0.018
0.092 0.425 0.055
0.092 0.425 0.092
0.092 0.425 0.129
0.092 0.425 0.166
0.092 0.425 0.203
0.092 0.425 0.240
0.092 0.425 0.277
0.092 0.425 0.314
0.092 0.425 0.351
0.092 0.425 0.388
0.092 0.425 0.425
0.092 0.425 0.462
0.092 0.425 0.499
0.092 0.462 -0.500
0.092 0.462 -0.463
0.092 0.462 -0.426
0.092 0.462 -0.389
0.092 0.462 -0.352
0.092 0.462 -0.315
0.092 0.462 -0.278
0.092 0.462 -0.241
0.092 0.462 -0.204
0.092 0.462 -0.167
0.092 0.462 -0.130
0.092 0.462 -0.093
0.092 0.462 -0.056
0.092 0.462 -0.019
0.092 0.462 0.018
0.092 0.462 0.055
0.092 0.462 0.092
0.092 0.462 0.129
0.092 0.462 0.166
0.092 0.462 0.203
0.092 0.462 0.240
0.092 0.462 0.277
0.092 0.462 0.314
0.092 0.462 0.351
0.092 0.462 0.388
0.092 0.462 0.425
0.092 0.462 0.462
0.092 0.462 0.499
0.092 0.499 -0.500
0.092 0.499 -0.463
0.092 0.499 -0.426
0.092 0.499 -0.389
0.092 0.499 -0.352
0.092 0.499 -0.315
0.092 0.499 -0.278
0.092 0.499 -0.241
0.092 0.499 -0.204
0.092 0.499 -0.167
0.092 0.499 -0.130
0.092 0.499 -0.093
0.092 0.499 -0.056
0.092 0.499 -0.019
0.092 0.499 0.018
0.092 0.499 0.055
0.092 0.499 0.092
0.092 0.499 0.129
0.092 0.499 0.166
0.092 0.499 0.203
0.092 0.499 0.240
0.092 0.499 0.277
0.092 0.499 0.314
0.092 0.499 0.351
0.092 0.499 0.388
0.092 0.499 0.425
0.092 0.499 0.462
0.092 0.499 0.499
0.129 -0.500 -0.500
0.129 -0.500 -0.463
0.129 -0.500 -0.426
0.129 -0.500 -0.389
0.129 -0.500 -0.352
0.129 -0.500 -0.315
0.129 -0.500 -0.278
0.129 -0.500 -0.241
0.129 -0.500 -0.204
0.129 -0.500 -0.167
0.129 -0.500 -0.130
0.129 -0.500 -0.093
0.129 -0.500 -0.056
0.129 -0.500 -0.019
0.129 -0.500 0.018
0.129 -0.500 0.055
0.129 -0.500 0.092
0.129 -0.500 0.129
0.129 -0.500 0.166
0.129 -0.500 0.203
0.129 -0.500 0.240
0.129 -0.500 0.277
0.129 -0.500 0.314
0.129 -0.500 0.351
0.129 -0.500 0.388
0.129 -0.500 0.425
0.129 -0.500 0.462
0.129 -0.500 0.499
0.129 -0.463 -0.500
0.129 -0.463 -0.463
0.129 -0.463 -0.426
0.129 -0.463 -0.389
0.129 -0.463 -0.352
0.129 -0.463 -0.315
0.129 -0.463 -0.278
0.129 -0.463 -0.241
0.129 -0.463 -0.204
0.129 -0.463 -0.167
0.129 -0.463 -0.130
0.129 -0.463 -0.093
0.129 -0.463 -0.056
0.129 -0.463 -0.019
0.129 -0.463 0.018
0.129 -0.463 0.055
0.129 -0.463 0.092
0.129 -0.463 0.129
0.129 -0.463 0.166
0.129 -0.463 0.203
0.129 -0.463 0.240
0.129 -0.463 0.277
0.129 -0.463 0.314
0.129 -0.463 0.351
0.129 -0.463 0.388
0.129 -0.463 0.425
0.129 -0.463 0.462
0.129 -0.463 0.499
0.129 -0.426 -0.500
0.129 -0.426 -0.463
0.129 -0.426 -0.426
0.129 -0.426 -0.389
0.129 -0.426 -0.352
0.129 -0.426 -0.315
0.129 -0.426 -0.278
0.129 -0.426 -0.241
0.129 -0.426 -0.204
0.129 -0.426 -0.167
0.129 -0.426 -0.130
0.129 -0.426 -0.093
0.129 -0.426 -0.056
0.129 -0.426 -0.019
0.129 -0.426 0.018
0.129 -0.426 0.055
0.129 -0.426 0.092
0.129 -0.426 0.129
0.129 -0.426 0.166
0.129 -0.426 0.203
0.129 -0.426 0.240
0.129 -0.426 0.277
0.129 -0.426 0.314
0.129 -0.426 0.351
0.129 -0.426 0.388
0.129 -0.426 0.425
0.129 -0.426 0.462
0.129 -0.426 0.499
0.129 -0.389 -0.500
0.129 -0.389 -0.463
0.129 -0.389 -0.426
0.129 -0.389 -0.389
0.129 -0.389 -0.352
0.129 -0.389 -0.315
0.129 -0.389 -0.278
0.129 -0.389 -0.241
0.129 -0.389 -0.204
0.129 -0.389 -0.167
0.129 -0.389 -0.130
0.129 -0.389 -0.093
0.129 -0.389 -0.056
0.129 -0.389 -0.019
0.129 -0.389 0.018
0.129 -0.389 0.055
0.129 -0.389 0.092
0.129 -0.389 0.129
0.129 -0.389 0.166
0.129 -0.389 0.203
0.129 -0.389 0.240
0.129 -0.389 0.277
0.129 -0.389 0.314
0.129 -0.389 0.351
0.129 -0.389 0.388
0.129 -0.389 0.425
0.129 -0.389 0.462
0.129 -0.389 0.499
0.129 -0.352 -0.500
0.129 -0.352 -0.463
0.129 -0.352 -0.426
0.129 -0.352 -0.389
0.129 -0.352 -0.352
0.129 -0.352 -0.315
0.129 -0.352 -0.278
0.129 -0.352 -0.241
0.129 -0.352 -0.204
0.129 -0.352 -0.167
0.129 -0.352 -0.130
0.129 -0.352 -0.093
0.129 -0.352 -0.056
0.129 -0.352 -0.019
0.129 -0.352 0.018
0.129 -0.352 0.055
0.129 -0.352 0.092
0.129 -0.352 0.129
0.129 -0.352 0.166
0.129 -0.352 0.203
0.129 -0.352 0.240
0.129 -0.352 0.277
0.129 -0.352 0.314
0.129 -0.352 0.351
0.129 -0.352 0.388
0.129 -0.352 0.425
0.129 -0.352 0.462
0.129 -0.352 0.499
0.129 -0.315 -0.500
0.129 -0.315 -0.463
0.129 -0.315 -0.426
0.129 -0.315 -0.389
0.129 -0.315 -0.352
0.129 -0.315 -0.315
0.129 -0.315 -0.278
0.129 -0.315 -0.241
0.129 -0.315 -0.204
0.129 -0.315 -0.167
0.129 -0.315 -0.130
0.129 -0.315 -0.093
0.129 -0.315 -0.056
0.129 -0.315 -0.019
0.129 -0.315 0.018
0.129 -0.315 0.055
0.129 -0.315 0.092
0.129 -0.315 0.129
0.129 -0.315 0.166
0.129 -0.315 0.203
0.129 -0.315 0.240
0.129 -0.315 0.277
0.129 -0.315 0.314
0.129 -0.315 0.351
0.129 -0.315 0.388
0.129 -0.315 0.425
0.129 -0.315 0.462
0.129 -0.315 0.499
0.129 -0.278 -0.500
0.129 -0.278 -0.463
0.129 -0.278 -0.426
0.129 -0.278 -0.389
0.129 -0.278 -0.352
0.129 -0.278 -0.315
0.129 -0.278 -0.278
0.129 -0.278 -0.241
0.129 -0.278 -0.204
0.129 -0.278 -0.167
0.129 -0.278 -0.130
0.129 -0.278 -0.093
0.129 -0.278 -0.056
0.129 -0.278 -0.019
0.129 -0.278 0.018
0.129 -0.278 0.055
0.129 -0.278 0.092
0.129 -0.278 0.129
0.129 -0.278 0.166
0.129 -0.278 0.203
0.129 -0.278 0.240
0.129 -0.278 0.277
0.129 -0.278 0.314
0.129 -0.278 0.351
0.129 -0.278 0.388
0.129 -0.278 0.425
0.129 -0.278 0.462
0.129 -0.278 0.499
0.129 -0.241 -0.500
0.129 -0.241 -0.463
0.129 -0.241 -0.426
0.129 -0.241 -0.389
0.129 -0.241 -0.352
0.129 -0.241 -0.315
0.129 -0.241 -0.278
0.129 -0.241 -0.241
0.129 -0.241 -0.204
0.129 -0.241 -0.167
0.129 -0.241 -0.130
0.129 -0.241 -0.093
0.129 -0.241 -0.056
0.129 -0.241 -0.019
0.129 -0.241 0.018
0.129 -0.241 0.055
0.129 -0.241 0.092
0.129 -0.241 0.129
0.129 -0.241 0.166
0.129 -0.241 0.203
0.129 -0.241 0.240
0.129 -0.241 0.277
0.129 -0.241 0.314
0.129 -0.241 0.351
0.129 -0.241 0.388
0.129 -0.241 0.425
0.129 -0.241 0.462
0.129 -0.241 0.499
0.129 -0.204 -0.500
0.129 -0.204 -0.463
0.129 -0.204 -0.426
0.129 -0.204 -0.389
0.129 -0.204 -0.352
0.129 -0.204 -0.315
0.129 -0.204 -0.278
0.129 -0.204 -0.241
0.129 -0.204 -0.204
0.129 -0.204 -0.167
0.129 -0.204 -0.130
0.129 -0.204 -0.093
0.129 -0.204 -0.056
0.129 -0.204 -0.019
0.129 -0.204 0.018
0.129 -0.204 0.055
0.129 -0.204 0.092
0.129 -0.204 0.129
0.129 -0.204 0.166
0.129 -0.204 0.203
0.129 -0.204 0.240
0.129 -0.204 0.277
0.129 -0.204 0.314
0.129 -0.204 0.351
0.129 -0.204 0.388
0.129 -0.204 0.425
0.129 -0.204 0.462
0.129 -0.204 0.499
0.129 -0.167 -0.500
0.129 -0.167 -0.463
0.129 -0.167 -0.426
0.129 -0.167 -0.389
0.129 -0.167 -0.352
0.129 -0.167 -0.315
0.129 -0.167 -0.278
0.129 -0.167 -0.241
0.129 -0.167 -0.204
0.129 -0.167 -0.167
0.129 -0.167 -0.130
0.129 -0.167 -0.093
0.129 -0.167 -0.056
0.129 -0.167 -0.019
0.129 -0.167 0.018
0.129 -0.167 0.055
0.129 -0.167 0.092
0.129 -0.167 0.129
0.129 -0.167 0.166
0.129 -0.167 0.203
0.129 -0.167 0.240
0.129 -0.167 0.277
0.129 -0.167 0.314
0.129 -0.167 0.351
0.129 -0.167 0.388
0.129 -0.167 0.425
0.129 -0.167 0.462
0.129 -0.167 0.499
0.129 -0.130 -0.500
0.129 -0.130 -0.463
0.129 -0.130 -0.426
0.129 -0.130 -0.389
0.129 -0.130 -0.352
0.129 -0.130 -0.315
0.129 -0.130 -0.278
0.129 -0.130 -0.241
0.129 -0.130 -0.204
0.129 -0.130 -0.167
0.129 -0.130 -0.130
0.129 -0.130 -0.093
0.129 -0.130 -0.056
0.129 -0.130 -0.019
0.129 -0.130 0.018
0.129 -0.130 0.055
0.129 -0.130 0.092
0.129 -0.130 0.129
0.129 -0.130 0.166
0.129 -0.130 0.203
0.129 -0.130 0.240
0.129 -0.130 0.277
0.129 -0.130 0.314
0.129 -0.130 0.351
0.129 -0.130 0.388
0.129 -0.130 0.425
0.129 -0.130 0.462
0.129 -0.130 0.499
0.129 -0.093 -0.500
0.129 -0.093 -0.463
0.129 -0.093 -0.426
0.129 -0.093 -0.389
0.129 -0.093 -0.352
0.129 -0.093 -0.315
0.129 -0.093 -0.278
0.129 -0.093 -0.241
0.129 -0.093 -0.204
0.129 -0.093 -0.167
0.129 -0.093 -0.130
0.129 -0.093 -0.093
0.129 -0.093 -0.056
0.129 -0.093 -0.019
0.129 -0.093 0.018
0.129 -0.093 0.055
0.129 -0.093 0.092
0.129 -0.093 0.129
0.129 -0.093 0.166
0.129 -0.093 0.203
0.129 -0.093 0.240
0.129 -0.093 0.277
0.129 -0.093 0.314
0.129 -0.093 0.351
0.129 -0.093 0.388
0.129 -0.093 0.425
0.129 -0.093 0.462
0.129 -0.093 0.499
0.129 -0.056 -0.500
0.129 -0.056 -0.463
0.129 -0.056 -0.426
0.129 -0.056 -0.389
0.129 -0.056 -0.352
0.129 -0.056 -0.315
0.129 -0.056 -0.278
0.129 -0.056 -0.241
0.129 -0.056 -0.204
0.129 -0.056 -0.167
0.129 -0.056 -0.130
0.129 -0.056 -0.093
0.129 -0.056 -0.056
0.129 -0.056 -0.019
0.129 -0.056 0.018
0.129 -0.056 0.055
0.129 -0.056 0.092
0.129 -0.056 0.129
0.129 -0.056 0.166
0.129 -0.056 0.203
0.129 -0.056 0.240
0.129 -0.056 0.277
0.129 -0.056 0.314
0.129 -0.056 0.351
0.129 -0.056 0.388
0.129 -0.056 0.425
0.129 -0.056 0.462
0.129 -0.056 0.499
0.129 -0.019 -0.500
0.129 -0.019 -0.463
0.129 -0.019 -0.426
0.129 -0.019 -0.389
0.129 -0.019 -0.352
0.129 -0.019 -0.315
0.129 -0.019 -0.278
0.129 -0.019 -0.241
0.129 -0.019 -0.204
0.129 -0.019 -0.167
0.129 -0.019 -0.130
0.129 -0.019 -0.093
0.129 -0.019 -0.056
0.129 -0.019 -0.019
0.129 -0.019 0.018
0.129 -0.019 0.055
0.129 -0.019 0.092
0.129 -0.019 0.129
0.129 -0.019 0.166
0.129 -0.019 0.203
0.129 -0.019 0.240
0.129 -0.019 0.277
0.129 -0.019 0.314
0.129 -0.019 0.351
0.129 -0.019 0.388
0.129 -0.019 0.425
0.129 -0.019 0.462
0.129 -0.019 0.499
0.129 0.018 -0.500
0.129 0.018 -0.463
0.129 0.018 -0.426
0.129 0.018 -0.389
0.129 0.018 -0.352
0.129 0.018 -0.315
0.129 0.018 -0.278
0.129 0.018 -0.241
0.129 0.018 -0.204
0.129 0.018 -0.167
0.129 0.018 -0.130
0.129 0.018 -0.093
0.129 0.018 -0.056
0.129 0.018 -0.019
0.129 0.018 0.018
0.129 0.018 0.055
0.129 0.018 0.092
0.129 0.018 0.129
0.129 0.018 0.166
0.129 0.018 0.203
0.129 0.018 0.240
0.129 0.018 0.277
0.129 0.018 0.314
0.129 0.018 0.351
0.129 0.018 0.388
0.129 0.018 0.425
0.129 0.018 0.462
0.129 0.018 0.499
0.129 0.055 -0.500
0.129 0.055 -0.463
0.129 0.055 -0.426
0.129 0.055 -0.389
0.129 0.055 -0.352
0.129 0.055 -0.315
0.129 0.055 -0.278
0.129 0.055 -0.241
0.129 0.055 -0.204
0.129 0.055 -0.167
0.129 0.055 -0.130
0.129 0.055 -0.093
0.129 0.055 -0.056
0.129 0.055 -0.019
0.129 0.055 0.018
0.129 0.055 0.055
0.129 0.055 0.092
0.129 0.055 0.129
0.129 0.055 0.166
0.129 0.055 0.203
0.129 0.055 0.240
0.129 0.055 0.277
0.129 0.055 0.314
0.129 0.055 0.351
0.129 0.055 0.388
0.129 0.055 0.425
0.129 0.055 0.462
0.129 0.055 0.499
0.129 0.092 -0.500
0.129 0.092 -0.463
0.129 0.092 -0.426
0.129 0.092 -0.389
0.129 0.092 -0.352
0.129 0.092 -0.315
0.129 0.092 -0.278
0.129 0.092 -0.241
0.129 0.092 -0.204
0.129 0.092 -0.167
0.129 0.092 -0.130
0.129 0.092 -0.093
0.129 0.092 -0.056
0.129 0.092 -0.019
0.129 0.092 0.018
0.129 0.092 0.055
0.129 0.092 0.092
0.129 0.092 0.129
0.129 0.092 0.166
0.129 0.092 0.203
0.129 0.092 0.240
0.129 0.092 0.277
0.129 0.092 0.314
0.129 0.092 0.351
0.129 0.092 0.388
0.129 0.092 0.425
0.129 0.092 0.462
0.129 0.092 0.499
0.129 0.129 -0.500
0.129 0.129 -0.463
0.129 0.129 -0.426
0.129 0.129 -0.389
0.129 0.129 -0.352
0.129 0.129 -0.315
0.129 0.129 -0.278
0.129 0.129 -0.241
0.129 0.129 -0.204
0.129 0.129 -0.167
0.129 0.129 -0.130
0.129 0.129 -0.093
0.129 0.129 -0.056
0.129 0.129 -0.019
0.129 0.129 0.018
0.129 0.129 0.055
0.129 0.129 0.092
0.129 0.129 0.129
0.129 0.129 0.166
0.129 0.129 0.203
0.129 0.129 0.240
0.129 0.129 0.277
0.129 0.129 0.314
0.129 0.129 0.351
0.129 0.129 0.388
0.129 0.129 0.425
0.129 0.129 0.462
0.129 0.129 0.499
0.129 0.166 -0.500
0.129 0.166 -0.463
0.129 0.166 -0.426
0.129 0.166 -0.389
0.129 0.166 -0.352
0.129 0.166 -0.315
0.129 0.166 -0.278
0.129 0.166 -0.241
0.129 0.166 -0.204
0.129 0.166 -0.167
0.129 0.166 -0.130
0.129 0.166 -0.093
0.129 0.166 -0.056
0.129 0.166 -0.019
0.129 0.166 0.018
0.129 0.166 0.055
0.129 0.166 0.092
0.129 0.166 0.129
0.129 0.166 0.166
0.129 0.166 0.203
0.129 0.166 0.240
0.129 0.166 0.277
0.129 0.166 0.314
0.129 0.166 0.351
0.129 0.166 0.388
0.129 0.166 0.425
0.129 0.166 0.462
0.129 0.166 0.499
0.129 0.203 -0.500
0.129 0.203 -0.463
0.129 0.203 -0.426
0.129 0.203 -0.389
0.129 0.203 -0.352
0.129 0.203 -0.315
0.129 0.203 -0.278
0.129 0.203 -0.241
0.129 0.203 -0.204
0.129 0.203 -0.167
0.129 0.203 -0.130
0.129 0.203 -0.093
0.129 0.203 -0.056
0.129 0.203 -0.019
0.129 0.203 0.018
0.129 0.203 0.055
0.129 0.203 0.092
0.129 0.203 0.129
0.129 0.203 0.166
0.129 0.203 0.203
0.129 0.203 0.240
0.129 0.203 0.277
0.129 0.203 0.314
0.129 0.203 0.351
0.129 0.203 0.388
0.129 0.203 0.425
0.129 0.203 0.462
0.129 0.203 0.499
0.129 0.240 -0.500
0.129 0.240 -0.463
0.129 0.240 -0.426
0.129 0.240 -0.389
0.129 0.240 -0.352
0.129 0.240 -0.315
0.129 0.240 -0.278
0.129 0.240 -0.241
0.129 0.240 -0.204
0.129 0.240 -0.167
0.129 0.240 -0.130
0.129 0.240 -0.093
0.129 0.240 -0.056
0.129 0.240 -0.019
0.129 0.240 0.018
0.129 0.240 0.055
0.129 0.240 0.092
0.129 0.240 0.129
0.129 0.240 0.166
0.129 0.240 0.203
0.129 0.240 0.240
0.129 0.240 0.277
0.129 0.240 0.314
0.129 0.240 0.351
0.129 0.240 0.388
0.129 0.240 0.425
0.129 0.240 0.462
0.129 0.240 0.499
0.129 0.277 -0.500
0.129 0.277 -0.463
0.129 0.277 -0.426
0.129 0.277 -0.389
0.129 0.277 -0.352
0.129 0.277 -0.315
0.129 0.277 -0.278
0.129 0.277 -0.241
0.129 0.277 -0.204
0.129 0.277 -0.167
0.129 0.277 -0.130
0.129 0.277 -0.093
0.129 0.277 -0.056
0.129 0.277 -0.019
0.129 0.277 0.018
0.129 0.277 0.055
0.129 0.277 0.092
0.129 0.277 0.129
0.129 0.277 0.166
0.129 0.277 0.203
0.129 0.277 0.240
0.129 0.277 0.277
0.129 0.277 0.314
0.129 0.277 0.351
0.129 0.277 0.388
0.129 0.277 0.425
0.129 0.277 0.462
0.129 0.277 0.499
0.129 0.314 -0.500
0.129 0.314 -0.463
0.129 0.314 -0.426
0.129 0.314 -0.389
0.129 0.314 -0.352
0.129 0.314 -0.315
0.129 0.314 -0.278
0.129 0.314 -0.241
0.129 0.314 -0.204
0.129 0.314 -0.167
0.129 0.314 -0.130
0.129 0.314 -0.093
0.129 0.314 -0.056
0.129 0.314 -0.019
0.129 0.314 0.018
0.129 0.314 0.055
0.129 0.314 0.092
0.129 0.314 0.129
0.129 0.314 0.166
0.129 0.314 0.203
0.129 0.314 0.240
0.129 0.314 0.277
0.129 0.314 0.314
0.129 0.314 0.351
0.129 0.314 0.388
0.129 0.314 0.425
0.129 0.314 0.462
0.129 0.314 0.499
0.129 0.351 -0.500
0.129 0.351 -0.463
0.129 0.351 -0.426
0.129 0.351 -0.389
0.129 0.351 -0.352
0.129 0.351 -0.315
0.129 0.351 -0.278
0.129 0.351 -0.241
0.129 0.351 -0.204
0.129 0.351 -0.167
0.129 0.351 -0.130
0.129 0.351 -0.093
0.129 0.351 -0.056
0.129 0.351 -0.019
0.129 0.351 0.018
0.129 0.351 0.055
0.129 0.351 0.092
0.129 0.351 0.129
0.129 0.351 0.166
0.129 0.351 0.203
0.129 0.351 0.240
0.129 0.351 0.277
0.129 0.351 0.314
0.129 0.351 0.351
0.129 0.351 0.388
0.129 0.351 0.425
0.129 0.351 0.462
0.129 0.351 0.499
0.129 0.388 -0.500
0.129 0.388 -0.463
0.129 0.388 -0.426
0.129 0.388 -0.389
0.129 0.388 -0.352
0.129 0.388 -0.315
0.129 0.388 -0.278
0.129 0.388 -0.241
0.129 0.388 -0.204
0.129 0.388 -0.167
0.129 0.388 -0.130
0.129 0.388 -0.093
0.129 0.388 -0.056
0.129 0.388 -0.019
0.129 0.388 0.018
0.129 0.388 0.055
0.129 0.388 0.092
0.129 0.388 0.129
0.129 0.388 0.166
0.129 0.388 0.203
0.129 0.388 0.240
0.129 0.388 0.277
0.129 0.388 0.314
0.129 0.388 0.351
0.129 0.388 0.388
0.129 0.388 0.425
0.129 0.388 0.462
0.129 0.388 0.499
0.129 0.425 -0.500
0.129 0.425 -0.463
0.129 0.425 -0.426
0.129 0.425 -0.389
0.129 0.425 -0.352
0.129 0.425 -0.315
0.129 0.425 -0.278
0.129 0.425 -0.241
0.129 0.425 -0.204
0.129 0.425 -0.167
0.129 0.425 -0.130
0.129 0.425 -0.093
0.129 0.425 -0.056
0.129 0.425 -0.019
0.129 0.425 0.018
0.129 0.425 0.055
0.129 0.425 0.092
0.129 0.425 0.129
0.129 0.425 0.166
0.129 0.425 0.203
0.129 0.425 0.240
0.129 0.425 0.277
0.129 0.425 0.314
0.129 0.425 0.351
0.129 0.425 0.388
0.129 0.425 0.425
0.129 0.425 0.462
0.129 0.425 0.499
0.129 0.462 -0.500
0.129 0.462 -0.463
0.129 0.462 -0.426
0.129 0.462 -0.389
0.129 0.462 -0.352
0.129 0.462 -0.315
0.129 0.462 -0.278
0.129 0.462 -0.241
0.129 0.462 -0.204
0.129 0.462 -0.167
0.129 0.462 -0.130
0.129 0.462 -0.093
0.129 0.462 -0.056
0.129 0.462 -0.019
0.129 0.462 0.018
0.129 0.462 0.055
0.129 0.462 0.092
0.129 0.462 0.129
0.129 0.462 0.166
0.129 0.462 0.203
0.129 0.462 0.240
0.129 0.462 0.277
0.129 0.462 0.314
0.129 0.462 0.351
0.129 0.462 0.388
0.129 0.462 0.425
0.129 0.462 0.462
0.129 0.462 0.499
0.129 0.499 -0.500
0.129 0.499 -0.463
0.129 0.499 -0.426
0.129 0.499 -0.389
0.129 0.499 -0.352
0.129 0.499 -0.315
0.129 0.499 -0.278
0.129 0.499 -0.241
0.129 0.499 -0.204
0.129 0.499 -0.167
0.129 0.499 -0.130
0.129 0.499 -0.093
0.129 0.499 -0.056
0.129 0.499 -0.019
0.129 0.499 0.018
0.129 0.499 0.055
0.129 0.499 0.092
0.129 0.499 0.129
0.129 0.499 0.166
0.129 0.499 0.203
0.129 0.499 0.240
0.129 0.499 0.277
0.129 0.499 0.314
0.129 0.499 0.351
0.129 0.499 0.388
0.129 0.499 0.425
0.129 0.499 0.462
0.129 0.499 0.499
0.166 -0.500 -0.500
0.166 -0.500 -0.463
0.166 -0.500 -0.426
0.166 -0.500 -0.389
0.166 -0.500 -0.352
0.166 -0.500 -0.315
0.166 -0.500 -0.278
0.166 -0.500 -0.241
0.166 -0.500 -0.204
0.166 -0.500 -0.167
0.166 -0.500 -0.130
0.166 -0.500 -0.093
0.166 -0.500 -0.056
0.166 -0.500 -0.019
0.166 -0.500 0.018
0.166 -0.500 0.055
0.166 -0.500 0.092
0.166 -0.500 0.129
0.166 -0.500 0.166
0.166 -0.500 0.203
0.166 -0.500 0.240
0.166 -0.500 0.277
0.166 -0.500 0.314
0.166 -0.500 0.351
0.166 -0.500 0.388
0.166 -0.500 0.425
0.166 -0.500 0.462
0.166 -0.500 0.499
0.166 -0.463 -0.500
0.166 -0.463 -0.463
0.166 -0.463 -0.426
0.166 -0.463 -0.389
0.166 -0.463 -0.352
0.166 -0.463 -0.315
0.166 -0.463 -0.278
0.166 -0.463 -0.241
0.166 -0.463 -0.204
0.166 -0.463 -0.167
0.166 -0.463 -0.130
0.166 -0.463 -0.093
0.166 -0.463 -0.056
0.166 -0.463 -0.019
0.166 -0.463 0.018
0.166 -0.463 0.055
0.166 -0.463 0.092
0.166 -0.463 0.129
0.166 -0.463 0.166
0.166 -0.463 0.203
0.166 -0.463 0.240
0.166 -0.463 0.277
0.166 -0.463 0.314
0.166 -0.463 0.351
0.166 -0.463 0.388
0.166 -0.463 0.425
0.166 -0.463 0.462
0.166 -0.463 0.499
0.166 -0.426 -0.500
0.166 -0.426 -0.463
0.166 -0.426 -0.426
0.166 -0.426 -0.389
0.166 -0.426 -0.352
0.166 -0.426 -0.315
0.166 -0.426 -0.278
0.166 -0.426 -0.241
0.166 -0.426 -0.204
0.166 -0.426 -0.167
0.166 -0.426 -0.130
0.166 -0.426 -0.093
0.166 -0.426 -0.056
0.166 -0.426 -0.019
0.166 -0.426 0.018
0.166 -0.426 0.055
0.166 -0.426 0.092
0.166 -0.426 0.129
0.166 -0.426 0.166
0.166 -0.426 0.203
0.166 -0.426 0.240
0.166 -0.426 0.277
0.166 -0.426 0.314
0.166 -0.426 0.351
0.166 -0.426 0.388
0.166 -0.426 0.425
0.166 -0.426 0.462
0.166 -0.426 0.499
0.166 -0.389 -0.500
0.166 -0.389 -0.463
0.166 -0.389 -0.426
0.166 -0.389 -0.389
0.166 -0.389 -0.352
0.166 -0.389 -0.315
0.166 -0.389 -0.278
0.166 -0.389 -0.241
0.166 -0.389 -0.204
0.166 -0.389 -0.167
0.166 -0.389 -0.130
0.166 -0.389 -0.093
0.166 -0.389 -0.056
0.166 -0.389 -0.019
0.166 -0.389 0.018
0.166 -0.389 0.055
0.166 -0.389 0.092
0.166 -0.389 0.129
0.166 -0.389 0.166
0.166 -0.389 0.203
0.166 -0.389 0.240
0.166 -0.389 0.277
0.166 -0.389 0.314
0.166 -0.389 0.351
0.166 -0.389 0.388
0.166 -0.389 0.425
0.166 -0.389 0.462
0.166 -0.389 0.499
0.166 -0.352 -0.500
0.166 -0.352 -0.463
0.166 -0.352 -0.426
0.166 -0.352 -0.389
0.166 -0.352 -0.352
0.166 -0.352 -0.315
0.166 -0.352 -0.278
0.166 -0.352 -0.241
0.166 -0.352 -0.204
0.166 -0.352 -0.167
0.166 -0.352 -0.130
0.166 -0.352 -0.093
0.166 -0.352 -0.056
0.166 -0.352 -0.019
0.166 -0.352 0.018
0.166 -0.352 0.055
0.166 -0.352 0.092
0.166 -0.352 0.129
0.166 -0.352 0.166
0.166 -0.352 0.203
0.166 -0.352 0.240
0.166 -0.352 0.277
0.166 -0.352 0.314
0.166 -0.352 0.351
0.166 -0.352 0.388
0.166 -0.352 0.425
0.166 -0.352 0.462
0.166 -0.352 0.499
0.166 -0.315 -0.500
0.166 -0.315 -0.463
0.166 -0.315 -0.426
0.166 -0.315 -0.389
0.166 -0.315 -0.352
0.166 -0.315 -0.315
0.166 -0.315 -0.278
0.166 -0.315 -0.241
0.166 -0.315 -0.204
0.166 -0.315 -0.167
0.166 -0.315 -0.130
0.166 -0.315 -0.093
0.166 -0.315 -0.056
0.166 -0.315 -0.019
0.166 -0.315 0.018
0.166 -0.315 0.055
0.166 -0.315 0.092
0.166 -0.315 0.129
0.166 -0.315 0.166
0.166 -0.315 0.203
0.166 -0.315 0.240
0.166 -0.315 0.277
0.166 -0.315 0.314
0.166 -0.315 0.351
0.166 -0.315 0.388
0.166 -0.315 0.425
0.166 -0.315 0.462
0.166 -0.315 0.499
0.166 -0.278 -0.500
0.166 -0.278 -0.463
0.166 -0.278 -0.426
0.166 -0.278 -0.389
0.166 -0.278 -0.352
0.166 -0.278 -0.315
0.166 -0.278 -0.278
0.166 -0.278 -0.241
0.166 -0.278 -0.204
0.166 -0.278 -0.167
0.166 -0.278 -0.130
0.166 -0.278 -0.093
0.166 -0.278 -0.056
0.166 -0.278 -0.019
0.166 -0.278 0.018
0.166 -0.278 0.055
0.166 -0.278 0.092
0.166 -0.278 0.129
0.166 -0.278 0.166
0.166 -0.278 0.203
0.166 -0.278 0.240
0.166 -0.278 0.277
0.166 -0.278 0.314
0.166 -0.278 0.351
0.166 -0.278 0.388
0.166 -0.278 0.425
0.166 -0.278 0.462
0.166 -0.278 0.499
0.166 -0.241 -0.500
0.166 -0.241 -0.463
0.166 -0.241 -0.426
0.166 -0.241 -0.389
0.166 -0.241 -0.352
0.166 -0.241 -0.315
0.166 -0.241 -0.278
0.166 -0.241 -0.241
0.166 -0.241 -0.204
0.166 -0.241 -0.167
0.166 -0.241 -0.130
0.166 -0.241 -0.093
0.166 -0.241 -0.056
0.166 -0.241 -0.019
0.166 -0.241 0.018
0.166 -0.241 0.055
0.166 -0.241 0.092
0.166 -0.241 0.129
0.166 -0.241 0.166
0.166 -0.241 0.203
0.166 -0.241 0.240
0.166 -0.241 0.277
0.166 -0.241 0.314
0.166 -0.241 0.351
0.166 -0.241 0.388
0.166 -0.241 0.425
0.166 -0.241 0.462
0.166 -0.241 0.499
0.166 -0.204 -0.500
0.166 -0.204 -0.463
0.166 -0.204 -0.426
0.166 -0.204 -0.389
0.166 -0.204 -0.352
0.166 -0.204 -0.315
0.166 -0.204 -0.278
0.166 -0.204 -0.241
0.166 -0.204 -0.204
0.166 -0.204 -0.167
0.166 -0.204 -0.130
0.166 -0.204 -0.093
0.166 -0.204 -0.056
0.166 -0.204 -0.019
0.166 -0.204 0.018
0.166 -0.204 0.055
0.166 -0.204 0.092
0.166 -0.204 0.129
0.166 -0.204 0.166
0.166 -0.204 0.203
0.166 -0.204 0.240
0.166 -0.204 0.277
0.166 -0.204 0.314
0.166 -0.204 0.351
0.166 -0.204 0.388
0.166 -0.204 0.425
0.166 -0.204 0.462
0.166 -0.204 0.499
0.166 -0.167 -0.500
0.166 -0.167 -0.463
0.166 -0.167 -0.426
0.166 -0.167 -0.389
0.166 -0.167 -0.352
0.166 -0.167 -0.315
0.166 -0.167 -0.278
0.166 -0.167 -0.241
0.166 -0.167 -0.204
0.166 -0.167 -0.167
0.166 -0.167 -0.130
0.166 -0.167 -0.093
0.166 -0.167 -0.056
0.166 -0.167 -0.019
0.166 -0.167 0.018
0.166 -0.167 0.055
0.166 -0.167 0.092
0.166 -0.167 0.129
0.166 -0.167 0.166
0.166 -0.167 0.203
0.166 -0.167 0.240
0.166 -0.167 0.277
0.166 -0.167 0.314
0.166 -0.167 0.351
0.166 -0.167 0.388
0.166 -0.167 0.425
0.166 -0.167 0.462
0.166 -0.167 0.499
0.166 -0.130 -0.500
0.166 -0.130 -0.463
0.166 -0.130 -0.426
0.166 -0.130 -0.389
0.166 -0.130 -0.352
0.166 -0.130 -0.315
0.166 -0.130 -0.278
0.166 -0.130 -0.241
0.166 -0.130 -0.204
0.166 -0.130 -0.167
0.166 -0.130 -0.130
0.166 -0.130 -0.093
0.166 -0.130 -0.056
0.166 -0.130 -0.019
0.166 -0.130 0.018
0.166 -0.130 0.055
0.166 -0.130 0.092
0.166 -0.130 0.129
0.166 -0.130 0.166
0.166 -0.130 0.203
0.166 -0.130 0.240
0.166 -0.130 0.277
0.166 -0.130 0.314
0.166 -0.130 0.351
0.166 -0.130 0.388
0.166 -0.130 0.425
0.166 -0.130 0.462
0.166 -0.130 0.499
0.166 -0.093 -0.500
0.166 -0.093 -0.463
0.166 -0.093 -0.426
0.166 -0.093 -0.389
0.166 -0.093 -0.352
0.166 -0.093 -0.315
0.166 -0.093 -0.278
0.166 -0.093 -0.241
0.166 -0.093 -0.204
0.166 -0.093 -0.167
0.166 -0.093 -0.130
0.166 -0.093 -0.093
0.166 -0.093 -0.056
0.166 -0.093 -0.019
0.166 -0.093 0.018
0.166 -0.093 0.055
0.166 -0.093 0.092
0.166 -0.093 0.129
0.166 -0.093 0.166
0.166 -0.093 0.203
0.166 -0.093 0.240
0.166 -0.093 0.277
0.166 -0.093 0.314
0.166 -0.093 0.351
0.166 -0.093 0.388
0.166 -0.093 0.425
0.166 -0.093 0.462
0.166 -0.093 0.499
0.166 -0.056 -0.500
0.166 -0.056 -0.463
0.166 -0.056 -0.426
0.166 -0.056 -0.389
0.166 -0.056 -0.352
0.166 -0.056 -0.315
0.166 -0.056 -0.278
0.166 -0.056 -0.241
0.166 -0.056 -0.204
0.166 -0.056 -0.167
0.166 -0.056 -0.130
0.166 -0.056 -0.093
0.166 -0.056 -0.056
0.166 -0.056 -0.019
0.166 -0.056 0.018
0.166 -0.056 0.055
0.166 -0.056 0.092
0.166 -0.056 0.129
0.166 -0.056 0.166
0.166 -0.056 0.203
0.166 -0.056 0.240
0.166 -0.056 0.277
0.166 -0.056 0.314
0.166 -0.056 0.351
0.166 -0.056 0.388
0.166 -0.056 0.425
0.166 -0.056 0.462
0.166 -0.056 0.499
0.166 -0.019 -0.500
0.166 -0.019 -0.463
0.166 -0.019 -0.426
0.166 -0.019 -0.389
0.166 -0.019 -0.352
0.166 -0.019 -0.315
0.166 -0.019 -0.278
0.166 -0.019 -0.241
0.166 -0.019 -0.204
0.166 -0.019 -0.167
0.166 -0.019 -0.130
0.166 -0.019 -0.093
0.166 -0.019 -0.056
0.166 -0.019 -0.019
0.166 -0.019 0.018
0.166 -0.019 0.055
0.166 -0.019 0.092
0.166 -0.019 0.129
0.166 -0.019 0.166
0.166 -0.019 0.203
0.166 -0.019 0.240
0.166 -0.019 0.277
0.166 -0.019 0.314
0.166 -0.019 0.351
0.166 -0.019 0.388
0.166 -0.019 0.425
0.166 -0.019 0.462
0.166 -0.019 0.499
0.166 0.018 -0.500
0.166 0.018 -0.463
0.166 0.018 -0.426
0.166 0.018 -0.389
0.166 0.018 -0.352
0.166 0.018 -0.315
0.166 0.018 -0.278
0.166 0.018 -0.241
0.166 0.018 -0.204
0.166 0.018 -0.167
0.166 0.018 -0.130
0.166 0.018 -0.093
0.166 0.018 -0.056
0.166 0.018 -0.019
0.166 0.018 0.018
0.166 0.018 0.055
0.166 0.018 0.092
0.166 0.018 0.129
0.166 0.018 0.166
0.166 0.018 0.203
0.166 0.018 0.240
0.166 0.018 0.277
0.166 0.018 0.314
0.166 0.018 0.351
0.166 0.018 0.388
0.166 0.018 0.425
0.166 0.018 0.462
0.166 0.018 0.499
0.166 0.055 -0.500
0.166 0.055 -0.463
0.166 0.055 -0.426
0.166 0.055 -0.389
0.166 0.055 -0.352
0.166 0.055 -0.315
0.166 0.055 -0.278
0.166 0.055 -0.241
0.166 0.055 -0.204
0.166 0.055 -0.167
0.166 0.055 -0.130
0.166 0.055 -0.093
0.166 0.055 -0.056
0.166 0.055 -0.019
0.166 0.055 0.018
0.166 0.055 0.055
0.166 0.055 0.092
0.166 0.055 0.129
0.166 0.055 0.166
0.166 0.055 0.203
0.166 0.055 0.240
0.166 0.055 0.277
0.166 0.055 0.314
0.166 0.055 0.351
0.166 0.055 0.388
0.166 0.055 0.425
0.166 0.055 0.462
0.166 0.055 0.499
0.166 0.092 -0.500
0.166 0.092 -0.463
0.166 0.092 -0.426
0.166 0.092 -0.389
0.166 0.092 -0.352
0.166 0.092 -0.315
0.166 0.092 -0.278
0.166 0.092 -0.241
0.166 0.092 -0.204
0.166 0.092 -0.167
0.166 0.092 -0.130
0.166 0.092 -0.093
0.166 0.092 -0.056
0.166 0.092 -0.019
0.166 0.092 0.018
0.166 0.092 0.055
0.166 0.092 0.092
0.166 0.092 0.129
0.166 0.092 0.166
0.166 0.092 0.203
0.166 0.092 0.240
0.166 0.092 0.277
0.166 0.092 0.314
0.166 0.092 0.351
0.166 0.092 0.388
0.166 0.092 0.425
0.166 0.092 0.462
0.166 0.092 0.499
0.166 0.129 -0.500
0.166 0.129 -0.463
0.166 0.129 -0.426
0.166 0.129 -0.389
0.166 0.129 -0.352
0.166 0.129 -0.315
0.166 0.129 -0.278
0.166 0.129 -0.241
0.166 0.129 -0.204
0.166 0.129 -0.167
0.166 0.129 -0.130
0.166 0.129 -0.093
0.166 0.129 -0.056
0.166 0.129 -0.019
0.166 0.129 0.018
0.166 0.129 0.055
0.166 0.129 0.092
0.166 0.129 0.129
0.166 0.129 0.166
0.166 0.129 0.203
0.166 0.129 0.240
0.166 0.129 0.277
0.166 0.129 0.314
0.166 0.129 0.351
0.166 0.129 0.388
0.166 0.129 0.425
0.166 0.129 0.462
0.166 0.129 0.499
0.166 0.166 -0.500
0.166 0.166 -0.463
0.166 0.166 -0.426
0.166 0.166 -0.389
0.166 0.166 -0.352
0.166 0.166 -0.315
0.166 0.166 -0.278
0.166 0.166 -0.241
0.166 0.166 -0.204
0.166 0.166 -0.167
0.166 0.166 -0.130
0.166 0.166 -0.093
0.166 0.166 -0.056
0.166 0.166 -0.019
0.166 0.166 0.018
0.166 0.166 0.055
0.166 0.166 0.092
0.166 0.166 0.129
0.166 0.166 0.166
0.166 0.166 0.203
0.166 0.166 0.240
0.166 0.166 0.277
0.166 0.166 0.314
0.166 0.166 0.351
0.166 0.166 0.388
0.166 0.166 0.425
0.166 0.166 0.462
0.166 0.166 0.499
0.166 0.203 -0.500
0.166 0.203 -0.463
0.166 0.203 -0.426
0.166 0.203 -0.389
0.166 0.203 -0.352
0.166 0.203 -0.315
0.166 0.203 -0.278
0.166 0.203 -0.241
0.166 0.203 -0.204
0.166 0.203 -0.167
0.166 0.203 -0.130
0.166 0.203 -0.093
0.166 0.203 -0.056
0.166 0.203 -0.019
0.166 0.203 0.018
0.166 0.203 0.055
0.166 0.203 0.092
0.166 0.203 0.129
0.166 0.203 0.166
0.166 0.203 0.203
0.166 0.203 0.240
0.166 0.203 0.277
0.166 0.203 0.314
0.166 0.203 0.351
0.166 0.203 0.388
0.166 0.203 0.425
0.166 0.203 0.462
0.166 0.203 0.499
0.166 0.240 -0.500
0.166 0.240 -0.463
0.166 0.240 -0.426
0.166 0.240 -0.389
0.166 0.240 -0.352
0.166 0.240 -0.315
0.166 0.240 -0.278
0.166 0.240 -0.241
0.166 0.240 -0.204
0.166 0.240 -0.167
0.166 0.240 -0.130
0.166 0.240 -0.093
0.166 0.240 -0.056
0.166 0.240 -0.019
0.166 0.240 0.018
0.166 0.240 0.055
0.166 0.240 0.092
0.166 0.240 0.129
0.166 0.240 0.166
0.166 0.240 0.203
0.166 0.240 0.240
0.166 0.240 0.277
0.166 0.240 0.314
0.166 0.240 0.351
0.166 0.240 0.388
0.166 0.240 0.425
0.166 0.240 0.462
0.166 0.240 0.499
0.166 0.277 -0.500
0.166 0.277 -0.463
0.166 0.277 -0.426
0.166 0.277 -0.389
0.166 0.277 -0.352
0.166 0.277 -0.315
0.166 0.277 -0.278
0.166 0.277 -0.241
0.166 0.277 -0.204
0.166 0.277 -0.167
0.166 0.277 -0.130
0.166 0.277 -0.093
0.166 0.277 -0.056
0.166 0.277 -0.019
0.166 0.277 0.018
0.166 0.277 0.055
0.166 0.277 0.092
0.166 0.277 0.129
0.166 0.277 0.166
0.166 0.277 0.203
0.166 0.277 0.240
0.166 0.277 0.277
0.166 0.277 0.314
0.166 0.277 0.351
0.166 0.277 0.388
0.166 0.277 0.425
0.166 0.277 0.462
0.166 0.277 0.499
0.166 0.314 -0.500
0.166 0.314 -0.463
0.166 0.314 -0.426
0.166 0.314 -0.389
0.166 0.314 -0.352
0.166 0.314 -0.315
0.166 0.314 -0.278
0.166 0.314 -0.241
0.166 0.314 -0.204
0.166 0.314 -0.167
0.166 0.314 -0.130
0.166 0.314 -0.093
0.166 0.314 -0.056
0.166 0.314 -0.019
0.166 0.314 0.018
0.166 0.314 0.055
0.166 0.314 0.092
0.166 0.314 0.129
0.166 0.314 0.166
0.166 0.314 0.203
0.166 0.314 0.240
0.166 0.314 0.277
0.166 0.314 0.314
0.166 0.314 0.351
0.166 0.314 0.388
0.166 0.314 0.425
0.166 0.314 0.462
0.166 0.314 0.499
0.166 0.351 -0.500
0.166 0.351 -0.463
0.166 0.351 -0.426
0.166 0.351 -0.389
0.166 0.351 -0.352
0.166 0.351 -0.315
0.166 0.351 -0.278
0.166 0.351 -0.241
0.166 0.351 -0.204
0.166 0.351 -0.167
0.166 0.351 -0.130
0.166 0.351 -0.093
0.166 0.351 -0.056
0.166 0.351 -0.019
0.166 0.351 0.018
0.166 0.351 0.055
0.166 0.351 0.092
0.166 0.351 0.129
0.166 0.351 0.166
0.166 0.351 0.203
0.166 0.351 0.240
0.166 0.351 0.277
0.166 0.351 0.314
0.166 0.351 0.351
0.166 0.351 0.388
0.166 0.351 0.425
0.166 0.351 0.462
0.166 0.351 0.499
0.166 0.388 -0.500
0.166 0.388 -0.463
0.166 0.388 -0.426
0.166 0.388 -0.389
0.166 0.388 -0.352
0.166 0.388 -0.315
0.166 0.388 -0.278
0.166 0.388 -0.241
0.166 0.388 -0.204
0.166 0.388 -0.167
0.166 0.388 -0.130
0.166 0.388 -0.093
0.166 0.388 -0.056
0.166 0.388 -0.019
0.166 0.388 0.018
0.166 0.388 0.055
0.166 0.388 0.092
0.166 0.388 0.129
0.166 0.388 0.166
0.166 0.388 0.203
0.166 0.388 0.240
0.166 0.388 0.277
0.166 0.388 0.314
0.166 0.388 0.351
0.166 0.388 0.388
0.166 0.388 0.425
0.166 0.388 0.462
0.166 0.388 0.499
0.166 0.425 -0.500
0.166 0.425 -0.463
0.166 0.425 -0.426
0.166 0.425 -0.389
0.166 0.425 -0.352
0.166 0.425 -0.315
0.166 0.425 -0.278
0.166 0.425 -0.241
0.166 0.425 -0.204
0.166 0.425 -0.167
0.166 0.425 -0.130
0.166 0.425 -0.093
0.166 0.425 -0.056
0.166 0.425 -0.019
0.166 0.425 0.018
0.166 0.425 0.055
0.166 0.425 0.092
0.166 0.425 0.129
0.166 0.425 0.166
0.166 0.425 0.203
0.166 0.425 0.240
0.166 0.425 0.277
0.166 0.425 0.314
0.166 0.425 0.351
0.166 0.425 0.388
0.166 0.425 0.425
0.166 0.425 0.462
0.166 0.425 0.499
0.166 0.462 -0.500
0.166 0.462 -0.463
0.166 0.462 -0.426
0.166 0.462 -0.389
0.166 0.462 -0.352
0.166 0.462 -0.315
0.166 0.462 -0.278
0.166 0.462 -0.241
0.166 0.462 -0.204
0.166 0.462 -0.167
0.166 0.462 -0.130
0.166 0.462 -0.093
0.166 0.462 -0.056
0.166 0.462 -0.019
0.166 0.462 0.018
0.166 0.462 0.055
0.166 0.462 0.092
0.166 0.462 0.129
0.166 0.462 0.166
0.166 0.462 0.203
0.166 0.462 0.240
0.166 0.462 0.277
0.166 0.462 0.314
0.166 0.462 0.351
0.166 0.462 0.388
0.166 0.462 0.425
0.166 0.462 0.462
0.166 0.462 0.499
0.166 0.499 -0.500
0.166 0.499 -0.463
0.166 0.499 -0.426
0.166 0.499 -0.389
0.166 0.499 -0.352
0.166 0.499 -0.315
0.166 0.499 -0.278
0.166 0.499 -0.241
0.166 0.499 -0.204
0.166 0.499 -0.167
0.166 0.499 -0.130
0.166 0.499 -0.093
0.166 0.499 -0.056
0.166 0.499 -0.019
0.166 0.499 0.018
0.166 0.499 0.055
0.166 0.499 0.092
0.166 0.499 0.129
0.166 0.499 0.166
0.166 0.499 0.203
0.166 0.499 0.240
0.166 0.499 0.277
0.166 0.499 0.314
0.166 0.499 0.351
0.166 0.499 0.388
0.166 0.499 0.425
0.166 0.499 0.462
0.166 0.499 0.499
0.203 -0.500 -0.500
0.203 -0.500 -0.463
0.203 -0.500 -0.426
0.203 -0.500 -0.389
0.203 -0.500 -0.352
0.203 -0.500 -0.315
0.203 -0.500 -0.278
0.203 -0.500 -0.241
0.203 -0.500 -0.204
0.203 -0.500 -0.167
0.203 -0.500 -0.130
0.203 -0.500 -0.093
0.203 -0.500 -0.056
0.203 -0.500 -0.019
0.203 -0.500 0.018
0.203 -0.500 0.055
0.203 -0.500 0.092
0.203 -0.500 0.129
0.203 -0.500 0.166
0.203 -0.500 0.203
0.203 -0.500 0.240
0.203 -0.500 0.277
0.203 -0.500 0.314
0.203 -0.500 0.351
0.203 -0.500 0.388
0.203 -0.500 0.425
0.203 -0.500 0.462
0.203 -0.500 0.499
0.203 -0.463 -0.500
0.203 -0.463 -0.463
0.203 -0.463 -0.426
0.203 -0.463 -0.389
0.203 -0.463 -0.352
0.203 -0.463 -0.315
0.203 -0.463 -0.278
0.203 -0.463 -0.241
0.203 -0.463 -0.204
0.203 -0.463 -0.167
0.203 -0.463 -0.130
0.203 -0.463 -0.093
0.203 -0.463 -0.056
0.203 -0.463 -0.019
0.203 -0.463 0.018
0.203 -0.463 0.055
0.203 -0.463 0.092
0.203 -0.463 0.129
0.203 -0.463 0.166
0.203 -0.463 0.203
0.203 -0.463 0.240
0.203 -0.463 0.277
0.203 -0.463 0.314
0.203 -0.463 0.351
0.203 -0.463 0.388
0.203 -0.463 0.425
0.203 -0.463 0.462
0.203 -0.463 0.499
0.203 -0.426 -0.500
0.203 -0.426 -0.463
0.203 -0.426 -0.426
0.203 -0.426 -0.389
0.203 -0.426 -0.352
0.203 -0.426 -0.315
0.203 -0.426 -0.278
0.203 -0.426 -0.241
0.203 -0.426 -0.204
0.203 -0.426 -0.167
0.203 -0.426 -0.130
0.203 -0.426 -0.093
0.203 -0.426 -0.056
0.203 -0.426 -0.019
0.203 -0.426 0.018
0.203 -0.426 0.055
0.203 -0.426 0.092
0.203 -0.426 0.129
0.203 -0.426 0.166
0.203 -0.426 0.203
0.203 -0.426 0.240
0.203 -0.426 0.277
0.203 -0.426 0.314
0.203 -0.426 0.351
0.203 -0.426 0.388
0.203 -0.426 0.425
0.203 -0.426 0.462
0.203 -0.426 0.499
0.203 -0.389 -0.500
0.203 -0.389 -0.463
0.203 -0.389 -0.426
0.203 -0.389 -0.389
0.203 -0.389 -0.352
0.203 -0.389 -0.315
0.203 -0.389 -0.278
0.203 -0.389 -0.241
0.203 -0.389 -0.204
0.203 -0.389 -0.167
0.203 -0.389 -0.130
0.203 -0.389 -0.093
0.203 -0.389 -0.056
0.203 -0.389 -0.019
0.203 -0.389 0.018
0.203 -0.389 0.055
0.203 -0.389 0.092
0.203 -0.389 0.129
0.203 -0.389 0.166
0.203 -0.389 0.203
0.203 -0.389 0.240
0.203 -0.389 0.277
0.203 -0.389 0.314
0.203 -0.389 0.351
0.203 -0.389 0.388
0.203 -0.389 0.425
0.203 -0.389 0.462
0.203 -0.389 0.499
0.203 -0.352 -0.500
0.203 -0.352 -0.463
0.203 -0.352 -0.426
0.203 -0.352 -0.389
0.203 -0.352 -0.352
0.203 -0.352 -0.315
0.203 -0.352 -0.278
0.203 -0.352 -0.241
0.203 -0.352 -0.204
0.203 -0.352 -0.167
0.203 -0.352 -0.130
0.203 -0.352 -0.093
0.203 -0.352 -0.056
0.203 -0.352 -0.019
0.203 -0.352 0.018
0.203 -0.352 0.055
0.203 -0.352 0.092
0.203 -0.352 0.129
0.203 -0.352 0.166
0.203 -0.352 0.203
0.203 -0.352 0.240
0.203 -0.352 0.277
0.203 -0.352 0.314
0.203 -0.352 0.351
0.203 -0.352 0.388
0.203 -0.352 0.425
0.203 -0.352 0.462
0.203 -0.352 0.499
0.203 -0.315 -0.500
0.203 -0.315 -0.463
0.203 -0.315 -0.426
0.203 -0.315 -0.389
0.203 -0.315 -0.352
0.203 -0.315 -0.315
0.203 -0.315 -0.278
0.203 -0.315 -0.241
0.203 -0.315 -0.204
0.203 -0.315 -0.167
0.203 -0.315 -0.130
0.203 -0.315 -0.093
0.203 -0.315 -0.056
0.203 -0.315 -0.019
0.203 -0.315 0.018
0.203 -0.315 0.055
0.203 -0.315 0.092
0.203 -0.315 0.129
0.203 -0.315 0.166
0.203 -0.315 0.203
0.203 -0.315 0.240
0.203 -0.315 0.277
0.203 -0.315 0.314
0.203 -0.315 0.351
0.203 -0.315 0.388
0.203 -0.315 0.425
0.203 -0.315 0.462
0.203 -0.315 0.499
0.203 -0.278 -0.500
0.203 -0.278 -0.463
0.203 -0.278 -0.426
0.203 -0.278 -0.389
0.203 -0.278 -0.352
0.203 -0.278 -0.315
0.203 -0.278 -0.278
0.203 -0.278 -0.241
0.203 -0.278 -0.204
0.203 -0.278 -0.167
0.203 -0.278 -0.130
0.203 -0.278 -0.093
0.203 -0.278 -0.056
0.203 -0.278 -0.019
0.203 -0.278 0.018
0.203 -0.278 0.055
0.203 -0.278 0.092
0.203 -0.278 0.129
0.203 -0.278 0.166
0.203 -0.278 0.203
0.203 -0.278 0.240
0.203 -0.278 0.277
0.203 -0.278 0.314
0.203 -0.278 0.351
0.203 -0.278 0.388
0.203 -0.278 0.425
0.203 -0.278 0.462
0.203 -0.278 0.499
0.203 -0.241 -0.500
0.203 -0.241 -0.463
0.203 -0.241 -0.426
0.203 -0.241 -0.389
0.203 -0.241 -0.352
0.203 -0.241 -0.315
0.203 -0.241 -0.278
0.203 -0.241 -0.241
0.203 -0.241 -0.204
0.203 -0.241 -0.167
0.203 -0.241 -0.130
0.203 -0.241 -0.093
0.203 -0.241 -0.056
0.203 -0.241 -0.019
0.203 -0.241 0.018
0.203 -0.241 0.055
0.203 -0.241 0.092
0.203 -0.241 0.129
0.203 -0.241 0.166
0.203 -0.241 0.203
0.203 -0.241 0.240
0.203 -0.241 0.277
0.203 -0.241 0.314
0.203 -0.241 0.351
0.203 -0.241 0.388
0.203 -0.241 0.425
0.203 -0.241 0.462
0.203 -0.241 0.499
0.203 -0.204 -0.500
0.203 -0.204 -0.463
0.203 -0.204 -0.426
0.203 -0.204 -0.389
0.203 -0.204 -0.352
0.203 -0.204 -0.315
0.203 -0.204 -0.278
0.203 -0.204 -0.241
0.203 -0.204 -0.204
0.203 -0.204 -0.167
0.203 -0.204 -0.130
0.203 -0.204 -0.093
0.203 -0.204 -0.056
0.203 -0.204 -0.019
0.203 -0.204 0.018
0.203 -0.204 0.055
0.203 -0.204 0.092
0.203 -0.204 0.129
0.203 -0.204 0.166
0.203 -0.204 0.203
0.203 -0.204 0.240
0.203 -0.204 0.277
0.203 -0.204 0.314
0.203 -0.204 0.351
0.203 -0.204 0.388
0.203 -0.204 0.425
0.203 -0.204 0.462
0.203 -0.204 0.499
0.203 -0.167 -0.500
0.203 -0.167 -0.463
0.203 -0.167 -0.426
0.203 -0.167 -0.389
0.203 -0.167 -0.352
0.203 -0.167 -0.315
0.203 -0.167 -0.278
0.203 -0.167 -0.241
0.203 -0.167 -0.204
0.203 -0.167 -0.167
0.203 -0.167 -0.130
0.203 -0.167 -0.093
0.203 -0.167 -0.056
0.203 -0.167 -0.019
0.203 -0.167 0.018
0.203 -0.167 0.055
0.203 -0.167 0.092
0.203 -0.167 0.129
0.203 -0.167 0.166
0.203 -0.167 0.203
0.203 -0.167 0.240
0.203 -0.167 0.277
0.203 -0.167 0.314
0.203 -0.167 0.351
0.203 -0.167 0.388
0.203 -0.167 0.425
0.203 -0.167 0.462
0.203 -0.167 0.499
0.203 -0.130 -0.500
0.203 -0.130 -0.463
0.203 -0.130 -0.426
0.203 -0.130 -0.389
0.203 -0.130 -0.352
0.203 -0.130 -0.315
0.203 -0.130 -0.278
0.203 -0.130 -0.241
0.203 -0.130 -0.204
0.203 -0.130 -0.167
0.203 -0.130 -0.130
0.203 -0.130 -0.093
0.203 -0.130 -0.056
0.203 -0.130 -0.019
0.203 -0.130 0.018
0.203 -0.130 0.055
0.203 -0.130 0.092
0.203 -0.130 0.129
0.203 -0.130 0.166
0.203 -0.130 0.203
0.203 -0.130 0.240
0.203 -0.130 0.277
0.203 -0.130 0.314
0.203 -0.130 0.351
0.203 -0.130 0.388
0.203 -0.130 0.425
0.203 -0.130 0.462
0.203 -0.130 0.499
0.203 -0.093 -0.500
0.203 -0.093 -0.463
0.203 -0.093 -0.426
0.203 -0.093 -0.389
0.203 -0.093 -0.352
0.203 -0.093 -0.315
0.203 -0.093 -0.278
0.203 -0.093 -0.241
0.203 -0.093 -0.204
0.203 -0.093 -0.167
0.203 -0.093 -0.130
0.203 -0.093 -0.093
0.203 -0.093 -0.056
0.203 -0.093 -0.019
0.203 -0.093 0.018
0.203 -0.093 0.055
0.203 -0.093 0.092
0.203 -0.093 0.129
0.203 -0.093 0.166
0.203 -0.093 0.203
0.203 -0.093 0.240
0.203 -0.093 0.277
0.203 -0.093 0.314
0.203 -0.093 0.351
0.203 -0.093 0.388
0.203 -0.093 0.425
0.203 -0.093 0.462
0.203 -0.093 0.499
0.203 -0.056 -0.500
0.203 -0.056 -0.463
0.203 -0.056 -0.426
0.203 -0.056 -0.389
0.203 -0.056 -0.352
0.203 -0.056 -0.315
0.203 -0.056 -0.278
0.203 -0.056 -0.241
0.203 -0.056 -0.204
0.203 -0.056 -0.167
0.203 -0.056 -0.130
0.203 -0.056 -0.093
0.203 -0.056 -0.056
0.203 -0.056 -0.019
0.203 -0.056 0.018
0.203 -0.056 0.055
0.203 -0.056 0.092
0.203 -0.056 0.129
0.203 -0.056 0.166
0.203 -0.056 0.203
0.203 -0.056 0.240
0.203 -0.056 0.277
0.203 -0.056 0.314
0.203 -0.056 0.351
0.203 -0.056 0.388
0.203 -0.056 0.425
0.203 -0.056 0.462
0.203 -0.056 0.499
0.203 -0.019 -0.500
0.203 -0.019 -0.463
0.203 -0.019 -0.426
0.203 -0.019 -0.389
0.203 -0.019 -0.352
0.203 -0.019 -0.315
0.203 -0.019 -0.278
0.203 -0.019 -0.241
0.203 -0.019 -0.204
0.203 -0.019 -0.167
0.203 -0.019 -0.130
0.203 -0.019 -0.093
0.203 -0.019 -0.056
0.203 -0.019 -0.019
0.203 -0.019 0.018
0.203 -0.019 0.055
0.203 -0.019 0.092
0.203 -0.019 0.129
0.203 -0.019 0.166
0.203 -0.019 0.203
0.203 -0.019 0.240
0.203 -0.019 0.277
0.203 -0.019 0.314
0.203 -0.019 0.351
0.203 -0.019 0.388
0.203 -0.019 0.425
0.203 -0.019 0.462
0.203 -0.019 0.499
0.203 0.018 -0.500
0.203 0.018 -0.463
0.203 0.018 -0.426
0.203 0.018 -0.389
0.203 0.018 -0.352
0.203 0.018 -0.315
0.203 0.018 -0.278
0.203 0.018 -0.241
0.203 0.018 -0.204
0.203 0.018 -0.167
0.203 0.018 -0.130
0.203 0.018 -0.093
0.203 0.018 -0.056
0.203 0.018 -0.019
0.203 0.018 0.018
0.203 0.018 0.055
0.203 0.018 0.092
0.203 0.018 0.129
0.203 0.018 0.166
0.203 0.018 0.203
0.203 0.018 0.240
0.203 0.018 0.277
0.203 0.018 0.314
0.203 0.018 0.351
0.203 0.018 0.388
0.203 0.018 0.425
0.203 0.018 0.462
0.203 0.018 0.499
0.203 0.055 -0.500
0.203 0.055 -0.463
0.203 0.055 -0.426
0.203 0.055 -0.389
0.203 0.055 -0.352
0.203 0.055 -0.315
0.203 0.055 -0.278
0.203 0.055 -0.241
0.203 0.055 -0.204
0.203 0.055 -0.167
0.203 0.055 -0.130
0.203 0.055 -0.093
0.203 0.055 -0.056
0.203 0.055 -0.019
0.203 0.055 0.018
0.203 0.055 0.055
0.203 0.055 0.092
0.203 0.055 0.129
0.203 0.055 0.166
0.203 0.055 0.203
0.203 0.055 0.240
0.203 0.055 0.277
0.203 0.055 0.314
0.203 0.055 0.351
0.203 0.055 0.388
0.203 0.055 0.425
0.203 0.055 0.462
0.203 0.055 0.499
0.203 0.092 -0.500
0.203 0.092 -0.463
0.203 0.092 -0.426
0.203 0.092 -0.389
0.203 0.092 -0.352
0.203 0.092 -0.315
0.203 0.092 -0.278
0.203 0.092 -0.241
0.203 0.092 -0.204
0.203 0.092 -0.167
0.203 0.092 -0.130
0.203 0.092 -0.093
0.203 0.092 -0.056
0.203 0.092 -0.019
0.203 0.092 0.018
0.203 0.092 0.055
0.203 0.092 0.092
0.203 0.092 0.129
0.203 0.092 0.166
0.203 0.092 0.203
0.203 0.092 0.240
0.203 0.092 0.277
0.203 0.092 0.314
0.203 0.092 0.351
0.203 0.092 0.388
0.203 0.092 0.425
0.203 0.092 0.462
0.203 0.092 0.499
0.203 0.129 -0.500
0.203 0.129 -0.463
0.203 0.129 -0.426
0.203 0.129 -0.389
0.203 0.129 -0.352
0.203 0.129 -0.315
0.203 0.129 -0.278
0.203 0.129 -0.241
0.203 0.129 -0.204
0.203 0.129 -0.167
0.203 0.129 -0.130
0.203 0.129 -0.093
0.203 0.129 -0.056
0.203 0.129 -0.019
0.203 0.129 0.018
0.203 0.129 0.055
0.203 0.129 0.092
0.203 0.129 0.129
0.203 0.129 0.166
0.203 0.129 0.203
0.203 0.129 0.240
0.203 0.129 0.277
0.203 0.129 0.314
0.203 0.129 0.351
0.203 0.129 0.388
0.203 0.129 0.425
0.203 0.129 0.462
0.203 0.129 0.499
0.203 0.166 -0.500
0.203 0.166 -0.463
0.203 0.166 -0.426
0.203 0.166 -0.389
0.203 0.166 -0.352
0.203 0.166 -0.315
0.203 0.166 -0.278
0.203 0.166 -0.241
0.203 0.166 -0.204
0.203 0.166 -0.167
0.203 0.166 -0.130
0.203 0.166 -0.093
0.203 0.166 -0.056
0.203 0.166 -0.019
0.203 0.166 0.018
0.203 0.166 0.055
0.203 0.166 0.092
0.203 0.166 0.129
0.203 0.166 0.166
0.203 0.166 0.203
0.203 0.166 0.240
0.203 0.166 0.277
0.203 0.166 0.314
0.203 0.166 0.351
0.203 0.166 0.388
0.203 0.166 0.425
0.203 0.166 0.462
0.203 0.166 0.499
0.203 0.203 -0.500
0.203 0.203 -0.463
0.203 0.203 -0.426
0.203 0.203 -0.389
0.203 0.203 -0.352
0.203 0.203 -0.315
0.203 0.203 -0.278
0.203 0.203 -0.241
0.203 0.203 -0.204
0.203 0.203 -0.167
0.203 0.203 -0.130
0.203 0.203 -0.093
0.203 0.203 -0.056
0.203 0.203 -0.019
0.203 0.203 0.018
0.203 0.203 0.055
0.203 0.203 0.092
0.203 0.203 0.129
0.203 0.203 0.166
0.203 0.203 0.203
0.203 0.203 0.240
0.203 0.203 0.277
0.203 0.203 0.314
0.203 0.203 0.351
0.203 0.203 0.388
0.203 0.203 0.425
0.203 0.203 0.462
0.203 0.203 0.499
0.203 0.240 -0.500
0.203 0.240 -0.463
0.203 0.240 -0.426
0.203 0.240 -0.389
0.203 0.240 -0.352
0.203 0.240 -0.315
0.203 0.240 -0.278
0.203 0.240 -0.241
0.203 0.240 -0.204
0.203 0.240 -0.167
0.203 0.240 -0.130
0.203 0.240 -0.093
0.203 0.240 -0.056
0.203 0.240 -0.019
0.203 0.240 0.018
0.203 0.240 0.055
0.203 0.240 0.092
0.203 0.240 0.129
0.203 0.240 0.166
0.203 0.240 0.203
0.203 0.240 0.240
0.203 0.240 0.277
0.203 0.240 0.314
0.203 0.240 0.351
0.203 0.240 0.388
0.203 0.240 0.425
0.203 0.240 0.462
0.203 0.240 0.499
0.203 0.277 -0.500
0.203 0.277 -0.463
0.203 0.277 -0.426
0.203 0.277 -0.389
0.203 0.277 -0.352
0.203 0.277 -0.315
0.203 0.277 -0.278
0.203 0.277 -0.241
0.203 0.277 -0.204
0.203 0.277 -0.167
0.203 0.277 -0.130
0.203 0.277 -0.093
0.203 0.277 -0.056
0.203 0.277 -0.019
0.203 0.277 0.018
0.203 0.277 0.055
0.203 0.277 0.092
0.203 0.277 0.129
0.203 0.277 0.166
0.203 0.277 0.203
0.203 0.277 0.240
0.203 0.277 0.277
0.203 0.277 0.314
0.203 0.277 0.351
0.203 0.277 0.388
0.203 0.277 0.425
0.203 0.277 0.462
0.203 0.277 0.499
0.203 0.314 -0.500
0.203 0.314 -0.463
0.203 0.314 -0.426
0.203 0.314 -0.389
0.203 0.314 -0.352
0.203 0.314 -0.315
0.203 0.314 -0.278
0.203 0.314 -0.241
0.203 0.314 -0.204
0.203 0.314 -0.167
0.203 0.314 -0.130
0.203 0.314 -0.093
0.203 0.314 -0.056
0.203 0.314 -0.019
0.203 0.314 0.018
0.203 0.314 0.055
0.203 0.314 0.092
0.203 0.314 0.129
0.203 0.314 0.166
0.203 0.314 0.203
0.203 0.314 0.240
0.203 0.314 0.277
0.203 0.314 0.314
0.203 0.314 0.351
0.203 0.314 0.388
0.203 0.314 0.425
0.203 0.314 0.462
0.203 0.314 0.499
0.203 0.351 -0.500
0.203 0.351 -0.463
0.203 0.351 -0.426
0.203 0.351 -0.389
0.203 0.351 -0.352
0.203 0.351 -0.315
0.203 0.351 -0.278
0.203 0.351 -0.241
0.203 0.351 -0.204
0.203 0.351 -0.167
0.203 0.351 -0.130
0.203 0.351 -0.093
0.203 0.351 -0.056
0.203 0.351 -0.019
0.203 0.351 0.018
0.203 0.351 0.055
0.203 0.351 0.092
0.203 0.351 0.129
0.203 0.351 0.166
0.203 0.351 0.203
0.203 0.351 0.240
0.203 0.351 0.277
0.203 0.351 0.314
0.203 0.351 0.351
0.203 0.351 0.388
0.203 0.351 0.425
0.203 0.351 0.462
0.203 0.351 0.499
0.203 0.388 -0.500
0.203 0.388 -0.463
0.203 0.388 -0.426
0.203 0.388 -0.389
0.203 0.388 -0.352
0.203 0.388 -0.315
0.203 0.388 -0.278
0.203 0.388 -0.241
0.203 0.388 -0.204
0.203 0.388 -0.167
0.203 0.388 -0.130
0.203 0.388 -0.093
0.203 0.388 -0.056
0.203 0.388 -0.019
0.203 0.388 0.018
0.203 0.388 0.055
0.203 0.388 0.092
0.203 0.388 0.129
0.203 0.388 0.166
0.203 0.388 0.203
0.203 0.388 0.240
0.203 0.388 0.277
0.203 0.388 0.314
0.203 0.388 0.351
0.203 0.388 0.388
0.203 0.388 0.425
0.203 0.388 0.462
0.203 0.388 0.499
0.203 0.425 -0.500
0.203 0.425 -0.463
0.203 0.425 -0.426
0.203 0.425 -0.389
0.203 0.425 -0.352
0.203 0.425 -0.315
0.203 0.425 -0.278
0.203 0.425 -0.241
0.203 0.425 -0.204
0.203 0.425 -0.167
0.203 0.425 -0.130
0.203 0.425 -0.093
0.203 0.425 -0.056
0.203 0.425 -0.019
0.203 0.425 0.018
0.203 0.425 0.055
0.203 0.425 0.092
0.203 0.425 0.129
0.203 0.425 0.166
0.203 0.425 0.203
0.203 0.425 0.240
0.203 0.425 0.277
0.203 0.425 0.314
0.203 0.425 0.351
0.203 0.425 0.388
0.203 0.425 0.425
0.203 0.425 0.462
0.203 0.425 0.499
0.203 0.462 -0.500
0.203 0.462 -0.463
0.203 0.462 -0.426
0.203 0.462 -0.389
0.203 0.462 -0.352
0.203 0.462 -0.315
0.203 0.462 -0.278
0.203 0.462 -0.241
0.203 0.462 -0.204
0.203 0.462 -0.167
0.203 0.462 -0.130
0.203 0.462 -0.093
0.203 0.462 -0.056
0.203 0.462 -0.019
0.203 0.462 0.018
0.203 0.462 0.055
0.203 0.462 0.092
0.203 0.462 0.129
0.203 0.462 0.166
0.203 0.462 0.203
0.203 0.462 0.240
0.203 0.462 0.277
0.203 0.462 0.314
0.203 0.462 0.351
0.203 0.462 0.388
0.203 0.462 0.425
0.203 0.462 0.462
0.203 0.462 0.499
0.203 0.499 -0.500
0.203 0.499 -0.463
0.203 0.499 -0.426
0.203 0.499 -0.389
0.203 0.499 -0.352
0.203 0.499 -0.315
0.203 0.499 -0.278
0.203 0.499 -0.241
0.203 0.499 -0.204
0.203 0.499 -0.167
0.203 0.499 -0.130
0.203 0.499 -0.093
0.203 0.499 -0.056
0.203 0.499 -0.019
0.203 0.499 0.018
0.203 0.499 0.055
0.203 0.499 0.092
0.203 0.499 0.129
0.203 0.499 0.166
0.203 0.499 0.203
0.203 0.499 0.240
0.203 0.499 0.277
0.203 0.499 0.314
0.203 0.499 0.351
0.203 0.499 0.388
0.203 0.499 0.425
0.203 0.499 0.462
0.203 0.499 0.499
0.240 -0.500 -0.500
0.240 -0.500 -0.463
0.240 -0.500 -0.426
0.240 -0.500 -0.389
0.240 -0.500 -0.352
0.240 -0.500 -0.315
0.240 -0.500 -0.278
0.240 -0.500 -0.241
0.240 -0.500 -0.204
0.240 -0.500 -0.167
0.240 -0.500 -0.130
0.240 -0.500 -0.093
0.240 -0.500 -0.056
0.240 -0.500 -0.019
0.240 -0.500 0.018
0.240 -0.500 0.055
0.240 -0.500 0.092
0.240 -0.500 0.129
0.240 -0.500 0.166
0.240 -0.500 0.203
0.240 -0.500 0.240
0.240 -0.500 0.277
0.240 -0.500 0.314
0.240 -0.500 0.351
0.240 -0.500 0.388
0.240 -0.500 0.425
0.240 -0.500 0.462
0.240 -0.500 0.499
0.240 -0.463 -0.500
0.240 -0.463 -0.463
0.240 -0.463 -0.426
0.240 -0.463 -0.389
0.240 -0.463 -0.352
0.240 -0.463 -0.315
0.240 -0.463 -0.278
0.240 -0.463 -0.241
0.240 -0.463 -0.204
0.240 -0.463 -0.167
0.240 -0.463 -0.130
0.240 -0.463 -0.093
0.240 -0.463 -0.056
0.240 -0.463 -0.019
0.240 -0.463 0.018
0.240 -0.463 0.055
0.240 -0.463 0.092
0.240 -0.463 0.129
0.240 -0.463 0.166
0.240 -0.463 0.203
0.240 -0.463 0.240
0.240 -0.463 0.277
0.240 -0.463 0.314
0.240 -0.463 0.351
0.240 -0.463 0.388
0.240 -0.463 0.425
0.240 -0.463 0.462
0.240 -0.463 0.499
0.240 -0.426 -0.500
0.240 -0.426 -0.463
0.240 -0.426 -0.426
0.240 -0.426 -0.389
0.240 -0.426 -0.352
0.240 -0.426 -0.315
0.240 -0.426 -0.278
0.240 -0.426 -0.241
0.240 -0.426 -0.204
0.240 -0.426 -0.167
0.240 -0.426 -0.130
0.240 -0.426 -0.093
0.240 -0.426 -0.056
0.240 -0.426 -0.019
0.240 -0.426 0.018
0.240 -0.426 0.055
0.240 -0.426 0.092
0.240 -0.426 0.129
0.240 -0.426 0.166
0.240 -0.426 0.203
0.240 -0.426 0.240
0.240 -0.426 0.277
0.240 -0.426 0.314
0.240 -0.426 0.351
0.240 -0.426 0.388
0.240 -0.426 0.425
0.240 -0.426 0.462
0.240 -0.426 0.499
0.240 -0.389 -0.500
0.240 -0.389 -0.463
0.240 -0.389 -0.426
0.240 -0.389 -0.389
0.240 -0.389 -0.352
0.240 -0.389 -0.315
0.240 -0.389 -0.278
0.240 -0.389 -0.241
0.240 -0.389 -0.204
0.240 -0.389 -0.167
0.240 -0.389 -0.130
0.240 -0.389 -0.093
0.240 -0.389 -0.056
0.240 -0.389 -0.019
0.240 -0.389 0.018
0.240 -0.389 0.055
0.240 -0.389 0.092
0.240 -0.389 0.129
0.240 -0.389 0.166
0.240 -0.389 0.203
0.240 -0.389 0.240
0.240 -0.389 0.277
0.240 -0.389 0.314
0.240 -0.389 0.351
0.240 -0.389 0.388
0.240 -0.389 0.425
0.240 -0.389 0.462
0.240 -0.389 0.499
0.240 -0.352 -0.500
0.240 -0.352 -0.463
0.240 -0.352 -0.426
0.240 -0.352 -0.389
0.240 -0.352 -0.352
0.240 -0.352 -0.315
0.240 -0.352 -0.278
0.240 -0.352 -0.241
0.240 -0.352 -0.204
0.240 -0.352 -0.167
0.240 -0.352 -0.130
0.240 -0.352 -0.093
0.240 -0.352 -0.056
0.240 -0.352 -0.019
0.240 -0.352 0.018
0.240 -0.352 0.055
0.240 -0.352 0.092
0.240 -0.352 0.129
0.240 -0.352 0.166
0.240 -0.352 0.203
0.240 -0.352 0.240
0.240 -0.352 0.277
0.240 -0.352 0.314
0.240 -0.352 0.351
0.240 -0.352 0.388
0.240 -0.352 0.425
0.240 -0.352 0.462
0.240 -0.352 0.499
0.240 -0.315 -0.500
0.240 -0.315 -0.463
0.240 -0.315 -0.426
0.240 -0.315 -0.389
0.240 -0.315 -0.352
0.240 -0.315 -0.315
0.240 -0.315 -0.278
0.240 -0.315 -0.241
0.240 -0.315 -0.204
0.240 -0.315 -0.167
0.240 -0.315 -0.130
0.240 -0.315 -0.093
0.240 -0.315 -0.056
0.240 -0.315 -0.019
0.240 -0.315 0.018
0.240 -0.315 0.055
0.240 -0.315 0.092
0.240 -0.315 0.129
0.240 -0.315 0.166
0.240 -0.315 0.203
0.240 -0.315 0.240
0.240 -0.315 0.277
0.240 -0.315 0.314
0.240 -0.315 0.351
0.240 -0.315 0.388
0.240 -0.315 0.425
0.240 -0.315 0.462
0.240 -0.315 0.499
0.240 -0.278 -0.500
0.240 -0.278 -0.463
0.240 -0.278 -0.426
0.240 -0.278 -0.389
0.240 -0.278 -0.352
0.240 -0.278 -0.315
0.240 -0.278 -0.278
0.240 -0.278 -0.241
0.240 -0.278 -0.204
0.240 -0.278 -0.167
0.240 -0.278 -0.130
0.240 -0.278 -0.093
0.240 -0.278 -0.056
0.240 -0.278 -0.019
0.240 -0.278 0.018
0.240 -0.278 0.055
0.240 -0.278 0.092
0.240 -0.278 0.129
0.240 -0.278 0.166
0.240 -0.278 0.203
0.240 -0.278 0.240
0.240 -0.278 0.277
0.240 -0.278 0.314
0.240 -0.278 0.351
0.240 -0.278 0.388
0.240 -0.278 0.425
0.240 -0.278 0.462
0.240 -0.278 0.499
0.240 -0.241 -0.500
0.240 -0.241 -0.463
0.240 -0.241 -0.426
0.240 -0.241 -0.389
0.240 -0.241 -0.352
0.240 -0.241 -0.315
0.240 -0.241 -0.278
0.240 -0.241 -0.241
0.240 -0.241 -0.204
0.240 -0.241 -0.167
0.240 -0.241 -0.130
0.240 -0.241 -0.093
0.240 -0.241 -0.056
0.240 -0.241 -0.019
0.240 -0.241 0.018
0.240 -0.241 0.055
0.240 -0.241 0.092
0.240 -0.241 0.129
0.240 -0.241 0.166
0.240 -0.241 0.203
0.240 -0.241 0.240
0.240 -0.241 0.277
0.240 -0.241 0.314
0.240 -0.241 0.351
0.240 -0.241 0.388
0.240 -0.241 0.425
0.240 -0.241 0.462
0.240 -0.241 0.499
0.240 -0.204 -0.500
0.240 -0.204 -0.463
0.240 -0.204 -0.426
0.240 -0.204 -0.389
0.240 -0.204 -0.352
0.240 -0.204 -0.315
0.240 -0.204 -0.278
0.240 -0.204 -0.241
0.240 -0.204 -0.204
0.240 -0.204 -0.167
0.240 -0.204 -0.130
0.240 -0.204 -0.093
0.240 -0.204 -0.056
0.240 -0.204 -0.019
0.240 -0.204 0.018
0.240 -0.204 0.055
0.240 -0.204 0.092
0.240 -0.204 0.129
0.240 -0.204 0.166
0.240 -0.204 0.203
0.240 -0.204 0.240
0.240 -0.204 0.277
0.240 -0.204 0.314
0.240 -0.204 0.351
0.240 -0.204 0.388
0.240 -0.204 0.425
0.240 -0.204 0.462
0.240 -0.204 0.499
0.240 -0.167 -0.500
0.240 -0.167 -0.463
0.240 -0.167 -0.426
0.240 -0.167 -0.389
0.240 -0.167 -0.352
0.240 -0.167 -0.315
0.240 -0.167 -0.278
0.240 -0.167 -0.241
0.240 -0.167 -0.204
0.240 -0.167 -0.167
0.240 -0.167 -0.130
0.240 -0.167 -0.093
0.240 -0.167 -0.056
0.240 -0.167 -0.019
0.240 -0.167 0.018
0.240 -0.167 0.055
0.240 -0.167 0.092
0.240 -0.167 0.129
0.240 -0.167 0.166
0.240 -0.167 0.203
0.240 -0.167 0.240
0.240 -0.167 0.277
0.240 -0.167 0.314
0.240 -0.167 0.351
0.240 -0.167 0.388
0.240 -0.167 0.425
0.240 -0.167 0.462
0.240 -0.167 0.499
0.240 -0.130 -0.500
0.240 -0.130 -0.463
0.240 -0.130 -0.426
0.240 -0.130 -0.389
0.240 -0.130 -0.352
0.240 -0.130 -0.315
0.240 -0.130 -0.278
0.240 -0.130 -0.241
0.240 -0.130 -0.204
0.240 -0.130 -0.167
0.240 -0.130 -0.130
0.240 -0.130 -0.093
0.240 -0.130 -0.056
0.240 -0.130 -0.019
0.240 -0.130 0.018
0.240 -0.130 0.055
0.240 -0.130 0.092
0.240 -0.130 0.129
0.240 -0.130 0.166
0.240 -0.130 0.203
0.240 -0.130 0.240
0.240 -0.130 0.277
0.240 -0.130 0.314
0.240 -0.130 0.351
0.240 -0.130 0.388
0.240 -0.130 0.425
0.240 -0.130 0.462
0.240 -0.130 0.499
0.240 -0.093 -0.500
0.240 -0.093 -0.463
0.240 -0.093 -0.426
0.240 -0.093 -0.389
0.240 -0.093 -0.352
0.240 -0.093 -0.315
0.240 -0.093 -0.278
0.240 -0.093 -0.241
0.240 -0.093 -0.204
0.240 -0.093 -0.167
0.240 -0.093 -0.130
0.240 -0.093 -0.093
0.240 -0.093 -0.056
0.240 -0.093 -0.019
0.240 -0.093 0.018
0.240 -0.093 0.055
0.240 -0.093 0.092
0.240 -0.093 0.129
0.240 -0.093 0.166
0.240 -0.093 0.203
0.240 -0.093 0.240
0.240 -0.093 0.277
0.240 -0.093 0.314
0.240 -0.093 0.351
0.240 -0.093 0.388
0.240 -0.093 0.425
0.240 -0.093 0.462
0.240 -0.093 0.499
0.240 -0.056 -0.500
0.240 -0.056 -0.463
0.240 -0.056 -0.426
0.240 -0.056 -0.389
0.240 -0.056 -0.352
0.240 -0.056 -0.315
0.240 -0.056 -0.278
0.240 -0.056 -0.241
0.240 -0.056 -0.204
0.240 -0.056 -0.167
0.240 -0.056 -0.130
0.240 -0.056 -0.093
0.240 -0.056 -0.056
0.240 -0.056 -0.019
0.240 -0.056 0.018
0.240 -0.056 0.055
0.240 -0.056 0.092
0.240 -0.056 0.129
0.240 -0.056 0.166
0.240 -0.056 0.203
0.240 -0.056 0.240
0.240 -0.056 0.277
0.240 -0.056 0.314
0.240 -0.056 0.351
0.240 -0.056 0.388
0.240 -0.056 0.425
0.240 -0.056 0.462
0.240 -0.056 0.499
0.240 -0.019 -0.500
0.240 -0.019 -0.463
0.240 -0.019 -0.426
0.240 -0.019 -0.389
0.240 -0.019 -0.352
0.240 -0.019 -0.315
0.240 -0.019 -0.278
0.240 -0.019 -0.241
0.240 -0.019 -0.204
0.240 -0.019 -0.167
0.240 -0.019 -0.130
0.240 -0.019 -0.093
0.240 -0.019 -0.056
0.240 -0.019 -0.019
0.240 -0.019 0.018
0.240 -0.019 0.055
0.240 -0.019 0.092
0.240 -0.019 0.129
0.240 -0.019 0.166
0.240 -0.019 0.203
0.240 -0.019 0.240
0.240 -0.019 0.277
0.240 -0.019 0.314
0.240 -0.019 0.351
0.240 -0.019 0.388
0.240 -0.019 0.425
0.240 -0.019 0.462
0.240 -0.019 0.499
0.240 0.018 -0.500
0.240 0.018 -0.463
0.240 0.018 -0.426
0.240 0.018 -0.389
0.240 0.018 -0.352
0.240 0.018 -0.315
0.240 0.018 -0.278
0.240 0.018 -0.241
0.240 0.018 -0.204
0.240 0.018 -0.167
0.240 0.018 -0.130
0.240 0.018 -0.093
0.240 0.018 -0.056
0.240 0.018 -0.019
0.240 0.018 0.018
0.240 0.018 0.055
0.240 0.018 0.092
0.240 0.018 0.129
0.240 0.018 0.166
0.240 0.018 0.203
0.240 0.018 0.240
0.240 0.018 0.277
0.240 0.018 0.314
0.240 0.018 0.351
0.240 0.018 0.388
0.240 0.018 0.425
0.240 0.018 0.462
0.240 0.018 0.499
0.240 0.055 -0.500
0.240 0.055 -0.463
0.240 0.055 -0.426
0.240 0.055 -0.389
0.240 0.055 -0.352
0.240 0.055 -0.315
0.240 0.055 -0.278
0.240 0.055 -0.241
0.240 0.055 -0.204
0.240 0.055 -0.167
0.240 0.055 -0.130
0.240 0.055 -0.093
0.240 0.055 -0.056
0.240 0.055 -0.019
0.240 0.055 0.018
0.240 0.055 0.055
0.240 0.055 0.092
0.240 0.055 0.129
0.240 0.055 0.166
0.240 0.055 0.203
0.240 0.055 0.240
0.240 0.055 0.277
0.240 0.055 0.314
0.240 0.055 0.351
0.240 0.055 0.388
0.240 0.055 0.425
0.240 0.055 0.462
0.240 0.055 0.499
0.240 0.092 -0.500
0.240 0.092 -0.463
0.240 0.092 -0.426
0.240 0.092 -0.389
0.240 0.092 -0.352
0.240 0.092 -0.315
0.240 0.092 -0.278
0.240 0.092 -0.241
0.240 0.092 -0.204
0.240 0.092 -0.167
0.240 0.092 -0.130
0.240 0.092 -0.093
0.240 0.092 -0.056
0.240 0.092 -0.019
0.240 0.092 0.018
0.240 0.092 0.055
0.240 0.092 0.092
0.240 0.092 0.129
0.240 0.092 0.166
0.240 0.092 0.203
0.240 0.092 0.240
0.240 0.092 0.277
0.240 0.092 0.314
0.240 0.092 0.351
0.240 0.092 0.388
0.240 0.092 0.425
0.240 0.092 0.462
0.240 0.092 0.499
0.240 0.129 -0.500
0.240 0.129 -0.463
0.240 0.129 -0.426
0.240 0.129 -0.389
0.240 0.129 -0.352
0.240 0.129 -0.315
0.240 0.129 -0.278
0.240 0.129 -0.241
0.240 0.129 -0.204
0.240 0.129 -0.167
0.240 0.129 -0.130
0.240 0.129 -0.093
0.240 0.129 -0.056
0.240 0.129 -0.019
0.240 0.129 0.018
0.240 0.129 0.055
0.240 0.129 0.092
0.240 0.129 0.129
0.240 0.129 0.166
0.240 0.129 0.203
0.240 0.129 0.240
0.240 0.129 0.277
0.240 0.129 0.314
0.240 0.129 0.351
0.240 0.129 0.388
0.240 0.129 0.425
0.240 0.129 0.462
0.240 0.129 0.499
0.240 0.166 -0.500
0.240 0.166 -0.463
0.240 0.166 -0.426
0.240 0.166 -0.389
0.240 0.166 -0.352
0.240 0.166 -0.315
0.240 0.166 -0.278
0.240 0.166 -0.241
0.240 0.166 -0.204
0.240 0.166 -0.167
0.240 0.166 -0.130
0.240 0.166 -0.093
0.240 0.166 -0.056
0.240 0.166 -0.019
0.240 0.166 0.018
0.240 0.166 0.055
0.240 0.166 0.092
0.240 0.166 0.129
0.240 0.166 0.166
0.240 0.166 0.203
0.240 0.166 0.240
0.240 0.166 0.277
0.240 0.166 0.314
0.240 0.166 0.351
0.240 0.166 0.388
0.240 0.166 0.425
0.240 0.166 0.462
0.240 0.166 0.499
0.240 0.203 -0.500
0.240 0.203 -0.463
0.240 0.203 -0.426
0.240 0.203 -0.389
0.240 0.203 -0.352
0.240 0.203 -0.315
0.240 0.203 -0.278
0.240 0.203 -0.241
0.240 0.203 -0.204
0.240 0.203 -0.167
0.240 0.203 -0.130
0.240 0.203 -0.093
0.240 0.203 -0.056
0.240 0.203 -0.019
0.240 0.203 0.018
0.240 0.203 0.055
0.240 0.203 0.092
0.240 0.203 0.129
0.240 0.203 0.166
0.240 0.203 0.203
0.240 0.203 0.240
0.240 0.203 0.277
0.240 0.203 0.314
0.240 0.203 0.351
0.240 0.203 0.388
0.240 0.203 0.425
0.240 0.203 0.462
0.240 0.203 0.499
0.240 0.240 -0.500
0.240 0.240 -0.463
0.240 0.240 -0.426
0.240 0.240 -0.389
0.240 0.240 -0.352
0.240 0.240 -0.315
0.240 0.240 -0.278
0.240 0.240 -0.241
0.240 0.240 -0.204
0.240 0.240 -0.167
0.240 0.240 -0.130
0.240 0.240 -0.093
0.240 0.240 -0.056
0.240 0.240 -0.019
0.240 0.240 0.018
0.240 0.240 0.055
0.240 0.240 0.092
0.240 0.240 0.129
0.240 0.240 0.166
0.240 0.240 0.203
0.240 0.240 0.240
0.240 0.240 0.277
0.240 0.240 0.314
0.240 0.240 0.351
0.240 0.240 0.388
0.240 0.240 0.425
0.240 0.240 0.462
0.240 0.240 0.499
0.240 0.277 -0.500
0.240 0.277 -0.463
0.240 0.277 -0.426
0.240 0.277 -0.389
0.240 0.277 -0.352
0.240 0.277 -0.315
0.240 0.277 -0.278
0.240 0.277 -0.241
0.240 0.277 -0.204
0.240 0.277 -0.167
0.240 0.277 -0.130
0.240 0.277 -0.093
0.240 0.277 -0.056
0.240 0.277 -0.019
0.240 0.277 0.018
0.240 0.277 0.055
0.240 0.277 0.092
0.240 0.277 0.129
0.240 0.277 0.166
0.240 0.277 0.203
0.240 0.277 0.240
0.240 0.277 0.277
0.240 0.277 0.314
0.240 0.277 0.351
0.240 0.277 0.388
0.240 0.277 0.425
0.240 0.277 0.462
0.240 0.277 0.499
0.240 0.314 -0.500
0.240 0.314 -0.463
0.240 0.314 -0.426
0.240 0.314 -0.389
0.240 0.314 -0.352
0.240 0.314 -0.315
0.240 0.314 -0.278
0.240 0.314 -0.241
0.240 0.314 -0.204
0.240 0.314 -0.167
0.240 0.314 -0.130
0.240 0.314 -0.093
0.240 0.314 -0.056
0.240 0.314 -0.019
0.240 0.314 0.018
0.240 0.314 0.055
0.240 0.314 0.092
0.240 0.314 0.129
0.240 0.314 0.166
0.240 0.314 0.203
0.240 0.314 0.240
0.240 0.314 0.277
0.240 0.314 0.314
0.240 0.314 0.351
0.240 0.314 0.388
0.240 0.314 0.425
0.240 0.314 0.462
0.240 0.314 0.499
0.240 0.351 -0.500
0.240 0.351 -0.463
0.240 0.351 -0.426
0.240 0.351 -0.389
0.240 0.351 -0.352
0.240 0.351 -0.315
0.240 0.351 -0.278
0.240 0.351 -0.241
0.240 0.351 -0.204
0.240 0.351 -0.167
0.240 0.351 -0.130
0.240 0.351 -0.093
0.240 0.351 -0.056
0.240 0.351 -0.019
0.240 0.351 0.018
0.240 0.351 0.055
0.240 0.351 0.092
0.240 0.351 0.129
0.240 0.351 0.166
0.240 0.351 0.203
0.240 0.351 0.240
0.240 0.351 0.277
0.240 0.351 0.314
0.240 0.351 0.351
0.240 0.351 0.388
0.240 0.351 0.425
0.240 0.351 0.462
0.240 0.351 0.499
0.240 0.388 -0.500
0.240 0.388 -0.463
0.240 0.388 -0.426
0.240 0.388 -0.389
0.240 0.388 -0.352
0.240 0.388 -0.315
0.240 0.388 -0.278
0.240 0.388 -0.241
0.240 0.388 -0.204
0.240 0.388 -0.167
0.240 0.388 -0.130
0.240 0.388 -0.093
0.240 0.388 -0.056
0.240 0.388 -0.019
0.240 0.388 0.018
0.240 0.388 0.055
0.240 0.388 0.092
0.240 0.388 0.129
0.240 0.388 0.166
0.240 0.388 0.203
0.240 0.388 0.240
0.240 0.388 0.277
0.240 0.388 0.314
0.240 0.388 0.351
0.240 0.388 0.388
0.240 0.388 0.425
0.240 0.388 0.462
0.240 0.388 0.499
0.240 0.425 -0.500
0.240 0.425 -0.463
0.240 0.425 -0.426
0.240 0.425 -0.389
0.240 0.425 -0.352
0.240 0.425 -0.315
0.240 0.425 -0.278
0.240 0.425 -0.241
0.240 0.425 -0.204
0.240 0.425 -0.167
0.240 0.425 -0.130
0.240 0.425 -0.093
0.240 0.425 -0.056
0.240 0.425 -0.019
0.240 0.425 0.018
0.240 0.425 0.055
0.240 0.425 0.092
0.240 0.425 0.129
0.240 0.425 0.166
0.240 0.425 0.203
0.240 0.425 0.240
0.240 0.425 0.277
0.240 0.425 0.314
0.240 0.425 0.351
0.240 0.425 0.388
0.240 0.425 0.425
0.240 0.425 0.462
0.240 0.425 0.499
0.240 0.462 -0.500
0.240 0.462 -0.463
0.240 0.462 -0.426
0.240 0.462 -0.389
0.240 0.462 -0.352
0.240 0.462 -0.315
0.240 0.462 -0.278
0.240 0.462 -0.241
0.240 0.462 -0.204
0.240 0.462 -0.167
0.240 0.462 -0.130
0.240 0.462 -0.093
0.240 0.462 -0.056
0.240 0.462 -0.019
0.240 0.462 0.018
0.240 0.462 0.055
0.240 0.462 0.092
0.240 0.462 0.129
0.240 0.462 0.166
0.240 0.462 0.203
0.240 0.462 0.240
0.240 0.462 0.277
0.240 0.462 0.314
0.240 0.462 0.351
0.240 0.462 0.388
0.240 0.462 0.425
0.240 0.462 0.462
0.240 0.462 0.499
0.240 0.499 -0.500
0.240 0.499 -0.463
0.240 0.499 -0.426
0.240 0.499 -0.389
0.240 0.499 -0.352
0.240 0.499 -0.315
0.240 0.499 -0.278
0.240 0.499 -0.241
0.240 0.499 -0.204
0.240 0.499 -0.167
0.240 0.499 -0.130
0.240 0.499 -0.093
0.240 0.499 -0.056
0.240 0.499 -0.019
0.240 0.499 0.018
0.240 0.499 0.055
0.240 0.499 0.092
0.240 0.499 0.129
0.240 0.499 0.166
0.240 0.499 0.203
0.240 0.499 0.240
0.240 0.499 0.277
0.240 0.499 0.314
0.240 0.499 0.351
0.240 0.499 0.388
0.240 0.499 0.425
0.240 0.499 0.462
0.240 0.499 0.499
0.277 -0.500 -0.500
0.277 -0.500 -0.463
0.277 -0.500 -0.426
0.277 -0.500 -0.389
0.277 -0.500 -0.352
0.277 -0.500 -0.315
0.277 -0.500 -0.278
0.277 -0.500 -0.241
0.277 -0.500 -0.204
0.277 -0.500 -0.167
0.277 -0.500 -0.130
0.277 -0.500 -0.093
0.277 -0.500 -0.056
0.277 -0.500 -0.019
0.277 -0.500 0.018
0.277 -0.500 0.055
0.277 -0.500 0.092
0.277 -0.500 0.129
0.277 -0.500 0.166
0.277 -0.500 0.203
0.277 -0.500 0.240
0.277 -0.500 0.277
0.277 -0.500 0.314
0.277 -0.500 0.351
0.277 -0.500 0.388
0.277 -0.500 0.425
0.277 -0.500 0.462
0.277 -0.500 0.499
0.277 -0.463 -0.500
0.277 -0.463 -0.463
0.277 -0.463 -0.426
0.277 -0.463 -0.389
0.277 -0.463 -0.352
0.277 -0.463 -0.315
0.277 -0.463 -0.278
0.277 -0.463 -0.241
0.277 -0.463 -0.204
0.277 -0.463 -0.167
0.277 -0.463 -0.130
0.277 -0.463 -0.093
0.277 -0.463 -0.056
0.277 -0.463 -0.019
0.277 -0.463 0.018
0.277 -0.463 0.055
0.277 -0.463 0.092
0.277 -0.463 0.129
0.277 -0.463 0.166
0.277 -0.463 0.203
0.277 -0.463 0.240
0.277 -0.463 0.277
0.277 -0.463 0.314
0.277 -0.463 0.351
0.277 -0.463 0.388
0.277 -0.463 0.425
0.277 -0.463 0.462
0.277 -0.463 0.499
0.277 -0.426 -0.500
0.277 -0.426 -0.463
0.277 -0.426 -0.426
0.277 -0.426 -0.389
0.277 -0.426 -0.352
0.277 -0.426 -0.315
0.277 -0.426 -0.278
0.277 -0.426 -0.241
0.277 -0.426 -0.204
0.277 -0.426 -0.167
0.277 -0.426 -0.130
0.277 -0.426 -0.093
0.277 -0.426 -0.056
0.277 -0.426 -0.019
0.277 -0.426 0.018
0.277 -0.426 0.055
0.277 -0.426 0.092
0.277 -0.426 0.129
0.277 -0.426 0.166
0.277 -0.426 0.203
0.277 -0.426 0.240
0.277 -0.426 0.277
0.277 -0.426 0.314
0.277 -0.426 0.351
0.277 -0.426 0.388
0.277 -0.426 0.425
0.277 -0.426 0.462
0.277 -0.426 0.499
0.277 -0.389 -0.500
0.277 -0.389 -0.463
0.277 -0.389 -0.426
0.277 -0.389 -0.389
0.277 -0.389 -0.352
0.277 -0.389 -0.315
0.277 -0.389 -0.278
0.277 -0.389 -0.241
0.277 -0.389 -0.204
0.277 -0.389 -0.167
0.277 -0.389 -0.130
0.277 -0.389 -0.093
0.277 -0.389 -0.056
0.277 -0.389 -0.019
0.277 -0.389 0.018
0.277 -0.389 0.055
0.277 -0.389 0.092
0.277 -0.389 0.129
0.277 -0.389 0.166
0.277 -0.389 0.203
0.277 -0.389 0.240
0.277 -0.389 0.277
0.277 -0.389 0.314
0.277 -0.389 0.351
0.277 -0.389 0.388
0.277 -0.389 0.425
0.277 -0.389 0.462
0.277 -0.389 0.499
0.277 -0.352 -0.500
0.277 -0.352 -0.463
0.277 -0.352 -0.426
0.277 -0.352 -0.389
0.277 -0.352 -0.352
0.277 -0.352 -0.315
0.277 -0.352 -0.278
0.277 -0.352 -0.241
0.277 -0.352 -0.204
0.277 -0.352 -0.167
0.277 -0.352 -0.130
0.277 -0.352 -0.093
0.277 -0.352 -0.056
0.277 -0.352 -0.019
0.277 -0.352 0.018
0.277 -0.352 0.055
0.277 -0.352 0.092
0.277 -0.352 0.129
0.277 -0.352 0.166
0.277 -0.352 0.203
0.277 -0.352 0.240
0.277 -0.352 0.277
0.277 -0.352 0.314
0.277 -0.352 0.351
0.277 -0.352 0.388
0.277 -0.352 0.425
0.277 -0.352 0.462
0.277 -0.352 0.499
0.277 -0.315 -0.500
0.277 -0.315 -0.463
0.277 -0.315 -0.426
0.277 -0.315 -0.389
0.277 -0.315 -0.352
0.277 -0.315 -0.315
0.277 -0.315 -0.278
0.277 -0.315 -0.241
0.277 -0.315 -0.204
0.277 -0.315 -0.167
0.277 -0.315 -0.130
0.277 -0.315 -0.093
0.277 -0.315 -0.056
0.277 -0.315 -0.019
0.277 -0.315 0.018
0.277 -0.315 0.055
0.277 -0.315 0.092
0.277 -0.315 0.129
0.277 -0.315 0.166
0.277 -0.315 0.203
0.277 -0.315 0.240
0.277 -0.315 0.277
0.277 -0.315 0.314
0.277 -0.315 0.351
0.277 -0.315 0.388
0.277 -0.315 0.425
0.277 -0.315 0.462
0.277 -0.315 0.499
0.277 -0.278 -0.500
0.277 -0.278 -0.463
0.277 -0.278 -0.426
0.277 -0.278 -0.389
0.277 -0.278 -0.352
0.277 -0.278 -0.315
0.277 -0.278 -0.278
0.277 -0.278 -0.241
0.277 -0.278 -0.204
0.277 -0.278 -0.167
0.277 -0.278 -0.130
0.277 -0.278 -0.093
0.277 -0.278 -0.056
0.277 -0.278 -0.019
0.277 -0.278 0.018
0.277 -0.278 0.055
0.277 -0.278 0.092
0.277 -0.278 0.129
0.277 -0.278 0.166
0.277 -0.278 0.203
0.277 -0.278 0.240
0.277 -0.278 0.277
0.277 -0.278 0.314
0.277 -0.278 0.351
0.277 -0.278 0.388
0.277 -0.278 0.425
0.277 -0.278 0.462
0.277 -0.278 0.499
0.277 -0.241 -0.500
0.277 -0.241 -0.463
0.277 -0.241 -0.426
0.277 -0.241 -0.389
0.277 -0.241 -0.352
0.277 -0.241 -0.315
0.277 -0.241 -0.278
0.277 -0.241 -0.241
0.277 -0.241 -0.204
0.277 -0.241 -0.167
0.277 -0.241 -0.130
0.277 -0.241 -0.093
0.277 -0.241 -0.056
0.277 -0.241 -0.019
0.277 -0.241 0.018
0.277 -0.241 0.055
0.277 -0.241 0.092
0.277 -0.241 0.129
0.277 -0.241 0.166
0.277 -0.241 0.203
0.277 -0.241 0.240
0.277 -0.241 0.277
0.277 -0.241 0.314
0.277 -0.241 0.351
0.277 -0.241 0.388
0.277 -0.241 0.425
0.277 -0.241 0.462
0.277 -0.241 0.499
0.277 -0.204 -0.500
0.277 -0.204 -0.463
0.277 -0.204 -0.426
0.277 -0.204 -0.389
0.277 -0.204 -0.352
0.277 -0.204 -0.315
0.277 -0.204 -0.278
0.277 -0.204 -0.241
0.277 -0.204 -0.204
0.277 -0.204 -0.167
0.277 -0.204 -0.130
0.277 -0.204 -0.093
0.277 -0.204 -0.056
0.277 -0.204 -0.019
0.277 -0.204 0.018
0.277 -0.204 0.055
0.277 -0.204 0.092
0.277 -0.204 0.129
0.277 -0.204 0.166
0.277 -0.204 0.203
0.277 -0.204 0.240
0.277 -0.204 0.277
0.277 -0.204 0.314
0.277 -0.204 0.351
0.277 -0.204 0.388
0.277 -0.204 0.425
0.277 -0.204 0.462
0.277 -0.204 0.499
0.277 -0.167 -0.500
0.277 -0.167 -0.463
0.277 -0.167 -0.426
0.277 -0.167 -0.389
0.277 -0.167 -0.352
0.277 -0.167 -0.315
0.277 -0.167 -0.278
0.277 -0.167 -0.241
0.277 -0.167 -0.204
0.277 -0.167 -0.167
0.277 -0.167 -0.130
0.277 -0.167 -0.093
0.277 -0.167 -0.056
0.277 -0.167 -0.019
0.277 -0.167 0.018
0.277 -0.167 0.055
0.277 -0.167 0.092
0.277 -0.167 0.129
0.277 -0.167 0.166
0.277 -0.167 0.203
0.277 -0.167 0.240
0.277 -0.167 0.277
0.277 -0.167 0.314
0.277 -0.167 0.351
0.277 -0.167 0.388
0.277 -0.167 0.425
0.277 -0.167 0.462
0.277 -0.167 0.499
0.277 -0.130 -0.500
0.277 -0.130 -0.463
0.277 -0.130 -0.426
0.277 -0.130 -0.389
0.277 -0.130 -0.352
0.277 -0.130 -0.315
0.277 -0.130 -0.278
0.277 -0.130 -0.241
0.277 -0.130 -0.204
0.277 -0.130 -0.167
0.277 -0.130 -0.130
0.277 -0.130 -0.093
0.277 -0.130 -0.056
0.277 -0.130 -0.019
0.277 -0.130 0.018
0.277 -0.130 0.055
0.277 -0.130 0.092
0.277 -0.130 0.129
0.277 -0.130 0.166
0.277 -0.130 0.203
0.277 -0.130 0.240
0.277 -0.130 0.277
0.277 -0.130 0.314
0.277 -0.130 0.351
0.277 -0.130 0.388
0.277 -0.130 0.425
0.277 -0.130 0.462
0.277 -0.130 0.499
0.277 -0.093 -0.500
0.277 -0.093 -0.463
0.277 -0.093 -0.426
0.277 -0.093 -0.389
0.277 -0.093 -0.352
0.277 -0.093 -0.315
0.277 -0.093 -0.278
0.277 -0.093 -0.241
0.277 -0.093 -0.204
0.277 -0.093 -0.167
0.277 -0.093 -0.130
0.277 -0.093 -0.093
0.277 -0.093 -0.056
0.277 -0.093 -0.019
0.277 -0.093 0.018
0.277 -0.093 0.055
0.277 -0.093 0.092
0.277 -0.093 0.129
0.277 -0.093 0.166
0.277 -0.093 0.203
0.277 -0.093 0.240
0.277 -0.093 0.277
0.277 -0.093 0.314
0.277 -0.093 0.351
0.277 -0.093 0.388
0.277 -0.093 0.425
0.277 -0.093 0.462
0.277 -0.093 0.499
0.277 -0.056 -0.500
0.277 -0.056 -0.463
0.277 -0.056 -0.426
0.277 -0.056 -0.389
0.277 -0.056 -0.352
0.277 -0.056 -0.315
0.277 -0.056 -0.278
0.277 -0.056 -0.241
0.277 -0.056 -0.204
0.277 -0.056 -0.167
0.277 -0.056 -0.130
0.277 -0.056 -0.093
0.277 -0.056 -0.056
0.277 -0.056 -0.019
0.277 -0.056 0.018
0.277 -0.056 0.055
0.277 -0.056 0.092
0.277 -0.056 0.129
0.277 -0.056 0.166
0.277 -0.056 0.203
0.277 -0.056 0.240
0.277 -0.056 0.277
0.277 -0.056 0.314
0.277 -0.056 0.351
0.277 -0.056 0.388
0.277 -0.056 0.425
0.277 -0.056 0.462
0.277 -0.056 0.499
0.277 -0.019 -0.500
0.277 -0.019 -0.463
0.277 -0.019 -0.426
0.277 -0.019 -0.389
0.277 -0.019 -0.352
0.277 -0.019 -0.315
0.277 -0.019 -0.278
0.277 -0.019 -0.241
0.277 -0.019 -0.204
0.277 -0.019 -0.167
0.277 -0.019 -0.130
0.277 -0.019 -0.093
0.277 -0.019 -0.056
0.277 -0.019 -0.019
0.277 -0.019 0.018
0.277 -0.019 0.055
0.277 -0.019 0.092
0.277 -0.019 0.129
0.277 -0.019 0.166
0.277 -0.019 0.203
0.277 -0.019 0.240
0.277 -0.019 0.277
0.277 -0.019 0.314
0.277 -0.019 0.351
0.277 -0.019 0.388
0.277 -0.019 0.425
0.277 -0.019 0.462
0.277 -0.019 0.499
0.277 0.018 -0.500
0.277 0.018 -0.463
0.277 0.018 -0.426
0.277 0.018 -0.389
0.277 0.018 -0.352
0.277 0.018 -0.315
0.277 0.018 -0.278
0.277 0.018 -0.241
0.277 0.018 -0.204
0.277 0.018 -0.167
0.277 0.018 -0.130
0.277 0.018 -0.093
0.277 0.018 -0.056
0.277 0.018 -0.019
0.277 0.018 0.018
0.277 0.018 0.055
0.277 0.018 0.092
0.277 0.018 0.129
0.277 0.018 0.166
0.277 0.018 0.203
0.277 0.018 0.240
0.277 0.018 0.277
0.277 0.018 0.314
0.277 0.018 0.351
0.277 0.018 0.388
0.277 0.018 0.425
0.277 0.018 0.462
0.277 0.018 0.499
0.277 0.055 -0.500
0.277 0.055 -0.463
0.277 0.055 -0.426
0.277 0.055 -0.389
0.277 0.055 -0.352
0.277 0.055 -0.315
0.277 0.055 -0.278
0.277 0.055 -0.241
0.277 0.055 -0.204
0.277 0.055 -0.167
0.277 0.055 -0.130
0.277 0.055 -0.093
0.277 0.055 -0.056
0.277 0.055 -0.019
0.277 0.055 0.018
0.277 0.055 0.055
0.277 0.055 0.092
0.277 0.055 0.129
0.277 0.055 0.166
0.277 0.055 0.203
0.277 0.055 0.240
0.277 0.055 0.277
0.277 0.055 0.314
0.277 0.055 0.351
0.277 0.055 0.388
0.277 0.055 0.425
0.277 0.055 0.462
0.277 0.055 0.499
0.277 0.092 -0.500
0.277 0.092 -0.463
0.277 0.092 -0.426
0.277 0.092 -0.389
0.277 0.092 -0.352
0.277 0.092 -0.315
0.277 0.092 -0.278
0.277 0.092 -0.241
0.277 0.092 -0.204
0.277 0.092 -0.167
0.277 0.092 -0.130
0.277 0.092 -0.093
0.277 0.092 -0.056
0.277 0.092 -0.019
0.277 0.092 0.018
0.277 0.092 0.055
0.277 0.092 0.092
0.277 0.092 0.129
0.277 0.092 0.166
0.277 0.092 0.203
0.277 0.092 0.240
0.277 0.092 0.277
0.277 0.092 0.314
0.277 0.092 0.351
0.277 0.092 0.388
0.277 0.092 0.425
0.277 0.092 0.462
0.277 0.092 0.499
0.277 0.129 -0.500
0.277 0.129 -0.463
0.277 0.129 -0.426
0.277 0.129 -0.389
0.277 0.129 -0.352
0.277 0.129 -0.315
0.277 0.129 -0.278
0.277 0.129 -0.241
0.277 0.129 -0.204
0.277 0.129 -0.167
0.277 0.129 -0.130
0.277 0.129 -0.093
0.277 0.129 -0.056
0.277 0.129 -0.019
0.277 0.129 0.018
0.277 0.129 0.055
0.277 0.129 0.092
0.277 0.129 0.129
0.277 0.129 0.166
0.277 0.129 0.203
0.277 0.129 0.240
0.277 0.129 0.277
0.277 0.129 0.314
0.277 0.129 0.351
0.277 0.129 0.388
0.277 0.129 0.425
0.277 0.129 0.462
0.277 0.129 0.499
0.277 0.166 -0.500
0.277 0.166 -0.463
0.277 0.166 -0.426
0.277 0.166 -0.389
0.277 0.166 -0.352
0.277 0.166 -0.315
0.277 0.166 -0.278
0.277 0.166 -0.241
0.277 0.166 -0.204
0.277 0.166 -0.167
0.277 0.166 -0.130
0.277 0.166 -0.093
0.277 0.166 -0.056
0.277 0.166 -0.019
0.277 0.166 0.018
0.277 0.166 0.055
0.277 0.166 0.092
0.277 0.166 0.129
0.277 0.166 0.166
0.277 0.166 0.203
0.277 0.166 0.240
0.277 0.166 0.277
0.277 0.166 0.314
0.277 0.166 0.351
0.277 0.166 0.388
0.277 0.166 0.425
0.277 0.166 0.462
0.277 0.166 0.499
0.277 0.203 -0.500
0.277 0.203 -0.463
0.277 0.203 -0.426
0.277 0.203 -0.389
0.277 0.203 -0.352
0.277 0.203 -0.315
0.277 0.203 -0.278
0.277 0.203 -0.241
0.277 0.203 -0.204
0.277 0.203 -0.167
0.277 0.203 -0.130
0.277 0.203 -0.093
0.277 0.203 -0.056
0.277 0.203 -0.019
0.277 0.203 0.018
0.277 0.203 0.055
0.277 0.203 0.092
0.277 0.203 0.129
0.277 0.203 0.166
0.277 0.203 0.203
0.277 0.203 0.240
0.277 0.203 0.277
0.277 0.203 0.314
0.277 0.203 0.351
0.277 0.203 0.388
0.277 0.203 0.425
0.277 0.203 0.462
0.277 0.203 0.499
0.277 0.240 -0.500
0.277 0.240 -0.463
0.277 0.240 -0.426
0.277 0.240 -0.389
0.277 0.240 -0.352
0.277 0.240 -0.315
0.277 0.240 -0.278
0.277 0.240 -0.241
0.277 0.240 -0.204
0.277 0.240 -0.167
0.277 0.240 -0.130
0.277 0.240 -0.093
0.277 0.240 -0.056
0.277 0.240 -0.019
0.277 0.240 0.018
0.277 0.240 0.055
0.277 0.240 0.092
0.277 0.240 0.129
0.277 0.240 0.166
0.277 0.240 0.203
0.277 0.240 0.240
0.277 0.240 0.277
0.277 0.240 0.314
0.277 0.240 0.351
0.277 0.240 0.388
0.277 0.240 0.425
0.277 0.240 0.462
0.277 0.240 0.499
0.277 0.277 -0.500
0.277 0.277 -0.463
0.277 0.277 -0.426
0.277 0.277 -0.389
0.277 0.277 -0.352
0.277 0.277 -0.315
0.277 0.277 -0.278
0.277 0.277 -0.241
0.277 0.277 -0.204
0.277 0.277 -0.167
0.277 0.277 -0.130
0.277 0.277 -0.093
0.277 0.277 -0.056
0.277 0.277 -0.019
0.277 0.277 0.018
0.277 0.277 0.055
0.277 0.277 0.092
0.277 0.277 0.129
0.277 0.277 0.166
0.277 0.277 0.203
0.277 0.277 0.240
0.277 0.277 0.277
0.277 0.277 0.314
0.277 0.277 0.351
0.277 0.277 0.388
0.277 0.277 0.425
0.277 0.277 0.462
0.277 0.277 0.499
0.277 0.314 -0.500
0.277 0.314 -0.463
0.277 0.314 -0.426
0.277 0.314 -0.389
0.277 0.314 -0.352
0.277 0.314 -0.315
0.277 0.314 -0.278
0.277 0.314 -0.241
0.277 0.314 -0.204
0.277 0.314 -0.167
0.277 0.314 -0.130
0.277 0.314 -0.093
0.277 0.314 -0.056
0.277 0.314 -0.019
0.277 0.314 0.018
0.277 0.314 0.055
0.277 0.314 0.092
0.277 0.314 0.129
0.277 0.314 0.166
0.277 0.314 0.203
0.277 0.314 0.240
0.277 0.314 0.277
0.277 0.314 0.314
0.277 0.314 0.351
0.277 0.314 0.388
0.277 0.314 0.425
0.277 0.314 0.462
0.277 0.314 0.499
0.277 0.351 -0.500
0.277 0.351 -0.463
0.277 0.351 -0.426
0.277 0.351 -0.389
0.277 0.351 -0.352
0.277 0.351 -0.315
0.277 0.351 -0.278
0.277 0.351 -0.241
0.277 0.351 -0.204
0.277 0.351 -0.167
0.277 0.351 -0.130
0.277 0.351 -0.093
0.277 0.351 -0.056
0.277 0.351 -0.019
0.277 0.351 0.018
0.277 0.351 0.055
0.277 0.351 0.092
0.277 0.351 0.129
0.277 0.351 0.166
0.277 0.351 0.203
0.277 0.351 0.240
0.277 0.351 0.277
0.277 0.351 0.314
0.277 0.351 0.351
0.277 0.351 0.388
0.277 0.351 0.425
0.277 0.351 0.462
0.277 0.351 0.499
0.277 0.388 -0.500
0.277 0.388 -0.463
0.277 0.388 -0.426
0.277 0.388 -0.389
0.277 0.388 -0.352
0.277 0.388 -0.315
0.277 0.388 -0.278
0.277 0.388 -0.241
0.277 0.388 -0.204
0.277 0.388 -0.167
0.277 0.388 -0.130
0.277 0.388 -0.093
0.277 0.388 -0.056
0.277 0.388 -0.019
0.277 0.388 0.018
0.277 0.388 0.055
0.277 0.388 0.092
0.277 0.388 0.129
0.277 0.388 0.166
0.277 0.388 0.203
0.277 0.388 0.240
0.277 0.388 0.277
0.277 0.388 0.314
0.277 0.388 0.351
0.277 0.388 0.388
0.277 0.388 0.425
0.277 0.388 0.462
0.277 0.388 0.499
0.277 0.425 -0.500
0.277 0.425 -0.463
0.277 0.425 -0.426
0.277 0.425 -0.389
0.277 0.425 -0.352
0.277 0.425 -0.315
0.277 0.425 -0.278
0.277 0.425 -0.241
0.277 0.425 -0.204
0.277 0.425 -0.167
0.277 0.425 -0.130
0.277 0.425 -0.093
0.277 0.425 -0.056
0.277 0.425 -0.019
0.277 0.425 0.018
0.277 0.425 0.055
0.277 0.425 0.092
0.277 0.425 0.129
0.277 0.425 0.166
0.277 0.425 0.203
0.277 0.425 0.240
0.277 0.425 0.277
0.277 0.425 0.314
0.277 0.425 0.351
0.277 0.425 0.388
0.277 0.425 0.425
0.277 0.425 0.462
0.277 0.425 0.499
0.277 0.462 -0.500
0.277 0.462 -0.463
0.277 0.462 -0.426
0.277 0.462 -0.389
0.277 0.462 -0.352
0.277 0.462 -0.315
0.277 0.462 -0.278
0.277 0.462 -0.241
0.277 0.462 -0.204
0.277 0.462 -0.167
0.277 0.462 -0.130
0.277 0.462 -0.093
0.277 0.462 -0.056
0.277 0.462 -0.019
0.277 0.462 0.018
0.277 0.462 0.055
0.277 0.462 0.092
0.277 0.462 0.129
0.277 0.462 0.166
0.277 0.462 0.203
0.277 0.462 0.240
0.277 0.462 0.277
0.277 0.462 0.314
0.277 0.462 0.351
0.277 0.462 0.388
0.277 0.462 0.425
0.277 0.462 0.462
0.277 0.462 0.499
0.277 0.499 -0.500
0.277 0.499 -0.463
0.277 0.499 -0.426
0.277 0.499 -0.389
0.277 0.499 -0.352
0.277 0.499 -0.315
0.277 0.499 -0.278
0.277 0.499 -0.241
0.277 0.499 -0.204
0.277 0.499 -0.167
0.277 0.499 -0.130
0.277 0.499 -0.093
0.277 0.499 -0.056
0.277 0.499 -0.019
0.277 0.499 0.018
0.277 0.499 0.055
0.277 0.499 0.092
0.277 0.499 0.129
0.277 0.499 0.166
0.277 0.499 0.203
0.277 0.499 0.240
0.277 0.499 0.277
0.277 0.499 0.314
0.277 0.499 0.351
0.277 0.499 0.388
0.277 0.499 0.425
0.277 0.499 0.462
0.277 0.499 0.499
0.314 -0.500 -0.500
0.314 -0.500 -0.463
0.314 -0.500 -0.426
0.314 -0.500 -0.389
0.314 -0.500 -0.352
0.314 -0.500 -0.315
0.314 -0.500 -0.278
0.314 -0.500 -0.241
0.314 -0.500 -0.204
0.314 -0.500 -0.167
0.314 -0.500 -0.130
0.314 -0.500 -0.093
0.314 -0.500 -0.056
0.314 -0.500 -0.019
0.314 -0.500 0.018
0.314 -0.500 0.055
0.314 -0.500 0.092
0.314 -0.500 0.129
0.314 -0.500 0.166
0.314 -0.500 0.203
0.314 -0.500 0.240
0.314 -0.500 0.277
0.314 -0.500 0.314
0.314 -0.500 0.351
0.314 -0.500 0.388
0.314 -0.500 0.425
0.314 -0.500 0.462
0.314 -0.500 0.499
0.314 -0.463 -0.500
0.314 -0.463 -0.463
0.314 -0.463 -0.426
0.314 -0.463 -0.389
0.314 -0.463 -0.352
0.314 -0.463 -0.315
0.314 -0.463 -0.278
0.314 -0.463 -0.241
0.314 -0.463 -0.204
0.314 -0.463 -0.167
0.314 -0.463 -0.130
0.314 -0.463 -0.093
0.314 -0.463 -0.056
0.314 -0.463 -0.019
0.314 -0.463 0.018
0.314 -0.463 0.055
0.314 -0.463 0.092
0.314 -0.463 0.129
0.314 -0.463 0.166
0.314 -0.463 0.203
0.314 -0.463 0.240
0.314 -0.463 0.277
0.314 -0.463 0.314
0.314 -0.463 0.351
0.314 -0.463 0.388
0.314 -0.463 0.425
0.314 -0.463 0.462
0.314 -0.463 0.499
0.314 -0.426 -0.500
0.314 -0.426 -0.463
0.314 -0.426 -0.426
0.314 -0.426 -0.389
0.314 -0.426 -0.352
0.314 -0.426 -0.315
0.314 -0.426 -0.278
0.314 -0.426 -0.241
0.314 -0.426 -0.204
0.314 -0.426 -0.167
0.314 -0.426 -0.130
0.314 -0.426 -0.093
0.314 -0.426 -0.056
0.314 -0.426 -0.019
0.314 -0.426 0.018
0.314 -0.426 0.055
0.314 -0.426 0.092
0.314 -0.426 0.129
0.314 -0.426 0.166
0.314 -0.426 0.203
0.314 -0.426 0.240
0.314 -0.426 0.277
0.314 -0.426 0.314
0.314 -0.426 0.351
0.314 -0.426 0.388
0.314 -0.426 0.425
0.314 -0.426 0.462
0.314 -0.426 0.499
0.314 -0.389 -0.500
0.314 -0.389 -0.463
0.314 -0.389 -0.426
0.314 -0.389 -0.389
0.314 -0.389 -0.352
0.314 -0.389 -0.315
0.314 -0.389 -0.278
0.314 -0.389 -0.241
0.314 -0.389 -0.204
0.314 -0.389 -0.167
0.314 -0.389 -0.130
0.314 -0.389 -0.093
0.314 -0.389 -0.056
0.314 -0.389 -0.019
0.314 -0.389 0.018
0.314 -0.389 0.055
0.314 -0.389 0.092
0.314 -0.389 0.129
0.314 -0.389 0.166
0.314 -0.389 0.203
0.314 -0.389 0.240
0.314 -0.389 0.277
0.314 -0.389 0.314
0.314 -0.389 0.351
0.314 -0.389 0.388
0.314 -0.389 0.425
0.314 -0.389 0.462
0.314 -0.389 0.499
0.314 -0.352 -0.500
0.314 -0.352 -0.463
0.314 -0.352 -0.426
0.314 -0.352 -0.389
0.314 -0.352 -0.352
0.314 -0.352 -0.315
0.314 -0.352 -0.278
0.314 -0.352 -0.241
0.314 -0.352 -0.204
0.314 -0.352 -0.167
0.314 -0.352 -0.130
0.314 -0.352 -0.093
0.314 -0.352 -0.056
0.314 -0.352 -0.019
0.314 -0.352 0.018
0.314 -0.352 0.055
0.314 -0.352 0.092
0.314 -0.352 0.129
0.314 -0.352 0.166
0.314 -0.352 0.203
0.314 -0.352 0.240
0.314 -0.352 0.277
0.314 -0.352 0.314
0.314 -0.352 0.351
0.314 -0.352 0.388
0.314 -0.352 0.425
0.314 -0.352 0.462
0.314 -0.352 0.499
0.314 -0.315 -0.500
0.314 -0.315 -0.463
0.314 -0.315 -0.426
0.314 -0.315 -0.389
0.314 -0.315 -0.352
0.314 -0.315 -0.315
0.314 -0.315 -0.278
0.314 -0.315 -0.241
0.314 -0.315 -0.204
0.314 -0.315 -0.167
0.314 -0.315 -0.130
0.314 -0.315 -0.093
0.314 -0.315 -0.056
0.314 -0.315 -0.019
0.314 -0.315 0.018
0.314 -0.315 0.055
0.314 -0.315 0.092
0.314 -0.315 0.129
0.314 -0.315 0.166
0.314 -0.315 0.203
0.314 -0.315 0.240
0.314 -0.315 0.277
0.314 -0.315 0.314
0.314 -0.315 0.351
0.314 -0.315 0.388
0.314 -0.315 0.425
0.314 -0.315 0.462
0.314 -0.315 0.499
0.314 -0.278 -0.500
0.314 -0.278 -0.463
0.314 -0.278 -0.426
0.314 -0.278 -0.389
0.314 -0.278 -0.352
0.314 -0.278 -0.315
0.314 -0.278 -0.278
0.314 -0.278 -0.241
0.314 -0.278 -0.204
0.314 -0.278 -0.167
0.314 -0.278 -0.130
0.314 -0.278 -0.093
0.314 -0.278 -0.056
0.314 -0.278 -0.019
0.314 -0.278 0.018
0.314 -0.278 0.055
0.314 -0.278 0.092
0.314 -0.278 0.129
0.314 -0.278 0.166
0.314 -0.278 0.203
0.314 -0.278 0.240
0.314 -0.278 0.277
0.314 -0.278 0.314
0.314 -0.278 0.351
0.314 -0.278 0.388
0.314 -0.278 0.425
0.314 -0.278 0.462
0.314 -0.278 0.499
0.314 -0.241 -0.500
0.314 -0.241 -0.463
0.314 -0.241 -0.426
0.314 -0.241 -0.389
0.314 -0.241 -0.352
0.314 -0.241 -0.315
0.314 -0.241 -0.278
0.314 -0.241 -0.241
0.314 -0.241 -0.204
0.314 -0.241 -0.167
0.314 -0.241 -0.130
0.314 -0.241 -0.093
0.314 -0.241 -0.056
0.314 -0.241 -0.019
0.314 -0.241 0.018
0.314 -0.241 0.055
0.314 -0.241 0.092
0.314 -0.241 0.129
0.314 -0.241 0.166
0.314 -0.241 0.203
0.314 -0.241 0.240
0.314 -0.241 0.277
0.314 -0.241 0.314
0.314 -0.241 0.351
0.314 -0.241 0.388
0.314 -0.241 0.425
0.314 -0.241 0.462
0.314 -0.241 0.499
0.314 -0.204 -0.500
0.314 -0.204 -0.463
0.314 -0.204 -0.426
0.314 -0.204 -0.389
0.314 -0.204 -0.352
0.314 -0.204 -0.315
0.314 -0.204 -0.278
0.314 -0.204 -0.241
0.314 -0.204 -0.204
0.314 -0.204 -0.167
0.314 -0.204 -0.130
0.314 -0.204 -0.093
0.314 -0.204 -0.056
0.314 -0.204 -0.019
0.314 -0.204 0.018
0.314 -0.204 0.055
0.314 -0.204 0.092
0.314 -0.204 0.129
0.314 -0.204 0.166
0.314 -0.204 0.203
0.314 -0.204 0.240
0.314 -0.204 0.277
0.314 -0.204 0.314
0.314 -0.204 0.351
0.314 -0.204 0.388
0.314 -0.204 0.425
0.314 -0.204 0.462
0.314 -0.204 0.499
0.314 -0.167 -0.500
0.314 -0.167 -0.463
0.314 -0.167 -0.426
0.314 -0.167 -0.389
0.314 -0.167 -0.352
0.314 -0.167 -0.315
0.314 -0.167 -0.278
0.314 -0.167 -0.241
0.314 -0.167 -0.204
0.314 -0.167 -0.167
0.314 -0.167 -0.130
0.314 -0.167 -0.093
0.314 -0.167 -0.056
0.314 -0.167 -0.019
0.314 -0.167 0.018
0.314 -0.167 0.055
0.314 -0.167 0.092
0.314 -0.167 0.129
0.314 -0.167 0.166
0.314 -0.167 0.203
0.314 -0.167 0.240
0.314 -0.167 0.277
0.314 -0.167 0.314
0.314 -0.167 0.351
0.314 -0.167 0.388
0.314 -0.167 0.425
0.314 -0.167 0.462
0.314 -0.167 0.499
0.314 -0.130 -0.500
0.314 -0.130 -0.463
0.314 -0.130 -0.426
0.314 -0.130 -0.389
0.314 -0.130 -0.352
0.314 -0.130 -0.315
0.314 -0.130 -0.278
0.314 -0.130 -0.241
0.314 -0.130 -0.204
0.314 -0.130 -0.167
0.314 -0.130 -0.130
0.314 -0.130 -0.093
0.314 -0.130 -0.056
0.314 -0.130 -0.019
0.314 -0.130 0.018
0.314 -0.130 0.055
0.314 -0.130 0.092
0.314 -0.130 0.129
0.314 -0.130 0.166
0.314 -0.130 0.203
0.314 -0.130 0.240
0.314 -0.130 0.277
0.314 -0.130 0.314
0.314 -0.130 0.351
0.314 -0.130 0.388
0.314 -0.130 0.425
0.314 -0.130 0.462
0.314 -0.130 0.499
0.314 -0.093 -0.500
0.314 -0.093 -0.463
0.314 -0.093 -0.426
0.314 -0.093 -0.389
0.314 -0.093 -0.352
0.314 -0.093 -0.315
0.314 -0.093 -0.278
0.314 -0.093 -0.241
0.314 -0.093 -0.204
0.314 -0.093 -0.167
0.314 -0.093 -0.130
0.314 -0.093 -0.093
0.314 -0.093 -0.056
0.314 -0.093 -0.019
0.314 -0.093 0.018
0.314 -0.093 0.055
0.314 -0.093 0.092
0.314 -0.093 0.129
0.314 -0.093 0.166
0.314 -0.093 0.203
0.314 -0.093 0.240
0.314 -0.093 0.277
0.314 -0.093 0.314
0.314 -0.093 0.351
0.314 -0.093 0.388
0.314 -0.093 0.425
0.314 -0.093 0.462
0.314 -0.093 0.499
0.314 -0.056 -0.500
0.314 -0.056 -0.463
0.314 -0.056 -0.426
0.314 -0.056 -0.389
0.314 -0.056 -0.352
0.314 -0.056 -0.315
0.314 -0.056 -0.278
0.314 -0.056 -0.241
0.314 -0.056 -0.204
0.314 -0.056 -0.167
0.314 -0.056 -0.130
0.314 -0.056 -0.093
0.314 -0.056 -0.056
0.314 -0.056 -0.019
0.314 -0.056 0.018
0.314 -0.056 0.055
0.314 -0.056 0.092
0.314 -0.056 0.129
0.314 -0.056 0.166
0.314 -0.056 0.203
0.314 -0.056 0.240
0.314 -0.056 0.277
0.314 -0.056 0.314
0.314 -0.056 0.351
0.314 -0.056 0.388
0.314 -0.056 0.425
0.314 -0.056 0.462
0.314 -0.056 0.499
0.314 -0.019 -0.500
0.314 -0.019 -0.463
0.314 -0.019 -0.426
0.314 -0.019 -0.389
0.314 -0.019 -0.352
0.314 -0.019 -0.315
0.314 -0.019 -0.278
0.314 -0.019 -0.241
0.314 -0.019 -0.204
0.314 -0.019 -0.167
0.314 -0.019 -0.130
0.314 -0.019 -0.093
0.314 -0.019 -0.056
0.314 -0.019 -0.019
0.314 -0.019 0.018
0.314 -0.019 0.055
0.314 -0.019 0.092
0.314 -0.019 0.129
0.314 -0.019 0.166
0.314 -0.019 0.203
0.314 -0.019 0.240
0.314 -0.019 0.277
0.314 -0.019 0.314
0.314 -0.019 0.351
0.314 -0.019 0.388
0.314 -0.019 0.425
0.314 -0.019 0.462
0.314 -0.019 0.499
0.314 0.018 -0.500
0.314 0.018 -0.463
0.314 0.018 -0.426
0.314 0.018 -0.389
0.314 0.018 -0.352
0.314 0.018 -0.315
0.314 0.018 -0.278
0.314 0.018 -0.241
0.314 0.018 -0.204
0.314 0.018 -0.167
0.314 0.018 -0.130
0.314 0.018 -0.093
0.314 0.018 -0.056
0.314 0.018 -0.019
0.314 0.018 0.018
0.314 0.018 0.055
0.314 0.018 0.092
0.314 0.018 0.129
0.314 0.018 0.166
0.314 0.018 0.203
0.314 0.018 0.240
0.314 0.018 0.277
0.314 0.018 0.314
0.314 0.018 0.351
0.314 0.018 0.388
0.314 0.018 0.425
0.314 0.018 0.462
0.314 0.018 0.499
0.314 0.055 -0.500
0.314 0.055 -0.463
0.314 0.055 -0.426
0.314 0.055 -0.389
0.314 0.055 -0.352
0.314 0.055 -0.315
0.314 0.055 -0.278
0.314 0.055 -0.241
0.314 0.055 -0.204
0.314 0.055 -0.167
0.314 0.055 -0.130
0.314 0.055 -0.093
0.314 0.055 -0.056
0.314 0.055 -0.019
0.314 0.055 0.018
0.314 0.055 0.055
0.314 0.055 0.092
0.314 0.055 0.129
0.314 0.055 0.166
0.314 0.055 0.203
0.314 0.055 0.240
0.314 0.055 0.277
0.314 0.055 0.314
0.314 0.055 0.351
0.314 0.055 0.388
0.314 0.055 0.425
0.314 0.055 0.462
0.314 0.055 0.499
0.314 0.092 -0.500
0.314 0.092 -0.463
0.314 0.092 -0.426
0.314 0.092 -0.389
0.314 0.092 -0.352
0.314 0.092 -0.315
0.314 0.092 -0.278
0.314 0.092 -0.241
0.314 0.092 -0.204
0.314 0.092 -0.167
0.314 0.092 -0.130
0.314 0.092 -0.093
0.314 0.092 -0.056
0.314 0.092 -0.019
0.314 0.092 0.018
0.314 0.092 0.055
0.314 0.092 0.092
0.314 0.092 0.129
0.314 0.092 0.166
0.314 0.092 0.203
0.314 0.092 0.240
0.314 0.092 0.277
0.314 0.092 0.314
0.314 0.092 0.351
0.314 0.092 0.388
0.314 0.092 0.425
0.314 0.092 0.462
0.314 0.092 0.499
0.314 0.129 -0.500
0.314 0.129 -0.463
0.314 0.129 -0.426
0.314 0.129 -0.389
0.314 0.129 -0.352
0.314 0.129 -0.315
0.314 0.129 -0.278
0.314 0.129 -0.241
0.314 0.129 -0.204
0.314 0.129 -0.167
0.314 0.129 -0.130
0.314 0.129 -0.093
0.314 0.129 -0.056
0.314 0.129 -0.019
0.314 0.129 0.018
0.314 0.129 0.055
0.314 0.129 0.092
0.314 0.129 0.129
0.314 0.129 0.166
0.314 0.129 0.203
0.314 0.129 0.240
0.314 0.129 0.277
0.314 0.129 0.314
0.314 0.129 0.351
0.314 0.129 0.388
0.314 0.129 0.425
0.314 0.129 0.462
0.314 0.129 0.499
0.314 0.166 -0.500
0.314 0.166 -0.463
0.314 0.166 -0.426
0.314 0.166 -0.389
0.314 0.166 -0.352
0.314 0.166 -0.315
0.314 0.166 -0.278
0.314 0.166 -0.241
0.314 0.166 -0.204
0.314 0.166 -0.167
0.314 0.166 -0.130
0.314 0.166 -0.093
0.314 0.166 -0.056
0.314 0.166 -0.019
0.314 0.166 0.018
0.314 0.166 0.055
0.314 0.166 0.092
0.314 0.166 0.129
0.314 0.166 0.166
0.314 0.166 0.203
0.314 0.166 0.240
0.314 0.166 0.277
0.314 0.166 0.314
0.314 0.166 0.351
0.314 0.166 0.388
0.314 0.166 0.425
0.314 0.166 0.462
0.314 0.166 0.499
0.314 0.203 -0.500
0.314 0.203 -0.463
0.314 0.203 -0.426
0.314 0.203 -0.389
0.314 0.203 -0.352
0.314 0.203 -0.315
0.314 0.203 -0.278
0.314 0.203 -0.241
0.314 0.203 -0.204
0.314 0.203 -0.167
0.314 0.203 -0.130
0.314 0.203 -0.093
0.314 0.203 -0.056
0.314 0.203 -0.019
0.314 0.203 0.018
0.314 0.203 0.055
0.314 0.203 0.092
0.314 0.203 0.129
0.314 0.203 0.166
0.314 0.203 0.203
0.314 0.203 0.240
0.314 0.203 0.277
0.314 0.203 0.314
0.314 0.203 0.351
0.314 0.203 0.388
0.314 0.203 0.425
0.314 0.203 0.462
0.314 0.203 0.499
0.314 0.240 -0.500
0.314 0.240 -0.463
0.314 0.240 -0.426
0.314 0.240 -0.389
0.314 0.240 -0.352
0.314 0.240 -0.315
0.314 0.240 -0.278
0.314 0.240 -0.241
0.314 0.240 -0.204
0.314 0.240 -0.167
0.314 0.240 -0.130
0.314 0.240 -0.093
0.314 0.240 -0.056
0.314 0.240 -0.019
0.314 0.240 0.018
0.314 0.240 0.055
0.314 0.240 0.092
0.314 0.240 0.129
0.314 0.240 0.166
0.314 0.240 0.203
0.314 0.240 0.240
0.314 0.240 0.277
0.314 0.240 0.314
0.314 0.240 0.351
0.314 0.240 0.388
0.314 0.240 0.425
0.314 0.240 0.462
0.314 0.240 0.499
0.314 0.277 -0.500
0.314 0.277 -0.463
0.314 0.277 -0.426
0.314 0.277 -0.389
0.314 0.277 -0.352
0.314 0.277 -0.315
0.314 0.277 -0.278
0.314 0.277 -0.241
0.314 0.277 -0.204
0.314 0.277 -0.167
0.314 0.277 -0.130
0.314 0.277 -0.093
0.314 0.277 -0.056
0.314 0.277 -0.019
0.314 0.277 0.018
0.314 0.277 0.055
0.314 0.277 0.092
0.314 0.277 0.129
0.314 0.277 0.166
0.314 0.277 0.203
0.314 0.277 0.240
0.314 0.277 0.277
0.314 0.277 0.314
0.314 0.277 0.351
0.314 0.277 0.388
0.314 0.277 0.425
0.314 0.277 0.462
0.314 0.277 0.499
0.314 0.314 -0.500
0.314 0.314 -0.463
0.314 0.314 -0.426
0.314 0.314 -0.389
0.314 0.314 -0.352
0.314 0.314 -0.315
0.314 0.314 -0.278
0.314 0.314 -0.241
0.314 0.314 -0.204
0.314 0.314 -0.167
0.314 0.314 -0.130
0.314 0.314 -0.093
0.314 0.314 -0.056
0.314 0.314 -0.019
0.314 0.314 0.018
0.314 0.314 0.055
0.314 0.314 0.092
0.314 0.314 0.129
0.314 0.314 0.166
0.314 0.314 0.203
0.314 0.314 0.240
0.314 0.314 0.277
0.314 0.314 0.314
0.314 0.314 0.351
0.314 0.314 0.388
0.314 0.314 0.425
0.314 0.314 0.462
0.314 0.314 0.499
0.314 0.351 -0.500
0.314 0.351 -0.463
0.314 0.351 -0.426
0.314 0.351 -0.389
0.314 0.351 -0.352
0.314 0.351 -0.315
0.314 0.351 -0.278
0.314 0.351 -0.241
0.314 0.351 -0.204
0.314 0.351 -0.167
0.314 0.351 -0.130
0.314 0.351 -0.093
0.314 0.351 -0.056
0.314 0.351 -0.019
0.314 0.351 0.018
0.314 0.351 0.055
0.314 0.351 0.092
0.314 0.351 0.129
0.314 0.351 0.166
0.314 0.351 0.203
0.314 0.351 0.240
0.314 0.351 0.277
0.314 0.351 0.314
0.314 0.351 0.351
0.314 0.351 0.388
0.314 0.351 0.425
0.314 0.351 0.462
0.314 0.351 0.499
0.314 0.388 -0.500
0.314 0.388 -0.463
0.314 0.388 -0.426
0.314 0.388 -0.389
0.314 0.388 -0.352
0.314 0.388 -0.315
0.314 0.388 -0.278
0.314 0.388 -0.241
0.314 0.388 -0.204
0.314 0.388 -0.167
0.314 0.388 -0.130
0.314 0.388 -0.093
0.314 0.388 -0.056
0.314 0.388 -0.019
0.314 0.388 0.018
0.314 0.388 0.055
0.314 0.388 0.092
0.314 0.388 0.129
0.314 0.388 0.166
0.314 0.388 0.203
0.314 0.388 0.240
0.314 0.388 0.277
0.314 0.388 0.314
0.314 0.388 0.351
0.314 0.388 0.388
0.314 0.388 0.425
0.314 0.388 0.462
0.314 0.388 0.499
0.314 0.425 -0.500
0.314 0.425 -0.463
0.314 0.425 -0.426
0.314 0.425 -0.389
0.314 0.425 -0.352
0.314 0.425 -0.315
0.314 0.425 -0.278
0.314 0.425 -0.241
0.314 0.425 -0.204
0.314 0.425 -0.167
0.314 0.425 -0.130
0.314 0.425 -0.093
0.314 0.425 -0.056
0.314 0.425 -0.019
0.314 0.425 0.018
0.314 0.425 0.055
0.314 0.425 0.092
0.314 0.425 0.129
0.314 0.425 0.166
0.314 0.425 0.203
0.314 0.425 0.240
0.314 0.425 0.277
0.314 0.425 0.314
0.314 0.425 0.351
0.314 0.425 0.388
0.314 0.425 0.425
0.314 0.425 0.462
0.314 0.425 0.499
0.314 0.462 -0.500
0.314 0.462 -0.463
0.314 0.462 -0.426
0.314 0.462 -0.389
0.314 0.462 -0.352
0.314 0.462 -0.315
0.314 0.462 -0.278
0.314 0.462 -0.241
0.314 0.462 -0.204
0.314 0.462 -0.167
0.314 0.462 -0.130
0.314 0.462 -0.093
0.314 0.462 -0.056
0.314 0.462 -0.019
0.314 0.462 0.018
0.314 0.462 0.055
0.314 0.462 0.092
0.314 0.462 0.129
0.314 0.462 0.166
0.314 0.462 0.203
0.314 0.462 0.240
0.314 0.462 0.277
0.314 0.462 0.314
0.314 0.462 0.351
0.314 0.462 0.388
0.314 0.462 0.425
0.314 0.462 0.462
0.314 0.462 0.499
0.314 0.499 -0.500
0.314 0.499 -0.463
0.314 0.499 -0.426
0.314 0.499 -0.389
0.314 0.499 -0.352
0.314 0.499 -0.315
0.314 0.499 -0.278
0.314 0.499 -0.241
0.314 0.499 -0.204
0.314 0.499 -0.167
0.314 0.499 -0.130
0.314 0.499 -0.093
0.314 0.499 -0.056
0.314 0.499 -0.019
0.314 0.499 0.018
0.314 0.499 0.055
0.314 0.499 0.092
0.314 0.499 0.129
0.314 0.499 0.166
0.314 0.499 0.203
0.314 0.499 0.240
0.314 0.499 0.277
0.314 0.499 0.314
0.314 0.499 0.351
0.314 0.499 0.388
0.314 0.499 0.425
0.314 0.499 0.462
0.314 0.499 0.499
0.351 -0.500 -0.500
0.351 -0.500 -0.463
0.351 -0.500 -0.426
0.351 -0.500 -0.389
0.351 -0.500 -0.352
0.351 -0.500 -0.315
0.351 -0.500 -0.278
0.351 -0.500 -0.241
0.351 -0.500 -0.204
0.351 -0.500 -0.167
0.351 -0.500 -0.130
0.351 -0.500 -0.093
0.351 -0.500 -0.056
0.351 -0.500 -0.019
0.351 -0.500 0.018
0.351 -0.500 0.055
0.351 -0.500 0.092
0.351 -0.500 0.129
0.351 -0.500 0.166
0.351 -0.500 0.203
0.351 -0.500 0.240
0.351 -0.500 0.277
0.351 -0.500 0.314
0.351 -0.500 0.351
0.351 -0.500 0.388
0.351 -0.500 0.425
0.351 -0.500 0.462
0.351 -0.500 0.499
0.351 -0.463 -0.500
0.351 -0.463 -0.463
0.351 -0.463 -0.426
0.351 -0.463 -0.389
0.351 -0.463 -0.352
0.351 -0.463 -0.315
0.351 -0.463 -0.278
0.351 -0.463 -0.241
0.351 -0.463 -0.204
0.351 -0.463 -0.167
0.351 -0.463 -0.130
0.351 -0.463 -0.093
0.351 -0.463 -0.056
0.351 -0.463 -0.019
0.351 -0.463 0.018
0.351 -0.463 0.055
0.351 -0.463 0.092
0.351 -0.463 0.129
0.351 -0.463 0.166
0.351 -0.463 0.203
0.351 -0.463 0.240
0.351 -0.463 0.277
0.351 -0.463 0.314
0.351 -0.463 0.351
0.351 -0.463 0.388
0.351 -0.463 0.425
0.351 -0.463 0.462
0.351 -0.463 0.499
0.351 -0.426 -0.500
0.351 -0.426 -0.463
0.351 -0.426 -0.426
0.351 -0.426 -0.389
0.351 -0.426 -0.352
0.351 -0.426 -0.315
0.351 -0.426 -0.278
0.351 -0.426 -0.241
0.351 -0.426 -0.204
0.351 -0.426 -0.167
0.351 -0.426 -0.130
0.351 -0.426 -0.093
0.351 -0.426 -0.056
0.351 -0.426 -0.019
0.351 -0.426 0.018
0.351 -0.426 0.055
0.351 -0.426 0.092
0.351 -0.426 0.129
0.351 -0.426 0.166
0.351 -0.426 0.203
0.351 -0.426 0.240
0.351 -0.426 0.277
0.351 -0.426 0.314
0.351 -0.426 0.351
0.351 -0.426 0.388
0.351 -0.426 0.425
0.351 -0.426 0.462
0.351 -0.426 0.499
0.351 -0.389 -0.500
0.351 -0.389 -0.463
0.351 -0.389 -0.426
0.351 -0.389 -0.389
0.351 -0.389 -0.352
0.351 -0.389 -0.315
0.351 -0.389 -0.278
0.351 -0.389 -0.241
0.351 -0.389 -0.204
0.351 -0.389 -0.167
0.351 -0.389 -0.130
0.351 -0.389 -0.093
0.351 -0.389 -0.056
0.351 -0.389 -0.019
0.351 -0.389 0.018
0.351 -0.389 0.055
0.351 -0.389 0.092
0.351 -0.389 0.129
0.351 -0.389 0.166
0.351 -0.389 0.203
0.351 -0.389 0.240
0.351 -0.389 0.277
0.351 -0.389 0.314
0.351 -0.389 0.351
0.351 -0.389 0.388
0.351 -0.389 0.425
0.351 -0.389 0.462
0.351 -0.389 0.499
0.351 -0.352 -0.500
0.351 -0.352 -0.463
0.351 -0.352 -0.426
0.351 -0.352 -0.389
0.351 -0.352 -0.352
0.351 -0.352 -0.315
0.351 -0.352 -0.278
0.351 -0.352 -0.241
0.351 -0.352 -0.204
0.351 -0.352 -0.167
0.351 -0.352 -0.130
0.351 -0.352 -0.093
0.351 -0.352 -0.056
0.351 -0.352 -0.019
0.351 -0.352 0.018
0.351 -0.352 0.055
0.351 -0.352 0.092
0.351 -0.352 0.129
0.351 -0.352 0.166
0.351 -0.352 0.203
0.351 -0.352 0.240
0.351 -0.352 0.277
0.351 -0.352 0.314
0.351 -0.352 0.351
0.351 -0.352 0.388
0.351 -0.352 0.425
0.351 -0.352 0.462
0.351 -0.352 0.499
0.351 -0.315 -0.500
0.351 -0.315 -0.463
0.351 -0.315 -0.426
0.351 -0.315 -0.389
0.351 -0.315 -0.352
0.351 -0.315 -0.315
0.351 -0.315 -0.278
0.351 -0.315 -0.241
0.351 -0.315 -0.204
0.351 -0.315 -0.167
0.351 -0.315 -0.130
0.351 -0.315 -0.093
0.351 -0.315 -0.056
0.351 -0.315 -0.019
0.351 -0.315 0.018
0.351 -0.315 0.055
0.351 -0.315 0.092
0.351 -0.315 0.129
0.351 -0.315 0.166
0.351 -0.315 0.203
0.351 -0.315 0.240
0.351 -0.315 0.277
0.351 -0.315 0.314
0.351 -0.315 0.351
0.351 -0.315 0.388
0.351 -0.315 0.425
0.351 -0.315 0.462
0.351 -0.315 0.499
0.351 -0.278 -0.500
0.351 -0.278 -0.463
0.351 -0.278 -0.426
0.351 -0.278 -0.389
0.351 -0.278 -0.352
0.351 -0.278 -0.315
0.351 -0.278 -0.278
0.351 -0.278 -0.241
0.351 -0.278 -0.204
0.351 -0.278 -0.167
0.351 -0.278 -0.130
0.351 -0.278 -0.093
0.351 -0.278 -0.056
0.351 -0.278 -0.019
0.351 -0.278 0.018
0.351 -0.278 0.055
0.351 -0.278 0.092
0.351 -0.278 0.129
0.351 -0.278 0.166
0.351 -0.278 0.203
0.351 -0.278 0.240
0.351 -0.278 0.277
0.351 -0.278 0.314
0.351 -0.278 0.351
0.351 -0.278 0.388
0.351 -0.278 0.425
0.351 -0.278 0.462
0.351 -0.278 0.499
0.351 -0.241 -0.500
0.351 -0.241 -0.463
0.351 -0.241 -0.426
0.351 -0.241 -0.389
0.351 -0.241 -0.352
0.351 -0.241 -0.315
0.351 -0.241 -0.278
0.351 -0.241 -0.241
0.351 -0.241 -0.204
0.351 -0.241 -0.167
0.351 -0.241 -0.130
0.351 -0.241 -0.093
0.351 -0.241 -0.056
0.351 -0.241 -0.019
0.351 -0.241 0.018
0.351 -0.241 0.055
0.351 -0.241 0.092
0.351 -0.241 0.129
0.351 -0.241 0.166
0.351 -0.241 0.203
0.351 -0.241 0.240
0.351 -0.241 0.277
0.351 -0.241 0.314
0.351 -0.241 0.351
0.351 -0.241 0.388
0.351 -0.241 0.425
0.351 -0.241 0.462
0.351 -0.241 0.499
0.351 -0.204 -0.500
0.351 -0.204 -0.463
0.351 -0.204 -0.426
0.351 -0.204 -0.389
0.351 -0.204 -0.352
0.351 -0.204 -0.315
0.351 -0.204 -0.278
0.351 -0.204 -0.241
0.351 -0.204 -0.204
0.351 -0.204 -0.167
0.351 -0.204 -0.130
0.351 -0.204 -0.093
0.351 -0.204 -0.056
0.351 -0.204 -0.019
0.351 -0.204 0.018
0.351 -0.204 0.055
0.351 -0.204 0.092
0.351 -0.204 0.129
0.351 -0.204 0.166
0.351 -0.204 0.203
0.351 -0.204 0.240
0.351 -0.204 0.277
0.351 -0.204 0.314
0.351 -0.204 0.351
0.351 -0.204 0.388
0.351 -0.204 0.425
0.351 -0.204 0.462
0.351 -0.204 0.499
0.351 -0.167 -0.500
0.351 -0.167 -0.463
0.351 -0.167 -0.426
0.351 -0.167 -0.389
0.351 -0.167 -0.352
0.351 -0.167 -0.315
0.351 -0.167 -0.278
0.351 -0.167 -0.241
0.351 -0.167 -0.204
0.351 -0.167 -0.167
0.351 -0.167 -0.130
0.351 -0.167 -0.093
0.351 -0.167 -0.056
0.351 -0.167 -0.019
0.351 -0.167 0.018
0.351 -0.167 0.055
0.351 -0.167 0.092
0.351 -0.167 0.129
0.351 -0.167 0.166
0.351 -0.167 0.203
0.351 -0.167 0.240
0.351 -0.167 0.277
0.351 -0.167 0.314
0.351 -0.167 0.351
0.351 -0.167 0.388
0.351 -0.167 0.425
0.351 -0.167 0.462
0.351 -0.167 0.499
0.351 -0.130 -0.500
0.351 -0.130 -0.463
0.351 -0.130 -0.426
0.351 -0.130 -0.389
0.351 -0.130 -0.352
0.351 -0.130 -0.315
0.351 -0.130 -0.278
0.351 -0.130 -0.241
0.351 -0.130 -0.204
0.351 -0.130 -0.167
0.351 -0.130 -0.130
0.351 -0.130 -0.093
0.351 -0.130 -0.056
0.351 -0.130 -0.019
0.351 -0.130 0.018
0.351 -0.130 0.055
0.351 -0.130 0.092
0.351 -0.130 0.129
0.351 -0.130 0.166
0.351 -0.130 0.203
0.351 -0.130 0.240
0.351 -0.130 0.277
0.351 -0.130 0.314
0.351 -0.130 0.351
0.351 -0.130 0.388
0.351 -0.130 0.425
0.351 -0.130 0.462
0.351 -0.130 0.499
0.351 -0.093 -0.500
0.351 -0.093 -0.463
0.351 -0.093 -0.426
0.351 -0.093 -0.389
0.351 -0.093 -0.352
0.351 -0.093 -0.315
0.351 -0.093 -0.278
0.351 -0.093 -0.241
0.351 -0.093 -0.204
0.351 -0.093 -0.167
0.351 -0.093 -0.130
0.351 -0.093 -0.093
0.351 -0.093 -0.056
0.351 -0.093 -0.019
0.351 -0.093 0.018
0.351 -0.093 0.055
0.351 -0.093 0.092
0.351 -0.093 0.129
0.351 -0.093 0.166
0.351 -0.093 0.203
0.351 -0.093 0.240
0.351 -0.093 0.277
0.351 -0.093 0.314
0.351 -0.093 0.351
0.351 -0.093 0.388
0.351 -0.093 0.425
0.351 -0.093 0.462
0.351 -0.093 0.499
0.351 -0.056 -0.500
0.351 -0.056 -0.463
0.351 -0.056 -0.426
0.351 -0.056 -0.389
0.351 -0.056 -0.352
0.351 -0.056 -0.315
0.351 -0.056 -0.278
0.351 -0.056 -0.241
0.351 -0.056 -0.204
0.351 -0.056 -0.167
0.351 -0.056 -0.130
0.351 -0.056 -0.093
0.351 -0.056 -0.056
0.351 -0.056 -0.019
0.351 -0.056 0.018
0.351 -0.056 0.055
0.351 -0.056 0.092
0.351 -0.056 0.129
0.351 -0.056 0.166
0.351 -0.056 0.203
0.351 -0.056 0.240
0.351 -0.056 0.277
0.351 -0.056 0.314
0.351 -0.056 0.351
0.351 -0.056 0.388
0.351 -0.056 0.425
0.351 -0.056 0.462
0.351 -0.056 0.499
0.351 -0.019 -0.500
0.351 -0.019 -0.463
0.351 -0.019 -0.426
0.351 -0.019 -0.389
0.351 -0.019 -0.352
0.351 -0.019 -0.315
0.351 -0.019 -0.278
0.351 -0.019 -0.241
0.351 -0.019 -0.204
0.351 -0.019 -0.167
0.351 -0.019 -0.130
0.351 -0.019 -0.093
0.351 -0.019 -0.056
0.351 -0.019 -0.019
0.351 -0.019 0.018
0.351 -0.019 0.055
0.351 -0.019 0.092
0.351 -0.019 0.129
0.351 -0.019 0.166
0.351 -0.019 0.203
0.351 -0.019 0.240
0.351 -0.019 0.277
0.351 -0.019 0.314
0.351 -0.019 0.351
0.351 -0.019 0.388
0.351 -0.019 0.425
0.351 -0.019 0.462
0.351 -0.019 0.499
0.351 0.018 -0.500
0.351 0.018 -0.463
0.351 0.018 -0.426
0.351 0.018 -0.389
0.351 0.018 -0.352
0.351 0.018 -0.315
0.351 0.018 -0.278
0.351 0.018 -0.241
0.351 0.018 -0.204
0.351 0.018 -0.167
0.351 0.018 -0.130
0.351 0.018 -0.093
0.351 0.018 -0.056
0.351 0.018 -0.019
0.351 0.018 0.018
0.351 0.018 0.055
0.351 0.018 0.092
0.351 0.018 0.129
0.351 0.018 0.166
0.351 0.018 0.203
0.351 0.018 0.240
0.351 0.018 0.277
0.351 0.018 0.314
0.351 0.018 0.351
0.351 0.018 0.388
0.351 0.018 0.425
0.351 0.018 0.462
0.351 0.018 0.499
0.351 0.055 -0.500
0.351 0.055 -0.463
0.351 0.055 -0.426
0.351 0.055 -0.389
0.351 0.055 -0.352
0.351 0.055 -0.315
0.351 0.055 -0.278
0.351 0.055 -0.241
0.351 0.055 -0.204
0.351 0.055 -0.167
0.351 0.055 -0.130
0.351 0.055 -0.093
0.351 0.055 -0.056
0.351 0.055 -0.019
0.351 0.055 0.018
0.351 0.055 0.055
0.351 0.055 0.092
0.351 0.055 0.129
0.351 0.055 0.166
0.351 0.055 0.203
0.351 0.055 0.240
0.351 0.055 0.277
0.351 0.055 0.314
0.351 0.055 0.351
0.351 0.055 0.388
0.351 0.055 0.425
0.351 0.055 0.462
0.351 0.055 0.499
0.351 0.092 -0.500
0.351 0.092 -0.463
0.351 0.092 -0.426
0.351 0.092 -0.389
0.351 0.092 -0.352
0.351 0.092 -0.315
0.351 0.092 -0.278
0.351 0.092 -0.241
0.351 0.092 -0.204
0.351 0.092 -0.167
0.351 0.092 -0.130
0.351 0.092 -0.093
0.351 0.092 -0.056
0.351 0.092 -0.019
0.351 0.092 0.018
0.351 0.092 0.055
0.351 0.092 0.092
0.351 0.092 0.129
0.351 0.092 0.166
0.351 0.092 0.203
0.351 0.092 0.240
0.351 0.092 0.277
0.351 0.092 0.314
0.351 0.092 0.351
0.351 0.092 0.388
0.351 0.092 0.425
0.351 0.092 0.462
0.351 0.092 0.499
0.351 0.129 -0.500
0.351 0.129 -0.463
0.351 0.129 -0.426
0.351 0.129 -0.389
0.351 0.129 -0.352
0.351 0.129 -0.315
0.351 0.129 -0.278
0.351 0.129 -0.241
0.351 0.129 -0.204
0.351 0.129 -0.167
0.351 0.129 -0.130
0.351 0.129 -0.093
0.351 0.129 -0.056
0.351 0.129 -0.019
0.351 0.129 0.018
0.351 0.129 0.055
0.351 0.129 0.092
0.351 0.129 0.129
0.351 0.129 0.166
0.351 0.129 0.203
0.351 0.129 0.240
0.351 0.129 0.277
0.351 0.129 0.314
0.351 0.129 0.351
0.351 0.129 0.388
0.351 0.129 0.425
0.351 0.129 0.462
0.351 0.129 0.499
0.351 0.166 -0.500
0.351 0.166 -0.463
0.351 0.166 -0.426
0.351 0.166 -0.389
0.351 0.166 -0.352
0.351 0.166 -0.315
0.351 0.166 -0.278
0.351 0.166 -0.241
0.351 0.166 -0.204
0.351 0.166 -0.167
0.351 0.166 -0.130
0.351 0.166 -0.093
0.351 0.166 -0.056
0.351 0.166 -0.019
0.351 0.166 0.018
0.351 0.166 0.055
0.351 0.166 0.092
0.351 0.166 0.129
0.351 0.166 0.166
0.351 0.166 0.203
0.351 0.166 0.240
0.351 0.166 0.277
0.351 0.166 0.314
0.351 0.166 0.351
0.351 0.166 0.388
0.351 0.166 0.425
0.351 0.166 0.462
0.351 0.166 0.499
0.351 0.203 -0.500
0.351 0.203 -0.463
0.351 0.203 -0.426
0.351 0.203 -0.389
0.351 0.203 -0.352
0.351 0.203 -0.315
0.351 0.203 -0.278
0.351 0.203 -0.241
0.351 0.203 -0.204
0.351 0.203 -0.167
0.351 0.203 -0.130
0.351 0.203 -0.093
0.351 0.203 -0.056
0.351 0.203 -0.019
0.351 0.203 0.018
0.351 0.203 0.055
0.351 0.203 0.092
0.351 0.203 0.129
0.351 0.203 0.166
0.351 0.203 0.203
0.351 0.203 0.240
0.351 0.203 0.277
0.351 0.203 0.314
0.351 0.203 0.351
0.351 0.203 0.388
0.351 0.203 0.425
0.351 0.203 0.462
0.351 0.203 0.499
0.351 0.240 -0.500
0.351 0.240 -0.463
0.351 0.240 -0.426
0.351 0.240 -0.389
0.351 0.240 -0.352
0.351 0.240 -0.315
0.351 0.240 -0.278
0.351 0.240 -0.241
0.351 0.240 -0.204
0.351 0.240 -0.167
0.351 0.240 -0.130
0.351 0.240 -0.093
0.351 0.240 -0.056
0.351 0.240 -0.019
0.351 0.240 0.018
0.351 0.240 0.055
0.351 0.240 0.092
0.351 0.240 0.129
0.351 0.240 0.166
0.351 0.240 0.203
0.351 0.240 0.240
0.351 0.240 0.277
0.351 0.240 0.314
0.351 0.240 0.351
0.351 0.240 0.388
0.351 0.240 0.425
0.351 0.240 0.462
0.351 0.240 0.499
0.351 0.277 -0.500
0.351 0.277 -0.463
0.351 0.277 -0.426
0.351 0.277 -0.389
0.351 0.277 -0.352
0.351 0.277 -0.315
0.351 0.277 -0.278
0.351 0.277 -0.241
0.351 0.277 -0.204
0.351 0.277 -0.167
0.351 0.277 -0.130
0.351 0.277 -0.093
0.351 0.277 -0.056
0.351 0.277 -0.019
0.351 0.277 0.018
0.351 0.277 0.055
0.351 0.277 0.092
0.351 0.277 0.129
0.351 0.277 0.166
0.351 0.277 0.203
0.351 0.277 0.240
0.351 0.277 0.277
0.351 0.277 0.314
0.351 0.277 0.351
0.351 0.277 0.388
0.351 0.277 0.425
0.351 0.277 0.462
0.351 0.277 0.499
0.351 0.314 -0.500
0.351 0.314 -0.463
0.351 0.314 -0.426
0.351 0.314 -0.389
0.351 0.314 -0.352
0.351 0.314 -0.315
0.351 0.314 -0.278
0.351 0.314 -0.241
0.351 0.314 -0.204
0.351 0.314 -0.167
0.351 0.314 -0.130
0.351 0.314 -0.093
0.351 0.314 -0.056
0.351 0.314 -0.019
0.351 0.314 0.018
0.351 0.314 0.055
0.351 0.314 0.092
0.351 0.314 0.129
0.351 0.314 0.166
0.351 0.314 0.203
0.351 0.314 0.240
0.351 0.314 0.277
0.351 0.314 0.314
0.351 0.314 0.351
0.351 0.314 0.388
0.351 0.314 0.425
0.351 0.314 0.462
0.351 0.314 0.499
0.351 0.351 -0.500
0.351 0.351 -0.463
0.351 0.351 -0.426
0.351 0.351 -0.389
0.351 0.351 -0.352
0.351 0.351 -0.315
0.351 0.351 -0.278
0.351 0.351 -0.241
0.351 0.351 -0.204
0.351 0.351 -0.167
0.351 0.351 -0.130
0.351 0.351 -0.093
0.351 0.351 -0.056
0.351 0.351 -0.019
0.351 0.351 0.018
0.351 0.351 0.055
0.351 0.351 0.092
0.351 0.351 0.129
0.351 0.351 0.166
0.351 0.351 0.203
0.351 0.351 0.240
0.351 0.351 0.277
0.351 0.351 0.314
0.351 0.351 0.351
0.351 0.351 0.388
0.351 0.351 0.425
0.351 0.351 0.462
0.351 0.351 0.499
0.351 0.388 -0.500
0.351 0.388 -0.463
0.351 0.388 -0.426
0.351 0.388 -0.389
0.351 0.388 -0.352
0.351 0.388 -0.315
0.351 0.388 -0.278
0.351 0.388 -0.241
0.351 0.388 -0.204
0.351 0.388 -0.167
0.351 0.388 -0.130
0.351 0.388 -0.093
0.351 0.388 -0.056
0.351 0.388 -0.019
0.351 0.388 0.018
0.351 0.388 0.055
0.351 0.388 0.092
0.351 0.388 0.129
0.351 0.388 0.166
0.351 0.388 0.203
0.351 0.388 0.240
0.351 0.388 0.277
0.351 0.388 0.314
0.351 0.388 0.351
0.351 0.388 0.388
0.351 0.388 0.425
0.351 0.388 0.462
0.351 0.388 0.499
0.351 0.425 -0.500
0.351 0.425 -0.463
0.351 0.425 -0.426
0.351 0.425 -0.389
0.351 0.425 -0.352
0.351 0.425 -0.315
0.351 0.425 -0.278
0.351 0.425 -0.241
0.351 0.425 -0.204
0.351 0.425 -0.167
0.351 0.425 -0.130
0.351 0.425 -0.093
0.351 0.425 -0.056
0.351 0.425 -0.019
0.351 0.425 0.018
0.351 0.425 0.055
0.351 0.425 0.092
0.351 0.425 0.129
0.351 0.425 0.166
0.351 0.425 0.203
0.351 0.425 0.240
0.351 0.425 0.277
0.351 0.425 0.314
0.351 0.425 0.351
0.351 0.425 0.388
0.351 0.425 0.425
0.351 0.425 0.462
0.351 0.425 0.499
0.351 0.462 -0.500
0.351 0.462 -0.463
0.351 0.462 -0.426
0.351 0.462 -0.389
0.351 0.462 -0.352
0.351 0.462 -0.315
0.351 0.462 -0.278
0.351 0.462 -0.241
0.351 0.462 -0.204
0.351 0.462 -0.167
0.351 0.462 -0.130
0.351 0.462 -0.093
0.351 0.462 -0.056
0.351 0.462 -0.019
0.351 0.462 0.018
0.351 0.462 0.055
0.351 0.462 0.092
0.351 0.462 0.129
0.351 0.462 0.166
0.351 0.462 0.203
0.351 0.462 0.240
0.351 0.462 0.277
0.351 0.462 0.314
0.351 0.462 0.351
0.351 0.462 0.388
0.351 0.462 0.425
0.351 0.462 0.462
0.351 0.462 0.499
0.351 0.499 -0.500
0.351 0.499 -0.463
0.351 0.499 -0.426
0.351 0.499 -0.389
0.351 0.499 -0.352
0.351 0.499 -0.315
0.351 0.499 -0.278
0.351 0.499 -0.241
0.351 0.499 -0.204
0.351 0.499 -0.167
0.351 0.499 -0.130
0.351 0.499 -0.093
0.351 0.499 -0.056
0.351 0.499 -0.019
0.351 0.499 0.018
0.351 0.499 0.055
0.351 0.499 0.092
0.351 0.499 0.129
0.351 0.499 0.166
0.351 0.499 0.203
0.351 0.499 0.240
0.351 0.499 0.277
0.351 0.499 0.314
0.351 0.499 0.351
0.351 0.499 0.388
0.351 0.499 0.425
0.351 0.499 0.462
0.351 0.499 0.499
0.388 -0.500 -0.500
0.388 -0.500 -0.463
0.388 -0.500 -0.426
0.388 -0.500 -0.389
0.388 -0.500 -0.352
0.388 -0.500 -0.315
0.388 -0.500 -0.278
0.388 -0.500 -0.241
0.388 -0.500 -0.204
0.388 -0.500 -0.167
0.388 -0.500 -0.130
0.388 -0.500 -0.093
0.388 -0.500 -0.056
0.388 -0.500 -0.019
0.388 -0.500 0.018
0.388 -0.500 0.055
0.388 -0.500 0.092
0.388 -0.500 0.129
0.388 -0.500 0.166
0.388 -0.500 0.203
0.388 -0.500 0.240
0.388 -0.500 0.277
0.388 -0.500 0.314
0.388 -0.500 0.351
0.388 -0.500 0.388
0.388 -0.500 0.425
0.388 -0.500 0.462
0.388 -0.500 0.499
0.388 -0.463 -0.500
0.388 -0.463 -0.463
0.388 -0.463 -0.426
0.388 -0.463 -0.389
0.388 -0.463 -0.352
0.388 -0.463 -0.315
0.388 -0.463 -0.278
0.388 -0.463 -0.241
0.388 -0.463 -0.204
0.388 -0.463 -0.167
0.388 -0.463 -0.130
0.388 -0.463 -0.093
0.388 -0.463 -0.056
0.388 -0.463 -0.019
0.388 -0.463 0.018
0.388 -0.463 0.055
0.388 -0.463 0.092
0.388 -0.463 0.129
0.388 -0.463 0.166
0.388 -0.463 0.203
0.388 -0.463 0.240
0.388 -0.463 0.277
0.388 -0.463 0.314
0.388 -0.463 0.351
0.388 -0.463 0.388
0.388 -0.463 0.425
0.388 -0.463 0.462
0.388 -0.463 0.499
0.388 -0.426 -0.500
0.388 -0.426 -0.463
0.388 -0.426 -0.426
0.388 -0.426 -0.389
0.388 -0.426 -0.352
0.388 -0.426 -0.315
0.388 -0.426 -0.278
0.388 -0.426 -0.241
0.388 -0.426 -0.204
0.388 -0.426 -0.167
0.388 -0.426 -0.130
0.388 -0.426 -0.093
0.388 -0.426 -0.056
0.388 -0.426 -0.019
0.388 -0.426 0.018
0.388 -0.426 0.055
0.388 -0.426 0.092
0.388 -0.426 0.129
0.388 -0.426 0.166
0.388 -0.426 0.203
0.388 -0.426 0.240
0.388 -0.426 0.277
0.388 -0.426 0.314
0.388 -0.426 0.351
0.388 -0.426 0.388
0.388 -0.426 0.425
0.388 -0.426 0.462
0.388 -0.426 0.499
0.388 -0.389 -0.500
0.388 -0.389 -0.463
0.388 -0.389 -0.426
0.388 -0.389 -0.389
0.388 -0.389 -0.352
0.388 -0.389 -0.315
0.388 -0.389 -0.278
0.388 -0.389 -0.241
0.388 -0.389 -0.204
0.388 -0.389 -0.167
0.388 -0.389 -0.130
0.388 -0.389 -0.093
0.388 -0.389 -0.056
0.388 -0.389 -0.019
0.388 -0.389 0.018
0.388 -0.389 0.055
0.388 -0.389 0.092
0.388 -0.389 0.129
0.388 -0.389 0.166
0.388 -0.389 0.203
0.388 -0.389 0.240
0.388 -0.389 0.277
0.388 -0.389 0.314
0.388 -0.389 0.351
0.388 -0.389 0.388
0.388 -0.389 0.425
0.388 -0.389 0.462
0.388 -0.389 0.499
0.388 -0.352 -0.500
0.388 -0.352 -0.463
0.388 -0.352 -0.426
0.388 -0.352 -0.389
0.388 -0.352 -0.352
0.388 -0.352 -0.315
0.388 -0.352 -0.278
0.388 -0.352 -0.241
0.388 -0.352 -0.204
0.388 -0.352 -0.167
0.388 -0.352 -0.130
0.388 -0.352 -0.093
0.388 -0.352 -0.056
0.388 -0.352 -0.019
0.388 -0.352 0.018
0.388 -0.352 0.055
0.388 -0.352 0.092
0.388 -0.352 0.129
0.388 -0.352 0.166
0.388 -0.352 0.203
0.388 -0.352 0.240
0.388 -0.352 0.277
0.388 -0.352 0.314
0.388 -0.352 0.351
0.388 -0.352 0.388
0.388 -0.352 0.425
0.388 -0.352 0.462
0.388 -0.352 0.499
0.388 -0.315 -0.500
0.388 -0.315 -0.463
0.388 -0.315 -0.426
0.388 -0.315 -0.389
0.388 -0.315 -0.352
0.388 -0.315 -0.315
0.388 -0.315 -0.278
0.388 -0.315 -0.241
0.388 -0.315 -0.204
0.388 -0.315 -0.167
0.388 -0.315 -0.130
0.388 -0.315 -0.093
0.388 -0.315 -0.056
0.388 -0.315 -0.019
0.388 -0.315 0.018
0.388 -0.315 0.055
0.388 -0.315 0.092
0.388 -0.315 0.129
0.388 -0.315 0.166
0.388 -0.315 0.203
0.388 -0.315 0.240
0.388 -0.315 0.277
0.388 -0.315 0.314
0.388 -0.315 0.351
0.388 -0.315 0.388
0.388 -0.315 0.425
0.388 -0.315 0.462
0.388 -0.315 0.499
0.388 -0.278 -0.500
0.388 -0.278 -0.463
0.388 -0.278 -0.426
0.388 -0.278 -0.389
0.388 -0.278 -0.352
0.388 -0.278 -0.315
0.388 -0.278 -0.278
0.388 -0.278 -0.241
0.388 -0.278 -0.204
0.388 -0.278 -0.167
0.388 -0.278 -0.130
0.388 -0.278 -0.093
0.388 -0.278 -0.056
0.388 -0.278 -0.019
0.388 -0.278 0.018
0.388 -0.278 0.055
0.388 -0.278 0.092
0.388 -0.278 0.129
0.388 -0.278 0.166
0.388 -0.278 0.203
0.388 -0.278 0.240
0.388 -0.278 0.277
0.388 -0.278 0.314
0.388 -0.278 0.351
0.388 -0.278 0.388
0.388 -0.278 0.425
0.388 -0.278 0.462
0.388 -0.278 0.499
0.388 -0.241 -0.500
0.388 -0.241 -0.463
0.388 -0.241 -0.426
0.388 -0.241 -0.389
0.388 -0.241 -0.352
0.388 -0.241 -0.315
0.388 -0.241 -0.278
0.388 -0.241 -0.241
0.388 -0.241 -0.204
0.388 -0.241 -0.167
0.388 -0.241 -0.130
0.388 -0.241 -0.093
0.388 -0.241 -0.056
0.388 -0.241 -0.019
0.388 -0.241 0.018
0.388 -0.241 0.055
0.388 -0.241 0.092
0.388 -0.241 0.129
0.388 -0.241 0.166
0.388 -0.241 0.203
0.388 -0.241 0.240
0.388 -0.241 0.277
0.388 -0.241 0.314
0.388 -0.241 0.351
0.388 -0.241 0.388
0.388 -0.241 0.425
0.388 -0.241 0.462
0.388 -0.241 0.499
0.388 -0.204 -0.500
0.388 -0.204 -0.463
0.388 -0.204 -0.426
0.388 -0.204 -0.389
0.388 -0.204 -0.352
0.388 -0.204 -0.315
0.388 -0.204 -0.278
0.388 -0.204 -0.241
0.388 -0.204 -0.204
0.388 -0.204 -0.167
0.388 -0.204 -0.130
0.388 -0.204 -0.093
0.388 -0.204 -0.056
0.388 -0.204 -0.019
0.388 -0.204 0.018
0.388 -0.204 0.055
0.388 -0.204 0.092
0.388 -0.204 0.129
0.388 -0.204 0.166
0.388 -0.204 0.203
0.388 -0.204 0.240
0.388 -0.204 0.277
0.388 -0.204 0.314
0.388 -0.204 0.351
0.388 -0.204 0.388
0.388 -0.204 0.425
0.388 -0.204 0.462
0.388 -0.204 0.499
0.388 -0.167 -0.500
0.388 -0.167 -0.463
0.388 -0.167 -0.426
0.388 -0.167 -0.389
0.388 -0.167 -0.352
0.388 -0.167 -0.315
0.388 -0.167 -0.278
0.388 -0.167 -0.241
0.388 -0.167 -0.204
0.388 -0.167 -0.167
0.388 -0.167 -0.130
0.388 -0.167 -0.093
0.388 -0.167 -0.056
0.388 -0.167 -0.019
0.388 -0.167 0.018
0.388 -0.167 0.055
0.388 -0.167 0.092
0.388 -0.167 0.129
0.388 -0.167 0.166
0.388 -0.167 0.203
0.388 -0.167 0.240
0.388 -0.167 0.277
0.388 -0.167 0.314
0.388 -0.167 0.351
0.388 -0.167 0.388
0.388 -0.167 0.425
0.388 -0.167 0.462
0.388 -0.167 0.499
0.388 -0.130 -0.500
0.388 -0.130 -0.463
0.388 -0.130 -0.426
0.388 -0.130 -0.389
0.388 -0.130 -0.352
0.388 -0.130 -0.315
0.388 -0.130 -0.278
0.388 -0.130 -0.241
0.388 -0.130 -0.204
0.388 -0.130 -0.167
0.388 -0.130 -0.130
0.388 -0.130 -0.093
0.388 -0.130 -0.056
0.388 -0.130 -0.019
0.388 -0.130 0.018
0.388 -0.130 0.055
0.388 -0.130 0.092
0.388 -0.130 0.129
0.388 -0.130 0.166
0.388 -0.130 0.203
0.388 -0.130 0.240
0.388 -0.130 0.277
0.388 -0.130 0.314
0.388 -0.130 0.351
0.388 -0.130 0.388
0.388 -0.130 0.425
0.388 -0.130 0.462
0.388 -0.130 0.499
0.388 -0.093 -0.500
0.388 -0.093 -0.463
0.388 -0.093 -0.426
0.388 -0.093 -0.389
0.388 -0.093 -0.352
0.388 -0.093 -0.315
0.388 -0.093 -0.278
0.388 -0.093 -0.241
0.388 -0.093 -0.204
0.388 -0.093 -0.167
0.388 -0.093 -0.130
0.388 -0.093 -0.093
0.388 -0.093 -0.056
0.388 -0.093 -0.019
0.388 -0.093 0.018
0.388 -0.093 0.055
0.388 -0.093 0.092
0.388 -0.093 0.129
0.388 -0.093 0.166
0.388 -0.093 0.203
0.388 -0.093 0.240
0.388 -0.093 0.277
0.388 -0.093 0.314
0.388 -0.093 0.351
0.388 -0.093 0.388
0.388 -0.093 0.425
0.388 -0.093 0.462
0.388 -0.093 0.499
0.388 -0.056 -0.500
0.388 -0.056 -0.463
0.388 -0.056 -0.426
0.388 -0.056 -0.389
0.388 -0.056 -0.352
0.388 -0.056 -0.315
0.388 -0.056 -0.278
0.388 -0.056 -0.241
0.388 -0.056 -0.204
0.388 -0.056 -0.167
0.388 -0.056 -0.130
0.388 -0.056 -0.093
0.388 -0.056 -0.056
0.388 -0.056 -0.019
0.388 -0.056 0.018
0.388 -0.056 0.055
0.388 -0.056 0.092
0.388 -0.056 0.129
0.388 -0.056 0.166
0.388 -0.056 0.203
0.388 -0.056 0.240
0.388 -0.056 0.277
0.388 -0.056 0.314
0.388 -0.056 0.351
0.388 -0.056 0.388
0.388 -0.056 0.425
0.388 -0.056 0.462
0.388 -0.056 0.499
0.388 -0.019 -0.500
0.388 -0.019 -0.463
0.388 -0.019 -0.426
0.388 -0.019 -0.389
0.388 -0.019 -0.352
0.388 -0.019 -0.315
0.388 -0.019 -0.278
0.388 -0.019 -0.241
0.388 -0.019 -0.204
0.388 -0.019 -0.167
0.388 -0.019 -0.130
0.388 -0.019 -0.093
0.388 -0.019 -0.056
0.388 -0.019 -0.019
0.388 -0.019 0.018
0.388 -0.019 0.055
0.388 -0.019 0.092
0.388 -0.019 0.129
0.388 -0.019 0.166
0.388 -0.019 0.203
0.388 -0.019 0.240
0.388 -0.019 0.277
0.388 -0.019 0.314
0.388 -0.019 0.351
0.388 -0.019 0.388
0.388 -0.019 0.425
0.388 -0.019 0.462
0.388 -0.019 0.499
0.388 0.018 -0.500
0.388 0.018 -0.463
0.388 0.018 -0.426
0.388 0.018 -0.389
0.388 0.018 -0.352
0.388 0.018 -0.315
0.388 0.018 -0.278
0.388 0.018 -0.241
0.388 0.018 -0.204
0.388 0.018 -0.167
0.388 0.018 -0.130
0.388 0.018 -0.093
0.388 0.018 -0.056
0.388 0.018 -0.019
0.388 0.018 0.018
0.388 0.018 0.055
0.388 0.018 0.092
0.388 0.018 0.129
0.388 0.018 0.166
0.388 0.018 0.203
0.388 0.018 0.240
0.388 0.018 0.277
0.388 0.018 0.314
0.388 0.018 0.351
0.388 0.018 0.388
0.388 0.018 0.425
0.388 0.018 0.462
0.388 0.018 0.499
0.388 0.055 -0.500
0.388 0.055 -0.463
0.388 0.055 -0.426
0.388 0.055 -0.389
0.388 0.055 -0.352
0.388 0.055 -0.315
0.388 0.055 -0.278
0.388 0.055 -0.241
0.388 0.055 -0.204
0.388 0.055 -0.167
0.388 0.055 -0.130
0.388 0.055 -0.093
0.388 0.055 -0.056
0.388 0.055 -0.019
0.388 0.055 0.018
0.388 0.055 0.055
0.388 0.055 0.092
0.388 0.055 0.129
0.388 0.055 0.166
0.388 0.055 0.203
0.388 0.055 0.240
0.388 0.055 0.277
0.388 0.055 0.314
0.388 0.055 0.351
0.388 0.055 0.388
0.388 0.055 0.425
0.388 0.055 0.462
0.388 0.055 0.499
0.388 0.092 -0.500
0.388 0.092 -0.463
0.388 0.092 -0.426
0.388 0.092 -0.389
0.388 0.092 -0.352
0.388 0.092 -0.315
0.388 0.092 -0.278
0.388 0.092 -0.241
0.388 0.092 -0.204
0.388 0.092 -0.167
0.388 0.092 -0.130
0.388 0.092 -0.093
0.388 0.092 -0.056
0.388 0.092 -0.019
0.388 0.092 0.018
0.388 0.092 0.055
0.388 0.092 0.092
0.388 0.092 0.129
0.388 0.092 0.166
0.388 0.092 0.203
0.388 0.092 0.240
0.388 0.092 0.277
0.388 0.092 0.314
0.388 0.092 0.351
0.388 0.092 0.388
0.388 0.092 0.425
0.388 0.092 0.462
0.388 0.092 0.499
0.388 0.129 -0.500
0.388 0.129 -0.463
0.388 0.129 -0.426
0.388 0.129 -0.389
0.388 0.129 -0.352
0.388 0.129 -0.315
0.388 0.129 -0.278
0.388 0.129 -0.241
0.388 0.129 -0.204
0.388 0.129 -0.167
0.388 0.129 -0.130
0.388 0.129 -0.093
0.388 0.129 -0.056
0.388 0.129 -0.019
0.388 0.129 0.018
0.388 0.129 0.055
0.388 0.129 0.092
0.388 0.129 0.129
0.388 0.129 0.166
0.388 0.129 0.203
0.388 0.129 0.240
0.388 0.129 0.277
0.388 0.129 0.314
0.388 0.129 0.351
0.388 0.129 0.388
0.388 0.129 0.425
0.388 0.129 0.462
0.388 0.129 0.499
0.388 0.166 -0.500
0.388 0.166 -0.463
0.388 0.166 -0.426
0.388 0.166 -0.389
0.388 0.166 -0.352
0.388 0.166 -0.315
0.388 0.166 -0.278
0.388 0.166 -0.241
0.388 0.166 -0.204
0.388 0.166 -0.167
0.388 0.166 -0.130
0.388 0.166 -0.093
0.388 0.166 -0.056
0.388 0.166 -0.019
0.388 0.166 0.018
0.388 0.166 0.055
0.388 0.166 0.092
0.388 0.166 0.129
0.388 0.166 0.166
0.388 0.166 0.203
0.388 0.166 0.240
0.388 0.166 0.277
0.388 0.166 0.314
0.388 0.166 0.351
0.388 0.166 0.388
0.388 0.166 0.425
0.388 0.166 0.462
0.388 0.166 0.499
0.388 0.203 -0.500
0.388 0.203 -0.463
0.388 0.203 -0.426
0.388 0.203 -0.389
0.388 0.203 -0.352
0.388 0.203 -0.315
0.388 0.203 -0.278
0.388 0.203 -0.241
0.388 0.203 -0.204
0.388 0.203 -0.167
0.388 0.203 -0.130
0.388 0.203 -0.093
0.388 0.203 -0.056
0.388 0.203 -0.019
0.388 0.203 0.018
0.388 0.203 0.055
0.388 0.203 0.092
0.388 0.203 0.129
0.388 0.203 0.166
0.388 0.203 0.203
0.388 0.203 0.240
0.388 0.203 0.277
0.388 0.203 0.314
0.388 0.203 0.351
0.388 0.203 0.388
0.388 0.203 0.425
0.388 0.203 0.462
0.388 0.203 0.499
0.388 0.240 -0.500
0.388 0.240 -0.463
0.388 0.240 -0.426
0.388 0.240 -0.389
0.388 0.240 -0.352
0.388 0.240 -0.315
0.388 0.240 -0.278
0.388 0.240 -0.241
0.388 0.240 -0.204
0.388 0.240 -0.167
0.388 0.240 -0.130
0.388 0.240 -0.093
0.388 0.240 -0.056
0.388 0.240 -0.019
0.388 0.240 0.018
0.388 0.240 0.055
0.388 0.240 0.092
0.388 0.240 0.129
0.388 0.240 0.166
0.388 0.240 0.203
0.388 0.240 0.240
0.388 0.240 0.277
0.388 0.240 0.314
0.388 0.240 0.351
0.388 0.240 0.388
0.388 0.240 0.425
0.388 0.240 0.462
0.388 0.240 0.499
0.388 0.277 -0.500
0.388 0.277 -0.463
0.388 0.277 -0.426
0.388 0.277 -0.389
0.388 0.277 -0.352
0.388 0.277 -0.315
0.388 0.277 -0.278
0.388 0.277 -0.241
0.388 0.277 -0.204
0.388 0.277 -0.167
0.388 0.277 -0.130
0.388 0.277 -0.093
0.388 0.277 -0.056
0.388 0.277 -0.019
0.388 0.277 0.018
0.388 0.277 0.055
0.388 0.277 0.092
0.388 0.277 0.129
0.388 0.277 0.166
0.388 0.277 0.203
0.388 0.277 0.240
0.388 0.277 0.277
0.388 0.277 0.314
0.388 0.277 0.351
0.388 0.277 0.388
0.388 0.277 0.425
0.388 0.277 0.462
0.388 0.277 0.499
0.388 0.314 -0.500
0.388 0.314 -0.463
0.388 0.314 -0.426
0.388 0.314 -0.389
0.388 0.314 -0.352
0.388 0.314 -0.315
0.388 0.314 -0.278
0.388 0.314 -0.241
0.388 0.314 -0.204
0.388 0.314 -0.167
0.388 0.314 -0.130
0.388 0.314 -0.093
0.388 0.314 -0.056
0.388 0.314 -0.019
0.388 0.314 0.018
0.388 0.314 0.055
0.388 0.314 0.092
0.388 0.314 0.129
0.388 0.314 0.166
0.388 0.314 0.203
0.388 0.314 0.240
0.388 0.314 0.277
0.388 0.314 0.314
0.388 0.314 0.351
0.388 0.314 0.388
0.388 0.314 0.425
0.388 0.314 0.462
0.388 0.314 0.499
0.388 0.351 -0.500
0.388 0.351 -0.463
0.388 0.351 -0.426
0.388 0.351 -0.389
0.388 0.351 -0.352
0.388 0.351 -0.315
0.388 0.351 -0.278
0.388 0.351 -0.241
0.388 0.351 -0.204
0.388 0.351 -0.167
0.388 0.351 -0.130
0.388 0.351 -0.093
0.388 0.351 -0.056
0.388 0.351 -0.019
0.388 0.351 0.018
0.388 0.351 0.055
0.388 0.351 0.092
0.388 0.351 0.129
0.388 0.351 0.166
0.388 0.351 0.203
0.388 0.351 0.240
0.388 0.351 0.277
0.388 0.351 0.314
0.388 0.351 0.351
0.388 0.351 0.388
0.388 0.351 0.425
0.388 0.351 0.462
0.388 0.351 0.499
0.388 0.388 -0.500
0.388 0.388 -0.463
0.388 0.388 -0.426
0.388 0.388 -0.389
0.388 0.388 -0.352
0.388 0.388 -0.315
0.388 0.388 -0.278
0.388 0.388 -0.241
0.388 0.388 -0.204
0.388 0.388 -0.167
0.388 0.388 -0.130
0.388 0.388 -0.093
0.388 0.388 -0.056
0.388 0.388 -0.019
0.388 0.388 0.018
0.388 0.388 0.055
0.388 0.388 0.092
0.388 0.388 0.129
0.388 0.388 0.166
0.388 0.388 0.203
0.388 0.388 0.240
0.388 0.388 0.277
0.388 0.388 0.314
0.388 0.388 0.351
0.388 0.388 0.388
0.388 0.388 0.425
0.388 0.388 0.462
0.388 0.388 0.499
0.388 0.425 -0.500
0.388 0.425 -0.463
0.388 0.425 -0.426
0.388 0.425 -0.389
0.388 0.425 -0.352
0.388 0.425 -0.315
0.388 0.425 -0.278
0.388 0.425 -0.241
0.388 0.425 -0.204
0.388 0.425 -0.167
0.388 0.425 -0.130
0.388 0.425 -0.093
0.388 0.425 -0.056
0.388 0.425 -0.019
0.388 0.425 0.018
0.388 0.425 0.055
0.388 0.425 0.092
0.388 0.425 0.129
0.388 0.425 0.166
0.388 0.425 0.203
0.388 0.425 0.240
0.388 0.425 0.277
0.388 0.425 0.314
0.388 0.425 0.351
0.388 0.425 0.388
0.388 0.425 0.425
0.388 0.425 0.462
0.388 0.425 0.499
0.388 0.462 -0.500
0.388 0.462 -0.463
0.388 0.462 -0.426
0.388 0.462 -0.389
0.388 0.462 -0.352
0.388 0.462 -0.315
0.388 0.462 -0.278
0.388 0.462 -0.241
0.388 0.462 -0.204
0.388 0.462 -0.167
0.388 0.462 -0.130
0.388 0.462 -0.093
0.388 0.462 -0.056
0.388 0.462 -0.019
0.388 0.462 0.018
0.388 0.462 0.055
0.388 0.462 0.092
0.388 0.462 0.129
0.388 0.462 0.166
0.388 0.462 0.203
0.388 0.462 0.240
0.388 0.462 0.277
0.388 0.462 0.314
0.388 0.462 0.351
0.388 0.462 0.388
0.388 0.462 0.425
0.388 0.462 0.462
0.388 0.462 0.499
0.388 0.499 -0.500
0.388 0.499 -0.463
0.388 0.499 -0.426
0.388 0.499 -0.389
0.388 0.499 -0.352
0.388 0.499 -0.315
0.388 0.499 -0.278
0.388 0.499 -0.241
0.388 0.499 -0.204
0.388 0.499 -0.167
0.388 0.499 -0.130
0.388 0.499 -0.093
0.388 0.499 -0.056
0.388 0.499 -0.019
0.388 0.499 0.018
0.388 0.499 0.055
0.388 0.499 0.092
0.388 0.499 0.129
0.388 0.499 0.166
0.388 0.499 0.203
0.388 0.499 0.240
0.388 0.499 0.277
0.388 0.499 0.314
0.388 0.499 0.351
0.388 0.499 0.388
0.388 0.499 0.425
0.388 0.499 0.462
0.388 0.499 0.499
0.425 -0.500 -0.500
0.425 -0.500 -0.463
0.425 -0.500 -0.426
0.425 -0.500 -0.389
0.425 -0.500 -0.352
0.425 -0.500 -0.315
0.425 -0.500 -0.278
0.425 -0.500 -0.241
0.425 -0.500 -0.204
0.425 -0.500 -0.167
0.425 -0.500 -0.130
0.425 -0.500 -0.093
0.425 -0.500 -0.056
0.425 -0.500 -0.019
0.425 -0.500 0.018
0.425 -0.500 0.055
0.425 -0.500 0.092
0.425 -0.500 0.129
0.425 -0.500 0.166
0.425 -0.500 0.203
0.425 -0.500 0.240
0.425 -0.500 0.277
0.425 -0.500 0.314
0.425 -0.500 0.351
0.425 -0.500 0.388
0.425 -0.500 0.425
0.425 -0.500 0.462
0.425 -0.500 0.499
0.425 -0.463 -0.500
0.425 -0.463 -0.463
0.425 -0.463 -0.426
0.425 -0.463 -0.389
0.425 -0.463 -0.352
0.425 -0.463 -0.315
0.425 -0.463 -0.278
0.425 -0.463 -0.241
0.425 -0.463 -0.204
0.425 -0.463 -0.167
0.425 -0.463 -0.130
0.425 -0.463 -0.093
0.425 -0.463 -0.056
0.425 -0.463 -0.019
0.425 -0.463 0.018
0.425 -0.463 0.055
0.425 -0.463 0.092
0.425 -0.463 0.129
0.425 -0.463 0.166
0.425 -0.463 0.203
0.425 -0.463 0.240
0.425 -0.463 0.277
0.425 -0.463 0.314
0.425 -0.463 0.351
0.425 -0.463 0.388
0.425 -0.463 0.425
0.425 -0.463 0.462
0.425 -0.463 0.499
0.425 -0.426 -0.500
0.425 -0.426 -0.463
0.425 -0.426 -0.426
0.425 -0.426 -0.389
0.425 -0.426 -0.352
0.425 -0.426 -0.315
0.425 -0.426 -0.278
0.425 -0.426 -0.241
0.425 -0.426 -0.204
0.425 -0.426 -0.167
0.425 -0.426 -0.130
0.425 -0.426 -0.093
0.425 -0.426 -0.056
0.425 -0.426 -0.019
0.425 -0.426 0.018
0.425 -0.426 0.055
0.425 -0.426 0.092
0.425 -0.426 0.129
0.425 -0.426 0.166
0.425 -0.426 0.203
0.425 -0.426 0.240
0.425 -0.426 0.277
0.425 -0.426 0.314
0.425 -0.426 0.351
0.425 -0.426 0.388
0.425 -0.426 0.425
0.425 -0.426 0.462
0.425 -0.426 0.499
0.425 -0.389 -0.500
0.425 -0.389 -0.463
0.425 -0.389 -0.426
0.425 -0.389 -0.389
0.425 -0.389 -0.352
0.425 -0.389 -0.315
0.425 -0.389 -0.278
0.425 -0.389 -0.241
0.425 -0.389 -0.204
0.425 -0.389 -0.167
0.425 -0.389 -0.130
0.425 -0.389 -0.093
0.425 -0.389 -0.056
0.425 -0.389 -0.019
0.425 -0.389 0.018
0.425 -0.389 0.055
0.425 -0.389 0.092
0.425 -0.389 0.129
0.425 -0.389 0.166
0.425 -0.389 0.203
0.425 -0.389 0.240
0.425 -0.389 0.277
0.425 -0.389 0.314
0.425 -0.389 0.351
0.425 -0.389 0.388
0.425 -0.389 0.425
0.425 -0.389 0.462
0.425 -0.389 0.499
0.425 -0.352 -0.500
0.425 -0.352 -0.463
0.425 -0.352 -0.426
0.425 -0.352 -0.389
0.425 -0.352 -0.352
0.425 -0.352 -0.315
0.425 -0.352 -0.278
0.425 -0.352 -0.241
0.425 -0.352 -0.204
0.425 -0.352 -0.167
0.425 -0.352 -0.130
0.425 -0.352 -0.093
0.425 -0.352 -0.056
0.425 -0.352 -0.019
0.425 -0.352 0.018
0.425 -0.352 0.055
0.425 -0.352 0.092
0.425 -0.352 0.129
0.425 -0.352 0.166
0.425 -0.352 0.203
0.425 -0.352 0.240
0.425 -0.352 0.277
0.425 -0.352 0.314
0.425 -0.352 0.351
0.425 -0.352 0.388
0.425 -0.352 0.425
0.425 -0.352 0.462
0.425 -0.352 0.499
0.425 -0.315 -0.500
0.425 -0.315 -0.463
0.425 -0.315 -0.426
0.425 -0.315 -0.389
0.425 -0.315 -0.352
0.425 -0.315 -0.315
0.425 -0.315 -0.278
0.425 -0.315 -0.241
0.425 -0.315 -0.204
0.425 -0.315 -0.167
0.425 -0.315 -0.130
0.425 -0.315 -0.093
0.425 -0.315 -0.056
0.425 -0.315 -0.019
0.425 -0.315 0.018
0.425 -0.315 0.055
0.425 -0.315 0.092
0.425 -0.315 0.129
0.425 -0.315 0.166
0.425 -0.315 0.203
0.425 -0.315 0.240
0.425 -0.315 0.277
0.425 -0.315 0.314
0.425 -0.315 0.351
0.425 -0.315 0.388
0.425 -0.315 0.425
0.425 -0.315 0.462
0.425 -0.315 0.499
0.425 -0.278 -0.500
0.425 -0.278 -0.463
0.425 -0.278 -0.426
0.425 -0.278 -0.389
0.425 -0.278 -0.352
0.425 -0.278 -0.315
0.425 -0.278 -0.278
0.425 -0.278 -0.241
0.425 -0.278 -0.204
0.425 -0.278 -0.167
0.425 -0.278 -0.130
0.425 -0.278 -0.093
0.425 -0.278 -0.056
0.425 -0.278 -0.019
0.425 -0.278 0.018
0.425 -0.278 0.055
0.425 -0.278 0.092
0.425 -0.278 0.129
0.425 -0.278 0.166
0.425 -0.278 0.203
0.425 -0.278 0.240
0.425 -0.278 0.277
0.425 -0.278 0.314
0.425 -0.278 0.351
0.425 -0.278 0.388
0.425 -0.278 0.425
0.425 -0.278 0.462
0.425 -0.278 0.499
0.425 -0.241 -0.500
0.425 -0.241 -0.463
0.425 -0.241 -0.426
0.425 -0.241 -0.389
0.425 -0.241 -0.352
0.425 -0.241 -0.315
0.425 -0.241 -0.278
0.425 -0.241 -0.241
0.425 -0.241 -0.204
0.425 -0.241 -0.167
0.425 -0.241 -0.130
0.425 -0.241 -0.093
0.425 -0.241 -0.056
0.425 -0.241 -0.019
0.425 -0.241 0.018
0.425 -0.241 0.055
0.425 -0.241 0.092
0.425 -0.241 0.129
0.425 -0.241 0.166
0.425 -0.241 0.203
0.425 -0.241 0.240
0.425 -0.241 0.277
0.425 -0.241 0.314
0.425 -0.241 0.351
0.425 -0.241 0.388
0.425 -0.241 0.425
0.425 -0.241 0.462
0.425 -0.241 0.499
0.425 -0.204 -0.500
0.425 -0.204 -0.463
0.425 -0.204 -0.426
0.425 -0.204 -0.389
0.425 -0.204 -0.352
0.425 -0.204 -0.315
0.425 -0.204 -0.278
0.425 -0.204 -0.241
0.425 -0.204 -0.204
0.425 -0.204 -0.167
0.425 -0.204 -0.130
0.425 -0.204 -0.093
0.425 -0.204 -0.056
0.425 -0.204 -0.019
0.425 -0.204 0.018
0.425 -0.204 0.055
0.425 -0.204 0.092
0.425 -0.204 0.129
0.425 -0.204 0.166
0.425 -0.204 0.203
0.425 -0.204 0.240
0.425 -0.204 0.277
0.425 -0.204 0.314
0.425 -0.204 0.351
0.425 -0.204 0.388
0.425 -0.204 0.425
0.425 -0.204 0.462
0.425 -0.204 0.499
0.425 -0.167 -0.500
0.425 -0.167 -0.463
0.425 -0.167 -0.426
0.425 -0.167 -0.389
0.425 -0.167 -0.352
0.425 -0.167 -0.315
0.425 -0.167 -0.278
0.425 -0.167 -0.241
0.425 -0.167 -0.204
0.425 -0.167 -0.167
0.425 -0.167 -0.130
0.425 -0.167 -0.093
0.425 -0.167 -0.056
0.425 -0.167 -0.019
0.425 -0.167 0.018
0.425 -0.167 0.055
0.425 -0.167 0.092
0.425 -0.167 0.129
0.425 -0.167 0.166
0.425 -0.167 0.203
0.425 -0.167 0.240
0.425 -0.167 0.277
0.425 -0.167 0.314
0.425 -0.167 0.351
0.425 -0.167 0.388
0.425 -0.167 0.425
0.425 -0.167 0.462
0.425 -0.167 0.499
0.425 -0.130 -0.500
0.425 -0.130 -0.463
0.425 -0.130 -0.426
0.425 -0.130 -0.389
0.425 -0.130 -0.352
0.425 -0.130 -0.315
0.425 -0.130 -0.278
0.425 -0.130 -0.241
0.425 -0.130 -0.204
0.425 -0.130 -0.167
0.425 -0.130 -0.130
0.425 -0.130 -0.093
0.425 -0.130 -0.056
0.425 -0.130 -0.019
0.425 -0.130 0.018
0.425 -0.130 0.055
0.425 -0.130 0.092
0.425 -0.130 0.129
0.425 -0.130 0.166
0.425 -0.130 0.203
0.425 -0.130 0.240
0.425 -0.130 0.277
0.425 -0.130 0.314
0.425 -0.130 0.351
0.425 -0.130 0.388
0.425 -0.130 0.425
0.425 -0.130 0.462
0.425 -0.130 0.499
0.425 -0.093 -0.500
0.425 -0.093 -0.463
0.425 -0.093 -0.426
0.425 -0.093 -0.389
0.425 -0.093 -0.352
0.425 -0.093 -0.315
0.425 -0.093 -0.278
0.425 -0.093 -0.241
0.425 -0.093 -0.204
0.425 -0.093 -0.167
0.425 -0.093 -0.130
0.425 -0.093 -0.093
0.425 -0.093 -0.056
0.425 -0.093 -0.019
0.425 -0.093 0.018
0.425 -0.093 0.055
0.425 -0.093 0.092
0.425 -0.093 0.129
0.425 -0.093 0.166
0.425 -0.093 0.203
0.425 -0.093 0.240
0.425 -0.093 0.277
0.425 -0.093 0.314
0.425 -0.093 0.351
0.425 -0.093 0.388
0.425 -0.093 0.425
0.425 -0.093 0.462
0.425 -0.093 0.499
0.425 -0.056 -0.500
0.425 -0.056 -0.463
0.425 -0.056 -0.426
0.425 -0.056 -0.389
0.425 -0.056 -0.352
0.425 -0.056 -0.315
0.425 -0.056 -0.278
0.425 -0.056 -0.241
0.425 -0.056 -0.204
0.425 -0.056 -0.167
0.425 -0.056 -0.130
0.425 -0.056 -0.093
0.425 -0.056 -0.056
0.425 -0.056 -0.019
0.425 -0.056 0.018
0.425 -0.056 0.055
0.425 -0.056 0.092
0.425 -0.056 0.129
0.425 -0.056 0.166
0.425 -0.056 0.203
0.425 -0.056 0.240
0.425 -0.056 0.277
0.425 -0.056 0.314
0.425 -0.056 0.351
0.425 -0.056 0.388
0.425 -0.056 0.425
0.425 -0.056 0.462
0.425 -0.056 0.499
0.425 -0.019 -0.500
0.425 -0.019 -0.463
0.425 -0.019 -0.426
0.425 -0.019 -0.389
0.425 -0.019 -0.352
0.425 -0.019 -0.315
0.425 -0.019 -0.278
0.425 -0.019 -0.241
0.425 -0.019 -0.204
0.425 -0.019 -0.167
0.425 -0.019 -0.130
0.425 -0.019 -0.093
0.425 -0.019 -0.056
0.425 -0.019 -0.019
0.425 -0.019 0.018
0.425 -0.019 0.055
0.425 -0.019 0.092
0.425 -0.019 0.129
0.425 -0.019 0.166
0.425 -0.019 0.203
0.425 -0.019 0.240
0.425 -0.019 0.277
0.425 -0.019 0.314
0.425 -0.019 0.351
0.425 -0.019 0.388
0.425 -0.019 0.425
0.425 -0.019 0.462
0.425 -0.019 0.499
0.425 0.018 -0.500
0.425 0.018 -0.463
0.425 0.018 -0.426
0.425 0.018 -0.389
0.425 0.018 -0.352
0.425 0.018 -0.315
0.425 0.018 -0.278
0.425 0.018 -0.241
